newsId,title,content,hasCoverPhoto,isIndex,summary,isCategoryHeadline,stock,video,payment,feature,otherProduct,source,isOutsource,keyword,is24h,publishAt,coverSrc,abTesting,categoryId,categoryName,columnists,fundCategoryAbbr,etf,fbShare,fbComment,fbCommentPluginCount,market
5740905,〈熱門股〉聚鼎9月營收報喜 股價奔漲停創28個月新高,"&lt;p&gt;保護元件廠聚鼎 (6224-TW)9 月營收報喜、前 9 月營收重返成長軌道，周五股價直奔漲停 75.9 元，創 2022 年 7 月以來 28&nbsp;個月新高，周漲 14%。&lt;/p&gt;

&lt;p&gt;聚鼎 9 月營收 3.32 億元，月增 19.3%、年增 30.6%，創歷史單月次高、同期新高；累計前 9 月營收來到 21.64 億元，年增 1.2%，由先前衰退轉為成長。&lt;/p&gt;

&lt;p&gt;據了解，聚鼎受惠元件產品出貨成長，今年以來營收表現逐步回升，加上美系客戶智慧手機新機上市，也推升公司 9 月營收大幅成長。&lt;/p&gt;

&lt;p&gt;此外，聚鼎轉投資的美國 TCLAD 產能瓶頸狀況改善、虧損已明顯收斂，集團整合效益可望逐漸發酵，有助後續獲利表現。&lt;/p&gt;

&lt;figure&gt;&lt;img data-cnyeschart=&quot;cnyeschart&quot; src=&quot;https://so.cnyes.com/mobilechart/MobileChart.aspx?markettype=twstock&amp;charttype1=kchart&amp;stockcode=6224&amp;imgwidth=580&amp;imgheight=500&amp;bgcolor=2&quot;&gt;
&lt;figcaption&gt;聚鼎日 K 線圖&lt;/figcaption&gt;
&lt;/figure&gt;

&lt;p&gt;&nbsp;&lt;/p&gt;
",1,1,〈熱門股〉聚鼎 9 月營收報喜 股價奔漲停創 28 個月新高,1,['6224'],,0,0,['TWS:6224:STOCK:COMMON'],,0,"['聚鼎', '保護元件', '營收']",1,1728710737,"{'xs': {'src': 'https://cimg.cnyes.cool/prod/news/5740905/xs/a9f5e2b6927bef5cdc61a66c97a11e8b.jpg', 'width': 100, 'height': 56}, 's': {'src': 'https://cimg.cnyes.cool/prod/news/5740905/s/a9f5e2b6927bef5cdc61a66c97a11e8b.jpg', 'width': 180, 'height': 101}, 'm': {'src': 'https://cimg.cnyes.cool/prod/news/5740905/m/a9f5e2b6927bef5cdc61a66c97a11e8b.jpg', 'width': 380, 'height': 214}, 'l': {'src': 'https://cimg.cnyes.cool/prod/news/5740905/l/a9f5e2b6927bef5cdc61a66c97a11e8b.jpg', 'width': 640, 'height': 360}, 'xl': {'src': 'https://cimg.cnyes.cool/prod/news/5740905/xl/a9f5e2b6927bef5cdc61a66c97a11e8b.jpg', 'width': 960, 'height': 540}, 'xxl': {'src': 'https://cimg.cnyes.cool/prod/news/5740905/xl/a9f5e2b6927bef5cdc61a66c97a11e8b.jpg', 'width': 960, 'height': 540}}",,827,台股新聞,,[],[],0,0,0,"[{'code': '6224', 'name': '聚鼎', 'symbol': 'TWS:6224:STOCK'}]"
5740907,企業瘦身！大摩：亞馬遜擬全球「經理級別」大裁員 明年初前裁撤1.4萬人,"&lt;p&gt;近日，根據摩根士丹利的內部報告，亞馬遜 (AMZN-US) 計劃在 2025 年初前裁除約 1.4 萬名管理層人員。&lt;/p&gt;

&lt;p&gt;這一消息引發了廣泛的關注，尤其是在亞馬遜於 9 月 16 日宣布取消遠程工作（WFH）政策後，要求所有員工自 2025 年 1 月起全職回辦公室工作。許多人對這一變化感到擔憂，認為這可能預示著公司將進行更大規模的裁員。&lt;/p&gt;

&lt;p&gt;摩根士丹利的報告指出，亞馬遜每名管理者的年成本在 20 萬至 35 萬美元之間。亞馬遜此次很可能大幅縮編全球管理職人數，從目前的 10.57 萬人、大幅減少至 9.19 萬人，因此每年可節省 21 億至 36 億美元，讓公司年營收提高 3 至 5%。&lt;/p&gt;

&lt;p&gt;摩根士丹利認為，縮編不僅是為了降低成本，更是為了應對市場環境的變化，對亞馬遜整體營運有利，藉由精簡組織架構與層級，讓公司運作能加快腳步。&lt;/p&gt;

&lt;p&gt;亞馬遜執行長賈西（Andy Jassy）在內部備忘錄中提到，將提高個人貢獻者與管理者的比例，以簡化組織結構，消除多餘的管理層級，使公司運作更為高效。這一變革不僅是對內部管理的反思，也反映了公司對未來發展方向的重新思考。&lt;/p&gt;

&lt;p&gt;然而，這一裁員計畫恐重挫員工士氣，大規模裁員的消息可能會導致剩餘員工感到不安與不確定，進而影響公司整體生產力和創新能力。&lt;/p&gt;

&lt;p&gt;此外，裁員後，亞馬遜可能會將資源重新分配至初級職位的招聘上，這將為求職者提供新的機會。市場上已有消息指出，亞馬遜計劃在 2025 年前的幾個季度內加大對初級職位的招聘力度。&lt;/p&gt;

&lt;p&gt;最終，亞馬遜的裁員計畫不僅是公司內部的一次重大調整，也可能成為行業的風向標，影響未來的招聘與用人策略。在不斷變化的科技行業中，亞馬遜的這一決策將可能引發其他公司類似的行動，進一步加劇行業內的競爭與變革。如何在降低成本的同時保持員工的士氣，將是亞馬遜未來必須面對的重要挑戰。&lt;/p&gt;
",1,1,近日，根據摩根士丹利的內部報告，亞馬遜計劃在 2025 年初前裁除約 1.4 萬名管理層人員。,1,['US-AMZN'],,0,0,['USS:AMZN:STOCK:COMMON'],,0,"['摩根士丹利', '裁員', '亞馬遜', '美股']",0,1728710386,"{'xs': {'src': 'https://cimg.cnyes.cool/prod/news/5740907/xs/6fe6af6b5789283c1eb5888d00015b36.jpg', 'width': 100, 'height': 56}, 's': {'src': 'https://cimg.cnyes.cool/prod/news/5740907/s/6fe6af6b5789283c1eb5888d00015b36.jpg', 'width': 180, 'height': 101}, 'm': {'src': 'https://cimg.cnyes.cool/prod/news/5740907/m/6fe6af6b5789283c1eb5888d00015b36.jpg', 'width': 380, 'height': 214}, 'l': {'src': 'https://cimg.cnyes.cool/prod/news/5740907/l/6fe6af6b5789283c1eb5888d00015b36.jpg', 'width': 640, 'height': 360}, 'xl': {'src': 'https://cimg.cnyes.cool/prod/news/5740907/xl/6fe6af6b5789283c1eb5888d00015b36.jpg', 'width': 960, 'height': 539}, 'xxl': {'src': 'https://cimg.cnyes.cool/prod/news/5740907/xxl/6fe6af6b5789283c1eb5888d00015b36.jpg', 'width': 1080, 'height': 607}}",,831,美股雷達,,"[{'name': '產業-消費品及服務', 'categoryAbbrId': 'C34'}, {'name': '股票-美國大型', 'categoryAbbrId': 'C65'}, {'name': '產業-科技', 'categoryAbbrId': 'C37'}]",[],0,0,0,"[{'code': 'AMZN', 'name': '亞馬遜', 'symbol': 'USS:AMZN:STOCK'}]"
5740899,馬斯克畫大餅 華爾街嚥不下！諸多質疑點 特斯拉股價重挫近9%,"&lt;p&gt;特斯拉 (TSLA-US) 萬眾矚目的 Robotaxi 終於揭開神秘面紗，執行長馬斯克 (Elon Musk) 在這場自詡能「載入史冊」的活動中，他乘坐一輛名為 Cyber​​cab 的無人駕駛計程車出場。該車型沒有方向盤和踏板，具備感應充電功能，預計在 2026 年投產，成本低於 3 萬美元。&lt;/p&gt;

&lt;figure&gt;&lt;img alt=&quot;(圖片來源：特斯拉官網)&quot; data-height=&quot;463&quot; data-mime=&quot;image/png&quot; data-ratio=&quot;1.6414686825053997&quot; data-src-m=&quot;https://cimg.cnyes.cool/prod/news/5740899/m/7403c05009ebb044d6f0adcfdce700f6.jpg&quot; data-width=&quot;760&quot; src=&quot;https://cimg.cnyes.cool/prod/news/5740899/l/7403c05009ebb044d6f0adcfdce700f6.jpg&quot;&gt;
&lt;figcaption&gt;(圖片來源：特斯拉官網)&lt;/figcaption&gt;
&lt;/figure&gt;

&lt;p&gt;此外，特斯拉還展示了一款可以容納 20 人的無人駕駛多功能車 Robovan。馬斯克還歡迎所有特斯拉車主加入共享車隊，形成龐大的服務營運網絡，這一系列創新被視為馬斯克的「交通行業革命」，然而華爾街對這一切的反應卻顯得冷淡。&lt;/p&gt;

&lt;h6&gt;Robotaxi 的市場潛力與挑戰&lt;/h6&gt;

&lt;p&gt;馬斯克在發表會上強調，Robotaxi 的使用率若能從目前的每週 10 小時提升至 100 小時，將大幅降低出行成本，預計為 0.2 美元每公里，在美國含稅與其他費用後約每公里 30-40 美分，此親民價格將使得出行更加普及。&lt;/p&gt;

&lt;p&gt;無人駕駛貨運車 Robovan 的運輸成本可以降到 5-10 美分 / 英里。馬斯克表示，未來消費者可以購買 Cyber​​cab，不僅可以滿足自身的出行需求，還能加入特斯拉 Robovan 服務網絡，讓 Cyber​​cab 為車主賺錢。&lt;/p&gt;

&lt;p&gt;然而，儘管這個商業模式看似具有吸引力，但投資者的信心卻未能跟上。發表會後，特斯拉股價在美東時間周四盤前下跌近 7%，最終重挫 8.78%，收每股 217.80 美元，創下過去兩個月的最大跌幅，年內累積下滑超過 12%，顯示出市場對其未來獲利能力的疑慮。&lt;/p&gt;

&lt;h6&gt;華爾街的質疑聲&lt;/h6&gt;

&lt;p&gt;&lt;strong&gt;1.Robotaxi 實際落地能力令人質疑，尤其是在中國市場&lt;/strong&gt;&lt;/p&gt;

&lt;p&gt;華爾街對特斯拉的自動駕駛願景表現出明顯的懷疑。儘管馬斯克稱此次發表會是自 Model 3 以來最重要的時刻，但分析師們對 Robotaxi 的實際落地能力表示擔憂。特斯拉在自動駕駛技術上的進展仍需時間來驗證，尤其是在中國市場，FSD（完全自動駕駛）尚未落地，這使得 Robotaxi 的市場影響力受到限制。&lt;/p&gt;

&lt;p&gt;即使 FSD 在中國落地，特斯拉 Robotaxi 在中國短時間內仍難以帶來威脅，畢竟 FSD 需要時間收集資料。&lt;/p&gt;

&lt;p&gt;&lt;strong&gt;2. 中國出行服務市場已有霸主滴滴與眾多新創強者盤據&lt;/strong&gt;&lt;/p&gt;

&lt;p&gt;此外，隨著中國出行服務市場的快速發展，滴滴等本土企業已在無人駕駛領域展開佈局。&lt;/p&gt;

&lt;p&gt;身為市場的領導者，滴滴出行在中國共享旅遊市場中佔有了重要地位。滴滴上半年財報顯示，2024 年上半年營收為 999.36 億元，較上年同期的 915.6 億元成長 9.15%。其中，營運利潤為 12.08 億元，淨利為 6.14 億元，而上年同期的淨虧損 9.23 億元。&lt;/p&gt;

&lt;p&gt;作為 2012 年成立的公司，滴滴在 2023 年才首次實現年度淨利為正。今年上半年淨利持續向好業務方面，滴滴 2024 年第二季度中國出行總單量為 30.04 億單，較上年同期增長 12.3%；國際業務總單量為 8.71 億單，較上年同期增長 39.1%。中國旅遊及國際業務日均單量分別達 3,300 萬單、957 萬單，持續創歷史新高。&lt;/p&gt;

&lt;p&gt;很顯然，從滴滴的業務表現可知，不管是國內還是國外的出行服務市場，仍處於快速成長狀態。&lt;/p&gt;

&lt;p&gt;除了滴滴，市場上還湧現許多新興企業，如美團、曹操出行和蘿蔔快跑等。這些企業透過創新的商業模式和技術手段，積極參與共享出行市場。尤其是蘿蔔快跑，近期在全球佈局方面取得了顯著進展，計劃推出無人駕駛計程車服務。&lt;/p&gt;

&lt;p&gt;雖然麥肯錫的報告指出，Robotaxi 市場預計在未來幾年內以超過 75% 的複合年增長率成長，到 2032 年市值可能達到 78.42 億美元，但特斯拉在這一領域的競爭並不輕鬆。&lt;/p&gt;

&lt;p&gt;&lt;strong&gt;3. 未見 Robotaxi 具體生產時間表、技術細節、監管合規資訊&lt;/strong&gt;&lt;/p&gt;

&lt;p&gt;同時，市場也對特斯拉 Robotaxi 計畫缺乏具體的生產時間表和技術細節表示不滿。馬斯克僅透露 Cyber​​Cab 將於 2026 年開始生產，未能提供更多關於商業模式和監管合規的資訊。&lt;/p&gt;

&lt;p&gt;&lt;strong&gt;4. 電動車市場競爭加劇 特斯拉未見新電動車型&nbsp;&lt;/strong&gt;&lt;/p&gt;

&lt;p&gt;分析師指出，特斯拉的股價已包含對未來成長的高期望，但缺乏新車型的發布使得投資者感到失望。雖然 Model Y 和 Model 3 依然是全球最暢銷的電動車型，但都已經發布了超過五年時間，華爾街對特斯拉的未來前景持謹慎態度，尤其是在電動車市場競爭加劇的背景下。&lt;/p&gt;

&lt;p&gt;&lt;strong&gt;5. 買得起的車才是重點：未見「面向家用市場」入門車&lt;/strong&gt;&lt;/p&gt;

&lt;p&gt;市場觀察家認為，特斯拉急需推出更現實的入門車型，以刺激銷售量。儘管馬斯克今年 7 月承諾，將繼續按計畫在明年發布新的入門車型，但此次發表會未能提供相關訊息，進一步加劇了市場的不安。投資人迫切希望看到成長放緩的特斯拉盡快發布計畫中的 2 萬美元入門車型 Model 2，為特斯拉帶來新的銷售成長推動力。&lt;/p&gt;

&lt;p&gt;CFRA 分析師 Garrett Nelson 表示：「特斯拉近期產品路線圖缺乏細節，讓我們感到失望。」&lt;/p&gt;

&lt;p&gt;在全球電動車市場降溫的情況下，特斯拉的成長潛力受到挑戰。馬斯克的自動駕駛和機器人願景雖吸引眼球，但投資人更希望看到短期內能推動銷售的實際產品。隨著市場對特斯拉未來的期待逐漸降低，華爾街對這家電動車巨頭的信心也逐漸減弱。&lt;/p&gt;

&lt;h6&gt;馬斯克別畫餅了！&lt;/h6&gt;

&lt;p&gt;儘管特斯拉的 Robotaxi 計畫展現了未來出行的潛力，華爾街的反應卻揭示了市場對馬斯克「畫餅」能力的審慎態度。投資者對特斯拉能否在激烈的市場競爭中脫穎而出、實現盈利持保留態度。未來，特斯拉需要不僅在技術上取得突破，更需在商業模式的可持續性上贏得市場信任。&lt;/p&gt;
",1,1,特斯拉 (TSLA-US) 萬眾矚目的 Robotaxi 終於揭開神秘面紗，一系列創新被視為馬斯克的「交通行業革命」，然而華爾街對這一切的反應卻顯得冷淡。,1,['US-TSLA'],,0,0,['USS:TSLA:STOCK:COMMON'],,0,"['馬斯克', '自動駕駛', 'robotaxi', 'robovan', '滴滴', 'Cyber\u200b\u200bcab']",0,1728709202,"{'xs': {'src': 'https://cimg.cnyes.cool/prod/news/5740899/xs/b64ccfc54e44803eb66c07d56daee062.jpg', 'width': 100, 'height': 56}, 's': {'src': 'https://cimg.cnyes.cool/prod/news/5740899/s/b64ccfc54e44803eb66c07d56daee062.jpg', 'width': 180, 'height': 101}, 'm': {'src': 'https://cimg.cnyes.cool/prod/news/5740899/m/b64ccfc54e44803eb66c07d56daee062.jpg', 'width': 380, 'height': 214}, 'l': {'src': 'https://cimg.cnyes.cool/prod/news/5740899/l/b64ccfc54e44803eb66c07d56daee062.jpg', 'width': 640, 'height': 360}, 'xl': {'src': 'https://cimg.cnyes.cool/prod/news/5740899/xl/b64ccfc54e44803eb66c07d56daee062.jpg', 'width': 960, 'height': 539}, 'xxl': {'src': 'https://cimg.cnyes.cool/prod/news/5740899/xxl/b64ccfc54e44803eb66c07d56daee062.jpg', 'width': 1080, 'height': 607}}",,831,美股雷達,,"[{'name': '股票-美國大型', 'categoryAbbrId': 'C65'}, {'name': '產業-科技', 'categoryAbbrId': 'C37'}]",[],0,0,0,"[{'code': 'TSLA', 'name': '特斯拉', 'symbol': 'USS:TSLA:STOCK'}]"
5740896,〈熱門股〉紘康將併入矽統 單周上漲14%創波段高,"&lt;p&gt;MCU 業者紘康 (6457-TW) 本周通過股東臨時會，與矽統 (2363-TW) 進行股份轉換，預計 2025 年元旦正式併入矽統，在未來展望看佳與合併案順利通過下，本周股價也同慶，最高一度達 72.3 元，創下 10 個月來新高，單周漲幅 14.11%。&lt;/p&gt;

&lt;p&gt;紘康董事長趙伯寅看好，併入矽統後的，可望加深與晶圓代工廠聯電 (2303-TW) 的合作關係，加上提列庫存跌價損失告段落、需求顯著回升，明年營收、毛利率將同步向上。&lt;/p&gt;

&lt;p&gt;紘康本周沿五日線上攻，周三更爆大量，最高衝上 72.3 元，週五終場則因漲多回檔，收在 66.3 元，三大法人中外資與自營商皆站買方，外資買超 235 張、自營商小買 15 張。&lt;/p&gt;

&lt;figure&gt;&lt;img data-cnyeschart=&quot;cnyeschart&quot; src=&quot;https://so.cnyes.com/mobilechart/MobileChart.aspx?markettype=twstock&amp;charttype1=kchart&amp;stockcode=6457&amp;imgwidth=580&amp;imgheight=500&amp;bgcolor=2&quot;&gt;
&lt;figcaption&gt;&nbsp;&lt;/figcaption&gt;
&lt;/figure&gt;

&lt;p&gt;&nbsp;&lt;/p&gt;
",1,1,MCU 業者紘康 (6457-TW) 本周通過股東臨時會，與矽統 (2363-TW) 進行股份轉換，預計 2025 年元旦正式併入矽統，在未來展望看佳與合併案順利通過下，本周股價也同慶，最高一度達 72.3 元，創下 10 個月來新高，單周漲,1,['6457'],,0,0,"['TWS:6457:STOCK:COMMON', 'TWS:2363:STOCK:COMMON', 'TWS:2303:STOCK:COMMON']",,0,"['紘康', '矽統', '併購', 'MCU', '電源管理IC']",1,1728708602,"{'xs': {'src': 'https://cimg.cnyes.cool/prod/news/5740896/xs/db38b71b83cb95e87d62304f11ee90fe.jpg', 'width': 100, 'height': 56}, 's': {'src': 'https://cimg.cnyes.cool/prod/news/5740896/s/db38b71b83cb95e87d62304f11ee90fe.jpg', 'width': 180, 'height': 101}, 'm': {'src': 'https://cimg.cnyes.cool/prod/news/5740896/m/db38b71b83cb95e87d62304f11ee90fe.jpg', 'width': 380, 'height': 214}, 'l': {'src': 'https://cimg.cnyes.cool/prod/news/5740896/l/db38b71b83cb95e87d62304f11ee90fe.jpg', 'width': 640, 'height': 360}, 'xl': {'src': 'https://cimg.cnyes.cool/prod/news/5740896/xl/db38b71b83cb95e87d62304f11ee90fe.jpg', 'width': 960, 'height': 539}, 'xxl': {'src': 'https://cimg.cnyes.cool/prod/news/5740896/xxl/db38b71b83cb95e87d62304f11ee90fe.jpg', 'width': 1080, 'height': 607}}",,827,台股新聞,,[],[],0,0,0,"[{'code': '6457', 'name': '紘康', 'symbol': 'TWS:6457:STOCK'}, {'code': '2363', 'name': '矽統', 'symbol': 'TWS:2363:STOCK'}, {'code': '2303', 'name': '聯電', 'symbol': 'TWS:2303:STOCK'}]"
5740882,〈熱門股〉光通訊3尖兵9月營收個個強勁 周漲幅最高逾26%,"&lt;p&gt;隨 AI 技術發展，矽光子技術能有效降低能耗，重要性日漸增加，帶動相關光通訊廠業績強勢，光聖 (6442-TW)、聯鈞 (3450-TW)9 月營收雙雙創歷史紀錄，上詮 (3363-TW) 營收也維持近期高檔，帶動本周股價表現亮眼，其中上詮周漲幅最高，達 26.4%。&lt;/p&gt;

&lt;p&gt;聯鈞 9 月營收 7.97 億元，月增 21.2%，年增 63.12%，創下歷史新高；第三季營收約&nbsp;20.9 億元，季增約 23%、年增約 49.2%；累計前 9 月營收 50.91 億元，年增 28.53%。&lt;/p&gt;

&lt;p&gt;聯鈞本周漲幅 8.9%，股價最高來到 210.5 元，創歷史新高，11 日收盤價 207.5 元。聯鈞表示，受惠於客戶需求暢旺，挹注 9 月營收成長，旗下主動式光纜 (AOC) 產品，已獲美系雲端平台青睞，可望成公司成長動力。&lt;/p&gt;

&lt;p&gt;光聖 9 月營收 5.61 億元，創歷史次高，月增 5.3%，年增 179%；第三季營收 16.4 億元，創歷史新高，季增 13.8%，年增 146%；累計前 9 個月營收，營收 39.09 億元，年增 95.71%。&lt;/p&gt;

&lt;p&gt;光聖本周漲幅 17.04%，11 日收盤價為 422.5 元，成功站上所有均線。光聖受惠於光主動元件獲美系資料中心客戶青睞，被動產品自製比率提升至 7 成；轉投資公司合聖也開發出矽光子晶片所需製程設計套件，未來有望切入 AI GPU 系統、數據中心次世代 CPO 交換機、全光網路等領域。&lt;/p&gt;

&lt;p&gt;上詮 9 月營收 1.22 億元，月減 3.3%、年增 24.58%；第 3 季營收 3.83 億元，登上八季來高點，季增 8.5%，年增 16.8%；累計前 9 個月達 10.04 億元，較去年同期成長 7.4%。&lt;/p&gt;

&lt;p&gt;上詮本周漲幅達 26.4%，11 日收盤價為 246 元，股價來到歷史高點。上詮主力為光纖和矽光子晶片連接器，且為台積電 (2330-TW) 檯面上唯一光通訊夥伴，將跟隨台積電腳步推矽光子進度，產品預計於 2026 年放量。&lt;/p&gt;
",1,1,隨 AI 技術發展，矽光子技術能有效降低能耗，重要性日漸增加，帶動相關光通訊廠業績強勢，光聖 (6442-TW)、聯鈞 (3450-TW)9 月營收雙雙創歷史紀錄，上詮 (3363-TW) 營收也維持近期高檔，帶動本周股價表現亮眼,1,[],,0,0,"['TWS:6442:STOCK:COMMON', 'TWS:3450:STOCK:COMMON', 'TWS:3363:STOCK:COMMON', 'TWS:2330:STOCK:COMMON']",,0,"['光聖', '聯鈞', '上詮', '矽光子', 'CPO', '營收']",1,1728707412,"{'xs': {'src': 'https://cimg.cnyes.cool/prod/news/5740882/xs/b2b7bbc39cd9946e1fe122b343fa4751.jpg', 'width': 100, 'height': 56}, 's': {'src': 'https://cimg.cnyes.cool/prod/news/5740882/s/b2b7bbc39cd9946e1fe122b343fa4751.jpg', 'width': 180, 'height': 101}, 'm': {'src': 'https://cimg.cnyes.cool/prod/news/5740882/m/b2b7bbc39cd9946e1fe122b343fa4751.jpg', 'width': 380, 'height': 214}, 'l': {'src': 'https://cimg.cnyes.cool/prod/news/5740882/l/b2b7bbc39cd9946e1fe122b343fa4751.jpg', 'width': 640, 'height': 360}, 'xl': {'src': 'https://cimg.cnyes.cool/prod/news/5740882/xl/b2b7bbc39cd9946e1fe122b343fa4751.jpg', 'width': 960, 'height': 540}, 'xxl': {'src': 'https://cimg.cnyes.cool/prod/news/5740882/xxl/b2b7bbc39cd9946e1fe122b343fa4751.jpg', 'width': 1080, 'height': 608}}",,827,台股新聞,,[],[],0,0,0,"[{'code': '6442', 'name': '光聖', 'symbol': 'TWS:6442:STOCK'}, {'code': '3450', 'name': '聯鈞', 'symbol': 'TWS:3450:STOCK'}, {'code': '3363', 'name': '上詮', 'symbol': 'TWS:3363:STOCK'}, {'code': '2330', 'name': '台積電', 'symbol': 'TWS:2330:STOCK'}]"
5740878,跟著巴菲特搭順風船！法人：航運股彎道超車 00960具價值回升空間,"&lt;p&gt;近期市場消息指出，股神巴菲特的投資公司波克夏公司將發行一系列日元債券，籌得買進日本股票的資金，且鎖定標的包括航運類股。巴菲特常用資產報酬率 (ROA)、股東權益報酬率 (ROE) 來選股，全球航運龍頭指數則擁有與美股相近的 ROE、甚至是美股 2 倍以上水準的 ROA，可見航運股更富吸引力，未來具有較多價值回升空間。&lt;/p&gt;

&lt;p&gt;野村投信表示，目前全球航運股在評價面上相當具有吸引力，例如 NYSE FactSet 全球航運龍頭息收指數預估本益比 (P/E) 僅 4.97 倍，相較於美國 S&amp;P 500 指數的 20.92 倍差距甚大，而就股價淨值比來說，全球航運龍頭指數亦只有 0.85 倍，遠低於美股 S&amp;P 500 指數的 4.36 倍。&lt;/p&gt;

&lt;p&gt;若觀察巴菲特常用的評估指標如資產報酬率 (ROA)、股東權益報酬率 (ROE) 來看，全球航運龍頭指數則擁有與美股相近的 ROE、甚至是美股 2 倍以上水準的 ROA，意謂著評價面更低廉但報酬潛力更加領先，未來可望具有較多價值回升空間。巴菲特是價值型投資人，相較於不斷創新高的美股更青睞尋找有基本面、且未來具價值回升機會的投資標的，才能在瞬息萬變的投資世界中蓬勃發展。&lt;/p&gt;

&lt;p&gt;00960 野村全球航運龍頭息收 ETF 經理人張怡琳分析表示，航運股與全球經濟與貿易成長具高度連動性，因此只要經濟與貿易活動穩健向上，全球航運股長期向上可期，全球貿易逾九成靠海運，加上貨櫃裝載民生物資屬剛性需求，與景氣連動度高。&lt;/p&gt;

&lt;p&gt;根據統計，在盤勢拉回期間如持有航運一年以上平均的表現，可望報酬表現更為亮眼，加上 NYSE FactSet 全球航運龍頭息收指數，目前本益比不到 5 倍，股價淨值比低於一的優勢，航運後市值得期待。即便國際碼頭工人協會 10/3 達成協議，暫停為期 3 天的罷工，航運股運價拉回修正，然而只要全球經濟與貿易活動穩健向上，全球航運股長期表現便可期，中長線投資人反而可趁機進場。&lt;/p&gt;

&lt;p&gt;張怡琳也提醒投資人，航運屬於單一產業股票且近期消息面變化快速，波動性將高於一般全球型股票，因此想跟著巴菲特一起參與全球航運大行情，最簡單的做法就是透過如國內首檔航運 ETF，00960 一次網羅全球三大航運類別貨櫃、油輪及散裝龍頭企業。&lt;/p&gt;

&lt;p&gt;00960 自 9 月 20 日上市以來，股價最高衝至 9 月 25 日的 19.09 元，最新收盤價為 10 月 11 日的 15.09 元。根據集保所資料，目前資產規模為 34.86 億元，受益人為 2.61 萬人，成交值高達 60.1 億元。&lt;/p&gt;
",1,1,近期市場消息指出，股神巴菲特的投資公司波克夏公司將發行一系列日元債券，籌得買進日本股票的資金，且鎖定標的包括航運類股。巴菲特常用資產報酬率 (ROA)、股東權益報酬率 (ROE) 來選股，全球航運龍頭指數則有與美股相近的 ROE,1,[],,0,0,"['GI:INX:INDEX:COMMON', 'FX:JPYUSD:FOREX:COMMON']",,0,"['航運股', '全球航運龍頭息收指數', '00960', '野村投信']",1,1728706203,"{'xs': {'src': 'https://cimg.cnyes.cool/prod/news/5740878/xs/3b04d1f2ecd0c8330fd9bd9c519b30f9.jpg', 'width': 100, 'height': 56}, 's': {'src': 'https://cimg.cnyes.cool/prod/news/5740878/s/3b04d1f2ecd0c8330fd9bd9c519b30f9.jpg', 'width': 180, 'height': 101}, 'm': {'src': 'https://cimg.cnyes.cool/prod/news/5740878/m/3b04d1f2ecd0c8330fd9bd9c519b30f9.jpg', 'width': 380, 'height': 214}, 'l': {'src': 'https://cimg.cnyes.cool/prod/news/5740878/l/3b04d1f2ecd0c8330fd9bd9c519b30f9.jpg', 'width': 640, 'height': 360}, 'xl': {'src': 'https://cimg.cnyes.cool/prod/news/5740878/xl/3b04d1f2ecd0c8330fd9bd9c519b30f9.jpg', 'width': 960, 'height': 540}, 'xxl': {'src': 'https://cimg.cnyes.cool/prod/news/5740878/xl/3b04d1f2ecd0c8330fd9bd9c519b30f9.jpg', 'width': 960, 'height': 540}}",,914,ETF,,[],[],0,0,0,
5740900,中國六大行官宣：進行存量房貸利率批量調整,"&lt;p&gt;中國工商銀行、農業銀行、中國銀行、建設銀行、交通銀行、郵政儲蓄銀行等多家銀行陸續發佈公告，10 月 25 日起，將對存量個人房貸利率進行批量調整。&lt;/p&gt;

&lt;p&gt;除貸款在北京、上海、深圳等地區且為二套房貸款的情形外，其他符合條件的房貸利率都將調整為貸款市場報價利率 LPR-30BP。&lt;/p&gt;

&lt;p&gt;據官媒《央視新聞》媒體試算，在 5 年期以上貸款市場報價利率 LPR 保持 3.85% 不變的前提下：&lt;/p&gt;

&lt;p&gt;假設在某二線城市，購房者當前房貸利率為貸款市場報價利率 LPR 不加點，即 3.85%，調整後房貸利率為 LPR-30BP，重定價後利率為 3.85%-0.3%，即 3.55%，比調整前下降了 0.3%。以貸款金額 100 萬元、30 年期、等額本息的房貸為例，調整後每月可節省支出約 170 元，總共節省利息約 6.1 萬元。&lt;/p&gt;

&lt;p&gt;假設在某一線城市，購房者當前房貸利率為貸款市場報價利率 LPR+55BP(貸款發放時首套房貸利率政策)，即 4.4%，調整後房貸利率為 LPR-30BP，重定價後利率為 3.85%-0.3%，即 3.55%，比調整前下降 0.85%。以貸款金額 100 萬元、25 年期、等額本息的房貸為例，調整後每月可節省支出約 469 元，總共節省利息約 14.06 萬元。&lt;/p&gt;

&lt;p&gt;據統計，此次存量房貸利率下調預計惠及 5000 萬戶家庭，1.5 億人口，平均每年減少家庭利息支出 1500 億元左右。&lt;/p&gt;
",1,1,中國工商銀行、農業銀行、中國銀行、建設銀行、交通銀行、郵政儲蓄銀行等多家銀行陸續發佈公告，10 月 25 日起，將對存量個人房貸利率進行批量調整。,1,[],,0,0,[],,0,"['中國房產', '樓市', '房地產', '存量房貸', '房貸利率']",0,1728705002,"{'xs': {'src': 'https://cimg.cnyes.cool/prod/news/5740900/xs/5c4c76313e68f4e29c9fe979c41a74a5.jpg', 'width': 100, 'height': 56}, 's': {'src': 'https://cimg.cnyes.cool/prod/news/5740900/s/5c4c76313e68f4e29c9fe979c41a74a5.jpg', 'width': 180, 'height': 101}, 'm': {'src': 'https://cimg.cnyes.cool/prod/news/5740900/m/5c4c76313e68f4e29c9fe979c41a74a5.jpg', 'width': 380, 'height': 214}, 'l': {'src': 'https://cimg.cnyes.cool/prod/news/5740900/l/5c4c76313e68f4e29c9fe979c41a74a5.jpg', 'width': 640, 'height': 360}, 'xl': {'src': 'https://cimg.cnyes.cool/prod/news/5740900/xl/5c4c76313e68f4e29c9fe979c41a74a5.jpg', 'width': 960, 'height': 539}, 'xxl': {'src': 'https://cimg.cnyes.cool/prod/news/5740900/xxl/5c4c76313e68f4e29c9fe979c41a74a5.jpg', 'width': 1080, 'height': 607}}",,848,大陸房市,,[],[],0,0,0,
5740865,法國信評遭惠譽砍至負面 2028年債務GDP占比恐達118.5%,"&lt;p&gt;信用評等機構惠譽周五 (11 日) 已將法國的信用評級展望自「穩定」調整為負面，反映該國在經濟增長和公共財政方面面臨的挑戰。&lt;/p&gt;

&lt;p&gt;惠譽指出，由於稅收收入低於預期而支出超出預期，法國今年的公共財政又急劇惡化，公共債務水準持續上升，預計未來幾年內將難以顯著降低。此外，經濟增長放緩，以及高通膨率對家庭支出的影響，恐進一步限制政府的財政靈活性。&lt;/p&gt;

&lt;p&gt;惠譽在一份聲明中表示，「法國今年預計財政下滑，使其處於更糟的財政起始位置。這意味著法國的財政赤字將擴大，導致政府債務在 2028 年前將上升到佔 GDP 的 118.5%。」儘管如此，惠譽仍將法國的信用評級保持在「AA-」。&lt;/p&gt;

&lt;p&gt;惠譽強調，法國政府需要採取更有效的政策來應對這些挑戰，以維持其投資級信用評級。惠譽分析師表示，若未來的經濟表現未能改善，將可能進一步下調法國的信用評級。&lt;/p&gt;

&lt;p&gt;法國周四提出 2025 年預算，旨在透過針對富人和大公司的支出削減和增稅，將公共財政缺口縮小 600 億歐元（655 億美元）。&lt;/p&gt;

&lt;p&gt;&lt;span style=&quot;letter-spacing:0.7px&quot;&gt;惠譽的評級調整引發了市場的廣泛關注，投資者對法國國債的需求可能會受到影響，進一步影響該國的融資成本。&lt;/span&gt;&lt;/p&gt;

&lt;p&gt;法國政府尚未對此消息發表正式回應，但分析人士認為，這一評級前景可能會促使政府加快財政改革的步伐。&lt;/p&gt;
",1,1,信用評等機構惠譽周五 (11 日) 已將法國的信用評級展望自「穩定」調整為負面，反映該國在經濟增長和公共財政方面面臨的挑戰。,1,[],,0,0,['FX:EURUSD:FOREX:COMMON'],,0,"['法國', '惠譽', '債信']",0,1728704029,"{'xs': {'src': 'https://cimg.cnyes.cool/prod/news/5740865/xs/57f5c42fc5705214c2f9f304d8668885.jpg', 'width': 100, 'height': 56}, 's': {'src': 'https://cimg.cnyes.cool/prod/news/5740865/s/57f5c42fc5705214c2f9f304d8668885.jpg', 'width': 180, 'height': 101}, 'm': {'src': 'https://cimg.cnyes.cool/prod/news/5740865/m/57f5c42fc5705214c2f9f304d8668885.jpg', 'width': 380, 'height': 214}, 'l': {'src': 'https://cimg.cnyes.cool/prod/news/5740865/l/57f5c42fc5705214c2f9f304d8668885.jpg', 'width': 640, 'height': 360}, 'xl': {'src': 'https://cimg.cnyes.cool/prod/news/5740865/xl/57f5c42fc5705214c2f9f304d8668885.jpg', 'width': 960, 'height': 539}, 'xxl': {'src': 'https://cimg.cnyes.cool/prod/news/5740865/xxl/57f5c42fc5705214c2f9f304d8668885.jpg', 'width': 1080, 'height': 607}}",,833,國際政經,,"[{'name': '股票-歐洲大型', 'categoryAbbrId': 'C61'}]",[],0,0,0,
5740897,中國財政部：將大規模置換地方隱性債 2024年安排財政赤字4.06兆元,"&lt;p&gt;中國國務院新聞辦公室今日舉行新聞發布會，介紹「加大財政政策逆周期調節力度、推動經濟高質量發展」有關情況。財政部部長藍佛安在會上表示，中央財政還有較大的舉債空間和赤字提升空間。&lt;/p&gt;

&lt;p&gt;中國財政部副部長廖岷、財政部副部長王東偉、財政部副部長郭婷婷也出席記者會回答問題。&lt;/p&gt;

&lt;p&gt;財政部指出，目前，增發國債正在加快使用，超長期特別國債也在陸續下達使用。專項債券方面，待發額度加上已發未用的資金，後三個月各地共有人民幣 2.3 兆元專項債券資金可安排使用。財政部將督促地方切實用好各類債券資金，加快項目實施進度，根據實際需要及時撥付資金，儘快形成實物工作量，發揮對投資的拉動作用。&lt;/p&gt;

&lt;p&gt;藍佛安強調，這項即將實施的政策是近年來推出的&lt;em&gt;支持化債力度最大的一項措施&lt;/em&gt;，這無疑是一場政策及時雨，將大大減輕地方化債壓力，可以騰出更多資源發展經濟，提振經營主體信心，鞏固基層「三保」。&lt;/p&gt;

&lt;p&gt;藍佛安表示，2024 年安排財政赤字 4.06 兆元，比上年年初預算增加 1800 億元；新增地方政府專項債務限額 3.9 兆元，比上年增加 1000 億元；發行 1 兆超長期特別國債，用好 2023 年增發國債資金，全年一般公共預算支出規模達到 28.55 兆元，持續保持較高的支出強度，為高質量發展提供有力支撐。&lt;/p&gt;

&lt;h6&gt;要點速覧&lt;/h6&gt;

&lt;ul&gt;
&lt;li&gt;1. 中國財政有足夠的韌勁，通過採取綜合性措施，可以實現收支平衡，完成今年預算目標。&lt;/li&gt;
&lt;li&gt;2. 推出一攬子增量政策：①支持地方化解隱性債務；②支持國有大型商業銀行補充核心一級資本；③支持推動房地產市場止跌回穩；④加大對重點群體的支持保障力度等。&lt;/li&gt;
&lt;li&gt;3. 在工作中既要依法依規籌集財政收入，也要避免收 &ldquo;過頭稅&rdquo;，切實維護經營主體的權益。&lt;/li&gt;
&lt;li&gt;4. 2024 年中央財政安排對地方轉移支付超 10 萬億元，將更多資金用於補充地方財力，支持地方兜牢基層 &ldquo;三保&rdquo; 底線。&lt;/li&gt;
&lt;li&gt;5. 指導地方使用預算穩定調節基金等資金，保障財政支出的需要。&lt;/li&gt;
&lt;li&gt;6. 擬一次性增加較大規模債務限額，置換地方政府存量隱性債務，加大力度支持地方化解債務風險。&lt;/li&gt;
&lt;li&gt;7. 鼓勵有條件的地方盤活閒置資產，加強國有資本收益管理。&lt;/li&gt;
&lt;li&gt;8. 用足用好各類債務資金，目前增發國債正在加快使用，超長期特別國債陸續下達使用，後三個月，各地共有 2.3 萬億元專項債資金可以安排使用。&lt;/li&gt;
&lt;li&gt;9. 擬一次性增加較大規模債務限額，置換地方政府存量隱性債務。&lt;/li&gt;
&lt;li&gt;10. 正在抓緊研究明確和取消普通住宅和非普通住宅標準相銜接的增值稅政策。&lt;/li&gt;
&lt;li&gt;11. 2024 年進一步提高了城鄉居民基礎養老金最低標準，是歷次提標調整幅度最大，退休人員養老金水平總體提高 3% 左右。&lt;/li&gt;
&lt;li&gt;12. 下一步專項債重點是研究擴大專項債使用範圍，健全管理機制。&lt;/li&gt;
&lt;li&gt;13. 2024 年國家獎學金獎勵名額將翻倍。&lt;/li&gt;
&lt;li&gt;14. 擬在今明兩年集中推出一批條件成熟、可感可及的改革舉措，如健全預算制度、完善財政轉移支付體系等。&lt;/li&gt;
&lt;/ul&gt;

&lt;h6&gt;陸續推出一攬子有針對性增量政策舉措&lt;/h6&gt;

&lt;p&gt;藍佛安表示，依據 9 月 26 日召開的中央政治局會議部署，財政部在加快落實已確定政策的基礎上，圍繞穩增長、擴內需、化風險，將在近期陸續推出一攬子有針對性增量政策舉措。主要包括以下幾個方面：&lt;/p&gt;

&lt;p&gt;一是加力支持地方化解政府債務風險，較大規模增加債務額度，支持地方化解隱性債務，地方可以騰出更多精力和財力空間來促發展、保民生。&lt;/p&gt;

&lt;p&gt;二是發行特別國債支持國有大型商業銀行補充核心一級資本，提升這些銀行抵御風險和信貸投放能力，更好地服務實體經濟發展。&lt;/p&gt;

&lt;p&gt;三是疊加運用地方政府專項債券、專項資金、稅收政策等工具，支持推動房地產市場止跌回穩。&lt;/p&gt;

&lt;p&gt;四是加大對重點群體的支持保障力度，國慶節前已向困難群眾發放一次性生活補助，下一步還將針對學生群體加大獎優助困力度，提升整體消費能力。&lt;/p&gt;

&lt;p&gt;藍佛安說：「逆周期調節絕不僅僅是以上的四點，這四點是目前已經進入決策程序的政策，還有其他政策工具也正在研究中。」&lt;/p&gt;

&lt;h6&gt;加大力度支持地方化解債務風險&lt;/h6&gt;

&lt;p&gt;藍佛安表示，擬一次性增加較大規模債務限額，置換地方政府存量隱性債務，加大力度支持地方化解債務風險，相關政策待履行相關法定程序後再向社會做詳盡說明，這項政策是近年來推出的支持化債力度最大措施，這是一場及時雨，將大大減輕地方政府壓力，可以騰出更多資源支持經濟發展，鞏固基層「三保」。&lt;/p&gt;

&lt;p&gt;藍佛安指出，「三保」（保基層、保基本民生、保工資）工作是財政最基本的職能。總的看，當前基層「三保」呈現總體平穩，局部偏緊態勢。以 2023 年為例，基本「三保」支出約占可用財政的八成左右。局部地區「三保」偏緊主要是財政收入增長放緩，以及地方政府債務負擔等影響。&lt;/p&gt;

&lt;p&gt;下一步，財政部將採取 5 項措施。一是壓實各方責任。二是增強地方財力。結合年度預算安排，持續加大中央對地方轉移支付力度。向地方下達 4000 億的債務欠款，用於補充地方綜合財力。三是強化庫款調度，持續跟蹤地方收支運行和庫款保障情況。四是緩解債務壓力，更大力度置換地方政府債務。五是加強動態監測。&lt;/p&gt;

&lt;h6&gt;推動房地產市場止跌回穩&lt;/h6&gt;

&lt;p&gt;財政部副部長廖岷介紹，財政部主要有以下三個方面的考慮：&lt;/p&gt;

&lt;p&gt;第一，允許專項債券用於土地儲備。主要是考慮到當前各地閒置未開發的土地相對較多，支持地方政府使用專項債券回收符合條件的閒置存量土地，確有需要的地區也可以用於新增的土地儲備項目。這項政策，既可以調節土地市場的供需關係，減少閒置土地，增強對土地供給的調控能力，又有利於緩解地方政府和房地產企業的流動性和債務壓力。&lt;/p&gt;

&lt;p&gt;第二，支持收購存量房，優化保障性住房供給。考慮到當前已建待售的住房相對較多，我們主要採取兩項支持措施：一項是，用好專項債券來收購存量商品房用作各地的保障性住房。另一項是，繼續用好保障性安居工程補助資金，原來這個資金主要是用來支持以新建方式籌集保障性住房的房源，現在我們對支持的方向作出優化調整，適當減少新建規模，支持地方更多通過消化存量房的方式來籌集保障性住房的房源。通過這兩項措施，既可以消化存量商品房，促進房地產市場的供需平衡，又可以優化保障房的供給，滿足廣大中低收入人群的住房需求。&lt;/p&gt;

&lt;p&gt;第三，及時優化完善相關稅收政策。按照黨中央決策部署，我們正在抓緊研究明確與取消普通住宅和非普通住宅標準相銜接的增值稅、土地增值稅政策。下一步，還將進一步研究加大支持力度，調整優化相關稅收政策，促進房地產市場平穩健康發展。促進房地產穩定發展是一項系統工程，需要各項政策協同發力。在政策執行中，將持續加強財政政策與其他政策的協調，加強中央與地方的聯動，加強新老政策的銜接，打好組合拳，堅定不移推動房地產市場止跌回穩。&lt;/p&gt;
",1,1,中國國務院新聞辦公室今日舉行新聞發布會，介紹「加大財政政策逆周期調節力度、推動經濟高質量發展」有關情況。財政部部長藍佛安在會上表示，中央財政還有較大的舉債空間和赤字提升空間。,1,[],,0,0,['FX:CNYUSD:FOREX:COMMON'],,0,"['中國股市', '救市', '財政部', '增量', '刺激計畫', '舉債空間', '擴大債務', '近年最大力度']",1,1728702682,"{'xs': {'src': 'https://cimg.cnyes.cool/prod/news/5740897/xs/8ad7a904604fa3aae0b9e50f17e55bdb.jpg', 'width': 100, 'height': 56}, 's': {'src': 'https://cimg.cnyes.cool/prod/news/5740897/s/8ad7a904604fa3aae0b9e50f17e55bdb.jpg', 'width': 180, 'height': 101}, 'm': {'src': 'https://cimg.cnyes.cool/prod/news/5740897/m/8ad7a904604fa3aae0b9e50f17e55bdb.jpg', 'width': 380, 'height': 214}, 'l': {'src': 'https://cimg.cnyes.cool/prod/news/5740897/l/8ad7a904604fa3aae0b9e50f17e55bdb.jpg', 'width': 640, 'height': 360}, 'xl': {'src': 'https://cimg.cnyes.cool/prod/news/5740897/xl/8ad7a904604fa3aae0b9e50f17e55bdb.jpg', 'width': 960, 'height': 540}, 'xxl': {'src': 'https://cimg.cnyes.cool/prod/news/5740897/xxl/8ad7a904604fa3aae0b9e50f17e55bdb.jpg', 'width': 1080, 'height': 608}}",,837,大陸政經,,[],[],0,0,0,
5740851,〈熱門股〉志聖半導體設備出貨增 獲外資買盤推升股價周漲16%,"&lt;p&gt;半導體的先進封裝製程的需求持續漲之中，也將帶動相關設備廠業績走強，設備廠志聖 (2467-TW) 本周股價上漲 34 元或 15.96%，收在 247 元，並站上所有均線，主要在外資買盤的強力加碼達 4330 張。&lt;/p&gt;

&lt;p&gt;志聖是台積電 (2330-TW) 的供應鏈之一，並且早已切入 CoWoS、SoIC 供應鏈，志聖自結 2024 年第第三季營收 10.92 億元，季減 21.92%，年增 16.44%，主要是因裝機驗收時程影響。法人預期，志聖第四季營收有望季增雙位數百分比，2024 年下半年估持平上半年，全年營收、獲利雙位數成長可期。&lt;/p&gt;

&lt;p&gt;志聖本周股價上漲 34 元或 15.96%，收在 247 元，並站上所有均線，主要在外資買盤的強力加碼達 4330 張，如量能持續增溫，將有助於再度挑戰前高點的 263 元。&lt;/p&gt;

&lt;figure&gt;&lt;img data-cnyeschart=&quot;cnyeschart&quot; src=&quot;https://so.cnyes.com/mobilechart/MobileChart.aspx?markettype=twstock&amp;charttype1=kchart&amp;stockcode=2467&amp;imgwidth=580&amp;imgheight=500&amp;bgcolor=2&quot;&gt;
&lt;figcaption&gt;志聖日 K 線圖&lt;/figcaption&gt;
&lt;/figure&gt;

&lt;p&gt;&nbsp;&lt;/p&gt;
",1,1,半導體的先進封裝製程的需求持續漲之中，也將帶動相關設備廠業績走強，設備廠志聖 (2467-TW) 本周股價上漲 34 元或 15.96%，收在 247 元，並站上所有均線，主要在外資買盤的強力加碼達 4330 張。,1,"['2467', '2330']",,0,0,"['TWS:2467:STOCK:COMMON', 'TWS:2330:STOCK:COMMON']",,0,"['志聖', '台積電', '半導體', '營收']",1,1728702607,"{'xs': {'src': 'https://cimg.cnyes.cool/prod/news/5740851/xs/41828677fec78723018e89c6c67d7ecf.jpg', 'width': 100, 'height': 56}, 's': {'src': 'https://cimg.cnyes.cool/prod/news/5740851/s/41828677fec78723018e89c6c67d7ecf.jpg', 'width': 180, 'height': 101}, 'm': {'src': 'https://cimg.cnyes.cool/prod/news/5740851/m/41828677fec78723018e89c6c67d7ecf.jpg', 'width': 380, 'height': 214}, 'l': {'src': 'https://cimg.cnyes.cool/prod/news/5740851/l/41828677fec78723018e89c6c67d7ecf.jpg', 'width': 640, 'height': 360}, 'xl': {'src': 'https://cimg.cnyes.cool/prod/news/5740851/xl/41828677fec78723018e89c6c67d7ecf.jpg', 'width': 960, 'height': 540}, 'xxl': {'src': 'https://cimg.cnyes.cool/prod/news/5740851/xxl/41828677fec78723018e89c6c67d7ecf.jpg', 'width': 1080, 'height': 608}}",,827,台股新聞,,[],[],0,0,0,"[{'code': '2467', 'name': '志聖', 'symbol': 'TWS:2467:STOCK'}, {'code': '2330', 'name': '台積電', 'symbol': 'TWS:2330:STOCK'}]"
5740845,鴻海科技日登場、新光金股臨會、央行打炒房鬆綁 本周大事回顧,"&lt;p&gt;鴻海科技日周二 (8 日) 登場，董事長劉揚偉指出，AI 對企業具有商業價值，鴻海及供應鏈都準備好了，將成首個量產出貨 GB200 的公司；新光金周三 (9 日) 召開股臨會，72% 贊成新新併；央行周三宣布提供三大協處措施，放寬限制，以下為本周大事&nbsp;&lt;/p&gt;

&lt;h6&gt;〈鴻海科技日〉劉揚偉：量產出貨 GB200 搶頭香 供應鏈也準備好了&nbsp;&lt;/h6&gt;

&lt;p&gt;鴻海科技日 HHTD24 周二 (8 日) 登場，鴻海 (&lt;a href=&quot;https://www.cnyes.com/twstock/2317&quot; rel=&quot;noreferrer noopener&quot; target=&quot;_blank&quot;&gt;2317-TW&lt;/a&gt;) 董事長劉揚偉開場致詞時表示，人工智慧 (AI) 對企業來說具有商業價值，看起來需求非常令人振奮，而鴻海及供應鏈已準備好了，將成為首個量產出貨 GB200 的公司。&nbsp;&lt;/p&gt;

&lt;p&gt;劉揚偉也透露，目前正在墨西哥打造全球最大的 GB200 工廠，產能非常「巨大」。同時，他認為，隨著「主權 AI」概念興起，伺服器製造在地化將成為未來趨勢。&nbsp;&lt;/p&gt;

&lt;p&gt;此外，也正式發表 MODEL D 新世代多功能生活休旅車，以及 MODEL U 新型態電動中型巴士，同時正式揭露為美國合作夥伴打造的北美版 MODEL C，並預告 2025 年底正式量產推出。&nbsp;&lt;/p&gt;

&lt;h6&gt;〈新光金股臨會〉72% 贊成新新併 魏寶生：創造金融業歷史&nbsp;&lt;/h6&gt;

&lt;p&gt;新光金 (&lt;a href=&quot;https://www.cnyes.com/twstock/2888&quot; rel=&quot;noreferrer noopener&quot; target=&quot;_blank&quot;&gt;2888-TW&lt;/a&gt;) 周三 (9 日) 臨時股東會歷時 3 個半小時，會中股東盡情發言，普通股股東出席比率高達 85.63%，最終表決，贊成比率達 72.29%，董事長魏寶生宣布與台新金的合併案通過。魏寶生表示，此合併案創造了金融業歷史，將會盡快送件與主管機關溝通。&nbsp;&lt;/p&gt;

&lt;p&gt;魏寶生也透露，外資股東相當肯定此案，支持度「幾乎全壘打」，並強調股臨會後就是溝通的開始，爭取員工全數留任，各子公司都會深入了解；至於送件金管會時程，魏寶生說，因為主管機關最為重視員工權益，還需要時間溝通交流，「盡量趕在 10 月底前送件吧」。&nbsp;&lt;/p&gt;

&lt;h6&gt;〈台新金股臨會〉92% 贊成併購新光金 小股東贈禮盼吳東亮「10 萬伏特電力」&nbsp;&lt;/h6&gt;

&lt;p&gt;台新金 (&lt;a href=&quot;https://www.cnyes.com/twstock/2887&quot; rel=&quot;noreferrer noopener&quot; target=&quot;_blank&quot;&gt;2887-TW&lt;/a&gt;) 股東臨時會周三 (9) 日上午登場，討論與新光金 (&lt;a href=&quot;https://www.cnyes.com/twstock/2888&quot; rel=&quot;noreferrer noopener&quot; target=&quot;_blank&quot;&gt;2888-TW&lt;/a&gt;) 合併案，普通股出席率達到 78.52%，較以往股東會踴躍，最終表決，贊成權數達 92.72%，超過法定規定，通過合併案。值得注意的是，首位登記發言的股東，贈送一隻「皮卡丘」給董事長吳東亮，希望他也能擁有 10 萬伏特的電力。&nbsp;&lt;/p&gt;

&lt;h6&gt;央行打炒房的配套放寬措施來了 這三類人可免波及&nbsp;&lt;/h6&gt;

&lt;p&gt;中央銀行日前祭出第七波打炒房措施，被市場解讀為史上出手最重，並將嚴重衝擊房市信心，波及無辜民眾，央行周三 (9 日) 宣布提供三大協處措施，排除對繼承房屋者、實質換屋族的限制，且申辦新青安的首購族也不受此影響。&nbsp;&lt;/p&gt;

&lt;h6&gt;〈房產〉央行打炒房鬆綁 房仲：繼承取得購屋者解套 但換屋族還要看銀行態度&nbsp;&lt;/h6&gt;

&lt;p&gt;台灣央行周三 (9 日) 提出避免錯殺條款，針對繼承取得不動產想要購屋的民眾，可以不計入繼承取得的房屋數與房貸數戶，有利於繼承一族的購屋申貸，另外，針對換屋族群可以用切結出售舊屋方式，取得較好的房貸條件，信義房屋 (&lt;a href=&quot;https://www.cnyes.com/twstock/9940&quot; rel=&quot;noreferrer noopener&quot; target=&quot;_blank&quot;&gt;9940-TW&lt;/a&gt;) 不動產企研室專案經理曾敬德表示，央行避開可能會錯殺到的族群，但整體而言房貸的水龍頭還是沒有打開。&nbsp;&lt;/p&gt;

&lt;h6&gt;台積電 9 月營收創次高 Q3 營收 7596 億元飛越財測寫新高&nbsp;&lt;/h6&gt;

&lt;p&gt;晶圓代工大廠台積電 (&lt;a href=&quot;https://www.cnyes.com/twstock/2330&quot; rel=&quot;noreferrer noopener&quot; target=&quot;_blank&quot;&gt;2330-TW&lt;/a&gt;)(&lt;a href=&quot;https://invest.cnyes.com/usstock/detail/TSM&quot; rel=&quot;noreferrer noopener&quot; target=&quot;_blank&quot;&gt;TSM-US&lt;/a&gt;) 周三 (9 日) 公布 9 月營收為&lt;a href=&quot;https://invest.cnyes.com/forex/detail/usdtwd&quot; rel=&quot;noreferrer noopener&quot; target=&quot;_blank&quot;&gt;新台幣&lt;/a&gt;&nbsp;2518 億 7300 萬元，改寫歷史單月次高，月增&nbsp;0.4%，年增&nbsp;39.6%，第三季營收為&lt;a href=&quot;https://invest.cnyes.com/forex/detail/usdtwd&quot; rel=&quot;noreferrer noopener&quot; target=&quot;_blank&quot;&gt;新台幣&lt;/a&gt;&nbsp;7596 億 9243 萬元，創下單季新高，也超越財測高標 7540 億元，季增 12.8%，年增 39%，累計前三季營收為&lt;a href=&quot;https://invest.cnyes.com/forex/detail/usdtwd&quot; rel=&quot;noreferrer noopener&quot; target=&quot;_blank&quot;&gt;新台幣&lt;/a&gt;&nbsp;2 兆 258 億 4700 萬元，年增&nbsp;31.9%。&nbsp;&lt;/p&gt;
",1,1,鴻海科技日 8 日登場，董事長劉揚偉指出，AI 對企業具有商業價值，鴻海及供應鏈都準備好了，將成首個量產出貨 GB200 的公司；新光金 9 日召開股臨會，72% 贊成新新併；央行周三宣布提供三大協處措施，放寬限制，以下為本周大事回顧。,1,"['2317', '2888', '2887', '9940', '2330', 'US-TSM']",,0,0,"['TWS:2317:STOCK:COMMON', 'TWS:2888:STOCK:COMMON', 'TWS:2887:STOCK:COMMON', 'TWS:9940:STOCK:COMMON', 'TWS:2330:STOCK:COMMON', 'USS:TSM:STOCK:COMMON']",,0,"['本周大事', '鴻海', '新光金', '台新金', '新新併', '央行', '打炒房']",0,1728701402,"{'xs': {'src': 'https://cimg.cnyes.cool/prod/news/5740845/xs/fb7a4239c44b691077eb0e721dd649da.jpg', 'width': 100, 'height': 56}, 's': {'src': 'https://cimg.cnyes.cool/prod/news/5740845/s/fb7a4239c44b691077eb0e721dd649da.jpg', 'width': 180, 'height': 101}, 'm': {'src': 'https://cimg.cnyes.cool/prod/news/5740845/m/fb7a4239c44b691077eb0e721dd649da.jpg', 'width': 380, 'height': 214}, 'l': {'src': 'https://cimg.cnyes.cool/prod/news/5740845/l/fb7a4239c44b691077eb0e721dd649da.jpg', 'width': 640, 'height': 360}, 'xl': {'src': 'https://cimg.cnyes.cool/prod/news/5740845/xl/fb7a4239c44b691077eb0e721dd649da.jpg', 'width': 960, 'height': 540}, 'xxl': {'src': 'https://cimg.cnyes.cool/prod/news/5740845/xxl/fb7a4239c44b691077eb0e721dd649da.jpg', 'width': 1080, 'height': 608}}",,827,台股新聞,,[],[],0,0,0,"[{'code': '2317', 'name': '鴻海', 'symbol': 'TWS:2317:STOCK'}, {'code': '2888', 'name': '新光金', 'symbol': 'TWS:2888:STOCK'}, {'code': '2887', 'name': '台新金', 'symbol': 'TWS:2887:STOCK'}, {'code': '9940', 'name': '信義', 'symbol': 'TWS:9940:STOCK'}, {'code': '2330', 'name': '台積電', 'symbol': 'TWS:2330:STOCK'}, {'code': 'TSM', 'name': '台積電', 'symbol': 'USS:TSM:STOCK'}]"
5740876,〈熱門股〉王品Q4持續展店拚佳績 周線連3紅創7月以來新高價,"&lt;p&gt;連鎖餐飲集團王品 (2727-TW) 公布第三季合併營收達 56.56 億元，創單季次高，僅次於去年同期，顯示深入在全台各地拓展的策略有成，進入第四季，王品開始與外送平台 foodpanda 合作，並維持既定的展店腳步，法人樂觀看待，第四季業績續創高可期。&lt;/p&gt;

&lt;p&gt;王品指出，9 月在中秋節的激勵下，旗下三大燒肉品牌「Oh my! 原燒」、「肉次方」和「金咕韓式燒肉」當日來客數甚至達 2-3 倍成長。&lt;/p&gt;

&lt;p&gt;另一方面，王品較新的品牌包括「就饗鐵板燒」、「尬鍋」、「丰禾台味風格料理」等也開始展店腳步。&lt;/p&gt;

&lt;p&gt;王品 9 月台灣事業群營收已達 14.5 億元，改寫同期新高，其中，「肉次方」共 4 家分店突破千萬營收，「夏慕尼」、「青花驕」與「和牛涮」合計 7 家門店也達成千萬大店成績。&lt;/p&gt;

&lt;p&gt;進入第四季後，王品預計持續展店，使全年達成展店約 30 家目標，值得注意的是，「阪前」台北、桃園 2 家新店點已於 10 月開始營運，顯示切入高端鐵板燒市場有初步成果。&lt;/p&gt;

&lt;figure&gt;&lt;img data-cnyeschart=&quot;cnyeschart&quot; src=&quot;https://so.cnyes.com/mobilechart/MobileChart.aspx?markettype=twstock&amp;charttype1=kchart&amp;stockcode=2727&amp;imgwidth=580&amp;imgheight=500&amp;bgcolor=2&quot;&gt;
&lt;figcaption&gt;王品日 K 線圖&lt;/figcaption&gt;
&lt;/figure&gt;

&lt;p&gt;&nbsp;&lt;/p&gt;
",1,1,〈熱門股〉王品周線連 3 紅 創 7 月以來新高價,1,['2727'],,0,0,['TWS:2727:STOCK:COMMON'],,0,"['王品', '餐飲', '熱門股', '營收創高', '展店']",1,1728699005,"{'xs': {'src': 'https://cimg.cnyes.cool/prod/news/5740876/xs/51e128d573c4fbc122ebf4fa336c8264.jpg', 'width': 100, 'height': 56}, 's': {'src': 'https://cimg.cnyes.cool/prod/news/5740876/s/51e128d573c4fbc122ebf4fa336c8264.jpg', 'width': 180, 'height': 101}, 'm': {'src': 'https://cimg.cnyes.cool/prod/news/5740876/m/51e128d573c4fbc122ebf4fa336c8264.jpg', 'width': 380, 'height': 214}, 'l': {'src': 'https://cimg.cnyes.cool/prod/news/5740876/l/51e128d573c4fbc122ebf4fa336c8264.jpg', 'width': 640, 'height': 360}, 'xl': {'src': 'https://cimg.cnyes.cool/prod/news/5740876/xl/51e128d573c4fbc122ebf4fa336c8264.jpg', 'width': 960, 'height': 540}, 'xxl': {'src': 'https://cimg.cnyes.cool/prod/news/5740876/xl/51e128d573c4fbc122ebf4fa336c8264.jpg', 'width': 960, 'height': 540}}",,827,台股新聞,,[],[],0,0,0,"[{'code': '2727', 'name': '王品', 'symbol': 'TWS:2727:STOCK'}]"
5740866,英國智庫：工黨政府恐需增稅200億英鎊 避免支出實質削減,"&lt;p&gt;英國智庫決議基金會 (Resolution Foundation) 週六(12 日) 報告指出，英國新任工黨政府恐需在 10 月 30 日的首次預算中增加 200 億英鎊（約合 260 億美元）的稅收，才能避免公共服務的實質性削減。&lt;/p&gt;

&lt;blockquote&gt;
&lt;p&gt;實質性削減：考慮到通貨膨脹後的實際支出減少，即使名義上的預算可能沒有變化，但因為物價上漲，實際可用於公共服務的資金會減少。&lt;/p&gt;
&lt;/blockquote&gt;

&lt;p&gt;該智庫建議，修訂預算規則，採用替代的公共債務定義，將使財政部長 Rachel Reeves 能夠在遵守選舉前承諾降低債務，同時也為長期投資提供資金。&lt;/p&gt;

&lt;p&gt;報告中提到，預算應該為國會設定新的方向，推動大規模的長期資本投資計畫，考慮投資的益處與成本制定新財政政策。該智庫研究主任 James Smith 表示，工黨應該根據公共部門淨資產來定義債務，這是一種廣泛的衡量標準，能夠抵消公共資產的價值與過去的借貸，從而為額外的 500 億英鎊投資創造空間。&lt;/p&gt;

&lt;p&gt;Smith 強調，雖然短期內可能會引發對稅收上升和額外借貸的擔憂，但恢復公共服務、新基礎設施和更強的經濟增長是英國所需的長期利益。官方數據顯示，英國 8 月經濟產出增長 0.2%，結束了連續兩個月的停滯。然而，商業和消費者信心調查指出，市場情緒低迷，對潛在稅收上升的擔憂加劇。&lt;/p&gt;

&lt;p&gt;財政研究所（Institute for Fiscal Studies）本周初預測，Reeves 需要增加 250 億英鎊的稅收，才能結束前首相 Rishi Sunak 保守黨政府最後預算中對公共服務的壓力。Reeves 表示，保守黨留下了 220 億英鎊的財政缺口，並警告某些稅收將不得不上調。&lt;/p&gt;

&lt;p&gt;該智庫指出，Reeves 可以通過取消遺產稅的豁免、提高資本利得稅以及對雇主對工人退休金的貢獻徵收社會保障稅，來增加 200 億英鎊的稅收收入，這大約佔國內生產總值的 0.7%。&lt;/p&gt;

&lt;p&gt;工黨已表示不會提高「勞動人民」的稅收，並排除了對主要的所得稅、增值稅、國民保險和公司稅的上調，這些稅收約占當前稅收收入的四分之三。&lt;/p&gt;

&lt;p&gt;(1 美元 = 0.7654 英鎊)&lt;/p&gt;
",1,1,英國智庫決議基金會 (Resolution Foundation) 週六(12 日) 報告指出，英國新任工黨政府恐需在 10 月 30 日的首次預算中增加 200 億英鎊（約合 260 億美元）的稅收，才能避免公共服務的實質性削減。,1,[],,0,0,['FX:GBPUSD:FOREX:COMMON'],,0,"['英國', '稅收', '增稅']",0,1728697531,"{'xs': {'src': 'https://cimg.cnyes.cool/prod/news/5740866/xs/851971bc64f5a03062f98abff5306398.jpg', 'width': 100, 'height': 56}, 's': {'src': 'https://cimg.cnyes.cool/prod/news/5740866/s/851971bc64f5a03062f98abff5306398.jpg', 'width': 180, 'height': 101}, 'm': {'src': 'https://cimg.cnyes.cool/prod/news/5740866/m/851971bc64f5a03062f98abff5306398.jpg', 'width': 380, 'height': 214}, 'l': {'src': 'https://cimg.cnyes.cool/prod/news/5740866/l/851971bc64f5a03062f98abff5306398.jpg', 'width': 640, 'height': 360}, 'xl': {'src': 'https://cimg.cnyes.cool/prod/news/5740866/xl/851971bc64f5a03062f98abff5306398.jpg', 'width': 960, 'height': 539}, 'xxl': {'src': 'https://cimg.cnyes.cool/prod/news/5740866/xxl/851971bc64f5a03062f98abff5306398.jpg', 'width': 1080, 'height': 607}}",,833,國際政經,,"[{'name': '股票-歐洲大型', 'categoryAbbrId': 'C61'}]",[],0,0,0,
5740841,〈熱門股〉金寶伺服器業務布局效益顯現 周漲逾1成,"&lt;p&gt;金寶 (2312-TW) 積極搶進伺服器領域，AI 伺服器業務也進入爬坡階段，加上 9 月營收達 185.45 億元，登上全年高峰，激勵金寶本周漲勢強勁，周漲逾 1 成。&nbsp;&lt;/p&gt;

&lt;p&gt;金寶本周漲幅 14.29%，更在周五 (11 日) 亮燈漲停鎖住 24 元，一舉站上所有均線。至於三大法人本周籌碼動向，三大法人僅在周一 (7 日) 買超 5755 張，接著連續 3 個交易日皆賣超，本周合計賣超 1131 張。&nbsp;&lt;/p&gt;

&lt;p&gt;金寶布局伺服器領域，總經理陳威昌提到，目前以 L2 PC 版製造為主，且已在墨西哥廠試產，目標朝向系統組裝前進。至於各產品線展望，2025 年仍看好消費型產品，且營收比重將占最高，像是影像產品中的印表機正穩步上升，伺服器雖然占比不高，但明年出貨將優於今年。。&nbsp;&lt;/p&gt;

&lt;p&gt;此外，目前金寶訂單能見度維持 12 至 14 個月，也持續優化產品組合，並提高與部分客戶的代工層級，往 ODM 方向邁進，汰弱留強將利潤最大化。&nbsp;&lt;/p&gt;

&lt;p&gt;金寶 9 月營收 185.45 億元，月增 34.7%，年增 21.7%；第三季營收 459.47 億元，季增 14.64%，年增 15.9%，為近 7 季新高點；累計今年前三季營收 1191.11 億元，年增 0.7%。&nbsp;&lt;/p&gt;

&lt;figure&gt;&lt;img data-cnyeschart=&quot;cnyeschart&quot; src=&quot;https://so.cnyes.com/mobilechart/MobileChart.aspx?markettype=twstock&amp;charttype1=kchart&amp;stockcode=2312&amp;imgwidth=580&amp;imgheight=500&amp;bgcolor=2&quot;&gt;
&lt;figcaption&gt;&nbsp;&lt;/figcaption&gt;
&lt;/figure&gt;

&lt;p&gt;&nbsp;&lt;/p&gt;
",1,1,金寶 (2312-TW) 積極搶進伺服器領域，AI 伺服器業務也進入爬坡階段，加上 9 月營收達 185.45 億元，登上全年高峰，激勵金寶本周漲勢強勁，周漲逾 1 成。 ,1,['2312'],,0,0,['TWS:2312:STOCK:COMMON'],,0,"['金寶', '伺服器', '消費產品']",1,1728696603,"{'xs': {'src': 'https://cimg.cnyes.cool/prod/news/5740841/xs/4c9cd1814d295be6d0ae4b24ea0cb44e.jpg', 'width': 100, 'height': 56}, 's': {'src': 'https://cimg.cnyes.cool/prod/news/5740841/s/4c9cd1814d295be6d0ae4b24ea0cb44e.jpg', 'width': 180, 'height': 101}, 'm': {'src': 'https://cimg.cnyes.cool/prod/news/5740841/m/4c9cd1814d295be6d0ae4b24ea0cb44e.jpg', 'width': 380, 'height': 214}, 'l': {'src': 'https://cimg.cnyes.cool/prod/news/5740841/l/4c9cd1814d295be6d0ae4b24ea0cb44e.jpg', 'width': 640, 'height': 360}, 'xl': {'src': 'https://cimg.cnyes.cool/prod/news/5740841/xl/4c9cd1814d295be6d0ae4b24ea0cb44e.jpg', 'width': 960, 'height': 540}, 'xxl': {'src': 'https://cimg.cnyes.cool/prod/news/5740841/xxl/4c9cd1814d295be6d0ae4b24ea0cb44e.jpg', 'width': 1080, 'height': 608}}",,827,台股新聞,,[],[],0,0,0,"[{'code': '2312', 'name': '金寶', 'symbol': 'TWS:2312:STOCK'}]"
5740808,〈熱門股〉上銀9月營收創14個月新高 周漲近1成站上年線,"&lt;p&gt;工具機關鍵零組件大廠上銀 (&lt;a data-ga-click-item=&quot;TWS:2049:STOCK:COMMON&quot; data-ga-event-name=&quot;Click_Quote&quot; data-ga-section=&quot;News_Article_文中行情&quot; data-ga-target=&quot;news&quot; href=&quot;https://www.cnyes.com/twstock/2049&quot; rel=&quot;noopener noreferrer&quot; target=&quot;_self&quot;&gt;2049-TW&lt;/a&gt;) 9 月營收回溫，衝上 21.64 億元，創近 14 個月新高，法人樂觀看待第四季及全年展望，上銀 11 日獲得外資大買 3022 張，股價強漲逾 8%，收在 236.5 元，一舉站上年線，創近 5 個月新高，累計單周漲幅達 9.23%。&lt;/p&gt;

&lt;p&gt;上銀今年&nbsp;9 月合併營收 21.64 億元，月增 6.02%、年增 0.13%；第三季合併營收 63.26 億元，年減 3.53%；累計前三季合併營收&nbsp;180.16 億元，年減 4.55%。&lt;/p&gt;

&lt;p&gt;上銀自去年 11 月起訂單慢慢回升，並從今年 3 月起開始加班趕工，營收呈現逐季上揚，線性滑軌及滾珠螺桿等傳動系統元件訂單能見度平均 2 至 3 個月。&lt;/p&gt;

&lt;p&gt;董事長卓文恒日前表示，上銀機器人除醫療、晶圓、直節式、多關節外，也規劃搶進特殊產業需求的 Al 機器人，其中，與物流、焊接等產業廠商合作開發的 AI 機器人，很快看到結果。&lt;/p&gt;

&lt;p&gt;卓文恒說，儘管目前狀況還不是很明朗，仍正向看待下半年展望，全年營收、獲利可望有雙位數的成長。&lt;/p&gt;

&lt;figure&gt;&lt;img data-cnyeschart=&quot;cnyeschart&quot; src=&quot;https://so.cnyes.com/mobilechart/MobileChart.aspx?markettype=twstock&amp;charttype1=kchart&amp;stockcode=2049&amp;imgwidth=580&amp;imgheight=500&amp;bgcolor=2&quot;&gt;
&lt;figcaption&gt;&nbsp;&lt;/figcaption&gt;
&lt;/figure&gt;

&lt;p&gt;&nbsp;&lt;/p&gt;
",1,1,工具機關鍵零組件大廠上銀 (2049-TW) 9 月營收回溫，衝上 21.64 億元，創近 14 個月新高，法人樂觀看待第四季及全年展望,1,['2049'],,0,0,['TWS:2049:STOCK:COMMON'],,0,"['上銀', '熱門股', '營收']",1,1728695452,"{'xs': {'src': 'https://cimg.cnyes.cool/prod/news/5740808/xs/7efac7d0cf31bd89acadddad23b7e46e.jpg', 'width': 100, 'height': 56}, 's': {'src': 'https://cimg.cnyes.cool/prod/news/5740808/s/7efac7d0cf31bd89acadddad23b7e46e.jpg', 'width': 180, 'height': 101}, 'm': {'src': 'https://cimg.cnyes.cool/prod/news/5740808/m/7efac7d0cf31bd89acadddad23b7e46e.jpg', 'width': 380, 'height': 214}, 'l': {'src': 'https://cimg.cnyes.cool/prod/news/5740808/l/7efac7d0cf31bd89acadddad23b7e46e.jpg', 'width': 640, 'height': 360}, 'xl': {'src': 'https://cimg.cnyes.cool/prod/news/5740808/xl/7efac7d0cf31bd89acadddad23b7e46e.jpg', 'width': 960, 'height': 540}, 'xxl': {'src': 'https://cimg.cnyes.cool/prod/news/5740808/xxl/7efac7d0cf31bd89acadddad23b7e46e.jpg', 'width': 1080, 'height': 607}}",,827,台股新聞,,[],[],0,0,0,"[{'code': '2049', 'name': '上銀', 'symbol': 'TWS:2049:STOCK'}]"
5740128,中國房市得13.7兆才能救！習近平打了16年最強救市猛藥能撐多久？一文拆解「中國救命術」,"&lt;p&gt;&lt;strong&gt;撰文 ‧ 今周刊編輯團隊&lt;/strong&gt;&lt;/p&gt;

&lt;p&gt;「曾經有一段時間，外資不怎麼碰我們的資產，但過去這個星期，我們接到的全球投資者要求進行電話會議、視訊會議的數量，卻急劇上升。」現任野村證券中國首席經濟學家陸挺這樣說。&lt;/p&gt;

&lt;p&gt;陸挺表示過去一個星期，明顯感覺到外資氛圍的變化，「有一種『久旱逢甘露』的感覺，反應非常熱烈。」在中國十一長假的前一周，疫情後一路委靡不振的中國股市，在一片市場驚詫聲中，迎來了罕見的活力。&lt;/p&gt;

&lt;p&gt;10 月 8 日，滬深兩市開盤短短 30 分鐘，成交額就突破了 1.2 兆人民幣（約 5.5 兆新台幣），再次創下歷史紀錄。當日收盤，滬深兩市成交額達 3 兆人民幣（約 13.7 兆新台幣）；一樣，再度寫下歷史。&lt;/p&gt;

&lt;p&gt;根據中國海通證券統計，和這波行情啟動前相比，海通新增開戶數成長超過 3 倍，設法找回證券戶密碼的諮詢需求，更比平常多 6 倍。&lt;/p&gt;

&lt;p&gt;中國祭出 16 年來最華麗救市拳，出乎市場預料的強勁貨幣政策，與中央政治局的罕見表態，普遍獲得外資叫好。&lt;/p&gt;

&lt;p&gt;「中國走的方向是正確的！」一名曾在上海從事製造業多年、現以財務諮詢業務為主的台商對本刊表示，這波政策轉向，似乎顯示中國對經濟問題的態度轉變，從國家主席習近平過去主張以「強本固源」為主、訴求讓經濟結構慢慢調整的「中醫療法」，轉換成由總理李強主導、傾向直搗黃龍的「西醫療法」；「當然，長期效益仍待觀察，但短期，對市場一定是利多！」他說。&lt;/p&gt;

&lt;p&gt;但這是否也意味著中國經濟困境已到了超乎預期的慘烈境地？對此，曾在中國國土部門任職、擁有廣大粉絲的知名經濟觀察家「老蠻」發表評論，指出可從兩個面向分析此番救市背景，第一，是中央政府的財政收入；第二，是主要城市的消費。&lt;/p&gt;

&lt;p&gt;財政收入月減 3 成、大城消費急凍，背後是房地產行業的委靡，以及中國政府對特定行業的「調控」所致。對於中國這次的救市組合拳，相較於投資機構在第一時間的叫好反應，愈是熟悉中國問題的專家，或是中國當地的產學人士，愈是語帶保留。&lt;/p&gt;

&lt;p&gt;就以「重中之重」的房市來看，曾被稱為「華爾街中國通」的前摩根士丹利首席經濟學家羅奇（Stephen Roach）對本刊表示，中國最新的金融刺激措施固然令人印象深刻，但對於如何有效應對房地產市場進一步衰退的問題，目前相關的財政計畫，仍然缺乏明確的細節。&lt;/p&gt;

&lt;p&gt;以中國房企巨擘碧桂園 2023 年的數據為例，「蓋完但沒有賣掉」的房子約為 3.6 萬戶，「正在蓋但還沒有賣掉」的房子約 35 萬戶，而「賣掉但還沒有蓋完」的房子，足足達到 73 萬戶，這個部分，才是問題核心，也是最險峻的「保交樓」戰場。據陸挺估算，要解決這波保交樓危機，大約需要 3 兆人民幣（約 13.7 兆新台幣）的財政挹注，才有可能完成。&lt;/p&gt;

&lt;p&gt;一劑 2008 年來最強的救市猛藥，讓近年「健康狀況」頻頻惡化、近乎奄奄一息的中港資本市場，迎來罕見春燕。然而，這趟中國經濟的「復甦之旅」，能否走得既長且穩，仍有賴以習近平為首的中共中央領導人，深刻面對中國經濟的結構性問題，並積極尋求發展路線的「再平衡」。&lt;/p&gt;

&lt;p&gt;否則，在羅奇的眼中，最壞的情況下，目前支撐中國經濟的春燕恐是曇花一現，而這趟資本市場的「回春之旅」，「最終，恐將被證實只是一場『虛假的黎明』。」他說。&lt;/p&gt;

&lt;p&gt;來源：《今周刊》 第 1451&nbsp;期&lt;br&gt;
更多精彩內容請至&lt;a href=&quot;https://businesstoday.com.tw/&quot;&gt;《今周刊》&lt;/a&gt;&lt;/p&gt;

&lt;p&gt;本文授權自今周刊，&lt;a href=&quot;https://bit.ly/3BBGWU8&quot;&gt;原文見此&lt;/a&gt;。&lt;/p&gt;

&lt;figure&gt;&lt;img data-height=&quot;300&quot; data-mime=&quot;image/jpeg&quot; data-ratio=&quot;2.1666666666666665&quot; data-src-m=&quot;https://cimg.cnyes.cool/prod/news/5740128/m/01fe93731918f39099451e4fceb98b1e.jpg&quot; data-width=&quot;650&quot; src=&quot;https://cimg.cnyes.cool/prod/news/5740128/l/01fe93731918f39099451e4fceb98b1e.jpg&quot;&gt;&lt;/figure&gt;

&lt;p&gt;&lt;strong&gt;你可能也會感興趣》&lt;/strong&gt;&lt;/p&gt;

&lt;p&gt;&lt;a href=&quot;https://bit.ly/3Yhnbue&quot;&gt;拿 500 萬存 0056，月領快 6 萬真能辦到？施昇輝：高息 ETF 這樣存「退休後放心花錢」&lt;/a&gt;&lt;/p&gt;

&lt;p&gt;&lt;a href=&quot;https://bit.ly/4eAqB0M&quot;&gt;身價 4 億、年領 660 萬股息，88 歲神級散戶阿公卻說：只買高股息，遲早吃苦頭！6 大重點找出「會賺錢股票」&lt;/a&gt;&lt;/p&gt;
",1,1,「曾經有一段時間，外資不怎麼碰我們的資產，但過去這個星期，我們接到的全球投資者要求進行電話會議、視訊會議的數量，卻急劇上升。」現任野村證券中國首席經濟學家陸挺這樣說。,1,[],,0,0,"['FX:CNYUSD:FOREX:COMMON', 'FX:USDTWD:FOREX:COMMON']",,0,"['趨勢分析', '今周刊', '習近平', '房市', '樓市', '救市']",0,1728694804,"{'xs': {'src': 'https://cimg.cnyes.cool/prod/news/5740128/xs/4231c3ebf1bba11e5925ed28b022b5bd.jpg', 'width': 100, 'height': 56}, 's': {'src': 'https://cimg.cnyes.cool/prod/news/5740128/s/4231c3ebf1bba11e5925ed28b022b5bd.jpg', 'width': 180, 'height': 101}, 'm': {'src': 'https://cimg.cnyes.cool/prod/news/5740128/m/4231c3ebf1bba11e5925ed28b022b5bd.jpg', 'width': 380, 'height': 214}, 'l': {'src': 'https://cimg.cnyes.cool/prod/news/5740128/l/4231c3ebf1bba11e5925ed28b022b5bd.jpg', 'width': 640, 'height': 360}, 'xl': {'src': 'https://cimg.cnyes.cool/prod/news/5740128/xl/4231c3ebf1bba11e5925ed28b022b5bd.jpg', 'width': 960, 'height': 540}, 'xxl': {'src': 'https://cimg.cnyes.cool/prod/news/5740128/xl/4231c3ebf1bba11e5925ed28b022b5bd.jpg', 'width': 960, 'height': 540}}",,872,雜誌,,[],[],0,0,0,
5740849,罷工衝擊 波音宣布將裁員1.7萬人 估Q3每股虧損9.97美元,"&lt;p&gt;隨著公司損失的增加以及導致飛機工廠閒置的機械師罷工進入第五週，波音週五 (11 日) 盤後宣布將裁員 10%，約 17,000 人。同時，波音意外發布公告稱，預計第三季每股虧損 9.97 美元。&lt;/p&gt;

&lt;p&gt;受此消息拖累，波音 (BA-US) 盤後股價跌 2%，此前正常交易時段，波音收紅 3%，報每股 151.02 美元。&lt;/p&gt;

&lt;p&gt;波音執行長 Kelly Ortberg) 週五於員工備忘錄中表示，波音直到 2026 年才會交付尚未獲得認證的 777X 客機，比原計劃晚了六年，並將於 2027 年停產波音 767 。&lt;/p&gt;

&lt;p&gt;Ortberg 表示：「波音業務處境艱難，我們共同面臨無比的挑戰，除了適應當前的環境之外，恢復我們的公司還需要做出艱難的決定，必須做出結構性改變，以確保能保持競爭力並長期為客戶提供服務。」&lt;/p&gt;

&lt;p&gt;這次裁員和削減成本是 Ortberg 上任以來迄今最引人注目的舉措。Ortberg 於今年 8 月 8 日甫接替前執行長 Dave Calhoun 上任。&lt;/p&gt;

&lt;p&gt;他的任務是在安全和製造危機後恢復波音的業務，但罷工是 Ortberg 目前面臨的最大挑戰。&lt;/p&gt;

&lt;p&gt;信用評等機構警告稱，該公司面臨失去投資等級的風險，而波音一直在燒錢，而公司領導人希望這將是一個扭虧為盈的一年。&lt;/p&gt;

&lt;p&gt;跟進惠譽 (Fitch) 和穆迪 (Moody&#039;s) 等同業，標普全球評級 (S&amp;P Global Ratings) 本週稍早表示，波音公司因 9 月 13 日開始的罷工而每月損失超過 10 億美元，並把波音信評列入負向觀察名單，之後波音可能打入垃圾級。&lt;/p&gt;

&lt;p&gt;機械師們 9 月 13 日以壓倒性多數拒絕了臨時勞工協議，並停止在普吉特海灣地區的大部分波音飛機生產，隨後罷工。波音公司後來提高了合約報價，增加了加薪、批准獎金和其他改進措施，但工會拒絕了這項提議，認為這些沒有經過談判。&lt;/p&gt;

&lt;p&gt;波音本週稍早撤回了對 33000 名機械師的合約報價，並表示進一步的談判「目前沒有意義」。&nbsp;&lt;/p&gt;
",1,1,"波音週五 (11 日) 盤後宣布將裁員 10%，約 17,000 人。同時，波音意外發布公告稱，預計第三季每股虧損 9.97 美元。",1,['US-BA'],,0,0,['USS:BA:STOCK:COMMON'],,0,"['波音', '罷工', '裁員']",1,1728691207,"{'xs': {'src': 'https://cimg.cnyes.cool/prod/news/5740849/xs/f02a803b586f3d841cadae7c8613a320.jpg', 'width': 100, 'height': 56}, 's': {'src': 'https://cimg.cnyes.cool/prod/news/5740849/s/f02a803b586f3d841cadae7c8613a320.jpg', 'width': 180, 'height': 101}, 'm': {'src': 'https://cimg.cnyes.cool/prod/news/5740849/m/f02a803b586f3d841cadae7c8613a320.jpg', 'width': 380, 'height': 214}, 'l': {'src': 'https://cimg.cnyes.cool/prod/news/5740849/l/f02a803b586f3d841cadae7c8613a320.jpg', 'width': 640, 'height': 360}, 'xl': {'src': 'https://cimg.cnyes.cool/prod/news/5740849/xl/f02a803b586f3d841cadae7c8613a320.jpg', 'width': 960, 'height': 540}, 'xxl': {'src': 'https://cimg.cnyes.cool/prod/news/5740849/xxl/f02a803b586f3d841cadae7c8613a320.jpg', 'width': 1080, 'height': 608}}",,831,美股雷達,,[],[],0,0,0,"[{'code': 'BA', 'name': '波音', 'symbol': 'USS:BA:STOCK'}]"
5740853,營收速報 - 2024年10月12日台股大型公司9月營收一覽（新增70家）,&lt;h6&gt;本次公布9月營收一覽&lt;/h6&gt;&lt;p&gt;截至台北時間2024年10月12日07:55，彙整前一日公布9月營收的大型公司(資本額&amp;gt;=50億)，共計236家。下方分別以公布當日的年增率及月增率做前三名排行:&lt;/p&gt;&lt;p&gt;&lt;em&gt;本次公布營收年增率前3名成長排行&lt;/em&gt;&lt;/p&gt;&lt;table&gt;    &lt;thead&gt;    &lt;tr&gt;        &lt;th&gt;公司名稱&lt;/th&gt;        &lt;th&gt;月營收&lt;/th&gt;        &lt;th&gt;YoY&lt;/th&gt;    &lt;/tr&gt;    &lt;/thead&gt;    &lt;tbody&gt;            &lt;tr&gt;            &lt;td&gt;&lt;a data-symbol-template=&quot;TWS:2883:STOCK:COMMON&quot; href=&quot;#&quot;&gt;凱基金&lt;/a&gt;-金融保險業&lt;/td&gt;            &lt;td&gt;100.37億&lt;/td&gt;            &lt;td&gt;1236.4%&lt;/td&gt;        &lt;/tr&gt;            &lt;tr&gt;            &lt;td&gt;&lt;a data-symbol-template=&quot;TWS:2101:STOCK:COMMON&quot; href=&quot;#&quot;&gt;南港&lt;/a&gt;-橡膠工業&lt;/td&gt;            &lt;td&gt;70.28億&lt;/td&gt;            &lt;td&gt;878.5%&lt;/td&gt;        &lt;/tr&gt;            &lt;tr&gt;            &lt;td&gt;&lt;a data-symbol-template=&quot;TWS:2615:STOCK:COMMON&quot; href=&quot;#&quot;&gt;萬海&lt;/a&gt;-航運業&lt;/td&gt;            &lt;td&gt;149.66億&lt;/td&gt;            &lt;td&gt;81.6%&lt;/td&gt;        &lt;/tr&gt;        &lt;/tbody&gt;&lt;/table&gt;&lt;p&gt;&lt;em&gt;本次公布營收月增率前3名成長排行&lt;/em&gt;&lt;/p&gt;&lt;table&gt;    &lt;thead&gt;    &lt;tr&gt;        &lt;th&gt;公司名稱&lt;/th&gt;        &lt;th&gt;月營收&lt;/th&gt;        &lt;th&gt;MoM&lt;/th&gt;    &lt;/tr&gt;    &lt;/thead&gt;    &lt;tbody&gt;            &lt;tr&gt;            &lt;td&gt;&lt;a data-symbol-template=&quot;TWS:2101:STOCK:COMMON&quot; href=&quot;#&quot;&gt;南港&lt;/a&gt;-橡膠工業&lt;/td&gt;            &lt;td&gt;70.28億&lt;/td&gt;            &lt;td&gt;711.3%&lt;/td&gt;        &lt;/tr&gt;            &lt;tr&gt;            &lt;td&gt;&lt;a data-symbol-template=&quot;TWS:2881:STOCK:COMMON&quot; href=&quot;#&quot;&gt;富邦金&lt;/a&gt;-金融保險業&lt;/td&gt;            &lt;td&gt;227.75億&lt;/td&gt;            &lt;td&gt;512.2%&lt;/td&gt;        &lt;/tr&gt;            &lt;tr&gt;            &lt;td&gt;&lt;a data-symbol-template=&quot;TWS:2851:STOCK:COMMON&quot; href=&quot;#&quot;&gt;中再保&lt;/a&gt;-金融保險業&lt;/td&gt;            &lt;td&gt;18.68億&lt;/td&gt;            &lt;td&gt;40.8%&lt;/td&gt;        &lt;/tr&gt;        &lt;/tbody&gt;&lt;/table&gt;&lt;hr&gt;&lt;h6&gt;9月已公布營收一覽&lt;/h6&gt;&lt;p&gt;截至目前，已公布9月營收報告（資本額&amp;gt;=50億）的家數累計達236家。其中營收年增大於 25％有52家，年增小於-20％有19家。&lt;/p&gt;&lt;p&gt;&lt;em&gt;9月營收年增分布表現&lt;/em&gt;&lt;/p&gt;&lt;table&gt;    &lt;thead&gt;    &lt;tr&gt;        &lt;th&gt;資本額規模&lt;/th&gt;        &lt;th&gt;YoY 表現&lt;/th&gt;        &lt;th&gt;家數&lt;/th&gt;    &lt;/tr&gt;    &lt;/thead&gt;    &lt;tbody&gt;    &lt;tr&gt;        &lt;td&gt;大於50億&lt;/td&gt;        &lt;td&gt;&amp;gt;= +25%&lt;/td&gt;        &lt;td&gt;52家&lt;/td&gt;    &lt;/tr&gt;    &lt;tr&gt;        &lt;td&gt;大於50億&lt;/td&gt;        &lt;td&gt;&amp;gt;= 0%&lt;/td&gt;        &lt;td&gt;85家&lt;/td&gt;    &lt;/tr&gt;    &lt;tr&gt;        &lt;td&gt;大於50億&lt;/td&gt;        &lt;td&gt;&amp;lt; 0%&lt;/td&gt;        &lt;td&gt;80家&lt;/td&gt;    &lt;/tr&gt;    &lt;tr&gt;        &lt;td&gt;大於50億&lt;/td&gt;        &lt;td&gt;&amp;lt;= -20%&lt;/td&gt;        &lt;td&gt;19家&lt;/td&gt;    &lt;/tr&gt;    &lt;/tbody&gt;&lt;/table&gt;&lt;p&gt;&lt;em&gt;9月營收年增率前5名成長排行&lt;/em&gt;&lt;/p&gt;&lt;table&gt;    &lt;thead&gt;    &lt;tr&gt;        &lt;th&gt;公司名稱&lt;/th&gt;        &lt;th&gt;月營收&lt;/th&gt;        &lt;th&gt;YoY&lt;/th&gt;    &lt;/tr&gt;    &lt;/thead&gt;    &lt;tbody&gt;            &lt;tr&gt;            &lt;td&gt;&lt;a data-symbol-template=&quot;TWS:2530:STOCK:COMMON&quot; href=&quot;#&quot;&gt;華建&lt;/a&gt;-建材營造業&lt;/td&gt;            &lt;td&gt;4.02億&lt;/td&gt;            &lt;td&gt;54984.5%&lt;/td&gt;        &lt;/tr&gt;            &lt;tr&gt;            &lt;td&gt;&lt;a data-symbol-template=&quot;TWS:2883:STOCK:COMMON&quot; href=&quot;#&quot;&gt;凱基金&lt;/a&gt;-金融保險業&lt;/td&gt;            &lt;td&gt;100.37億&lt;/td&gt;            &lt;td&gt;1236.4%&lt;/td&gt;        &lt;/tr&gt;            &lt;tr&gt;            &lt;td&gt;&lt;a data-symbol-template=&quot;TWS:2258:STOCK:COMMON&quot; href=&quot;#&quot;&gt;鴻華先進-創&lt;/a&gt;-汽車工業&lt;/td&gt;            &lt;td&gt;7.50億&lt;/td&gt;            &lt;td&gt;912.1%&lt;/td&gt;        &lt;/tr&gt;            &lt;tr&gt;            &lt;td&gt;&lt;a data-symbol-template=&quot;TWS:2101:STOCK:COMMON&quot; href=&quot;#&quot;&gt;南港&lt;/a&gt;-橡膠工業&lt;/td&gt;            &lt;td&gt;70.28億&lt;/td&gt;            &lt;td&gt;878.5%&lt;/td&gt;        &lt;/tr&gt;            &lt;tr&gt;            &lt;td&gt;&lt;a data-symbol-template=&quot;TWS:6550:STOCK:COMMON&quot; href=&quot;#&quot;&gt;北極星藥業-KY&lt;/a&gt;-生技醫療業&lt;/td&gt;            &lt;td&gt;321萬&lt;/td&gt;            &lt;td&gt;306.3%&lt;/td&gt;        &lt;/tr&gt;        &lt;/tbody&gt;&lt;/table&gt;&lt;p&gt;&lt;em&gt;9月營收月增率前5名成長排行&lt;/em&gt;&lt;/p&gt;&lt;table&gt;    &lt;thead&gt;    &lt;tr&gt;        &lt;th&gt;公司名稱&lt;/th&gt;        &lt;th&gt;月營收&lt;/th&gt;        &lt;th&gt;MoM&lt;/th&gt;    &lt;/tr&gt;    &lt;/thead&gt;    &lt;tbody&gt;            &lt;tr&gt;            &lt;td&gt;&lt;a data-symbol-template=&quot;TWS:5531:STOCK:COMMON&quot; href=&quot;#&quot;&gt;鄉林&lt;/a&gt;-建材營造業&lt;/td&gt;            &lt;td&gt;9.18億&lt;/td&gt;            &lt;td&gt;988.9%&lt;/td&gt;        &lt;/tr&gt;            &lt;tr&gt;            &lt;td&gt;&lt;a data-symbol-template=&quot;TWS:2101:STOCK:COMMON&quot; href=&quot;#&quot;&gt;南港&lt;/a&gt;-橡膠工業&lt;/td&gt;            &lt;td&gt;70.28億&lt;/td&gt;            &lt;td&gt;711.3%&lt;/td&gt;        &lt;/tr&gt;            &lt;tr&gt;            &lt;td&gt;&lt;a data-symbol-template=&quot;TWS:2881:STOCK:COMMON&quot; href=&quot;#&quot;&gt;富邦金&lt;/a&gt;-金融保險業&lt;/td&gt;            &lt;td&gt;227.75億&lt;/td&gt;            &lt;td&gt;512.2%&lt;/td&gt;        &lt;/tr&gt;            &lt;tr&gt;            &lt;td&gt;&lt;a data-symbol-template=&quot;TWS:2498:STOCK:COMMON&quot; href=&quot;#&quot;&gt;宏達電&lt;/a&gt;-通信網路業&lt;/td&gt;            &lt;td&gt;3.38億&lt;/td&gt;            &lt;td&gt;65.9%&lt;/td&gt;        &lt;/tr&gt;            &lt;tr&gt;            &lt;td&gt;&lt;a data-symbol-template=&quot;TWS:2809:STOCK:COMMON&quot; href=&quot;#&quot;&gt;京城銀&lt;/a&gt;-金融保險業&lt;/td&gt;            &lt;td&gt;8.16億&lt;/td&gt;            &lt;td&gt;64.6%&lt;/td&gt;        &lt;/tr&gt;        &lt;/tbody&gt;&lt;/table&gt;&lt;p&gt;註：數據僅供參考，不作為投資建議。&lt;/p&gt;,0,1,9月台股營收公布，2024年10月針對大型公司前一日公布70家營收。截至目前9月營收公布共計236家，其中營收年增大於+25％有52家，年增小於-20％有19家。| Anue鉅亨- 台股營收,0,[],,0,0,"['TWS:2883:STOCK:COMMON', 'TWS:2101:STOCK:COMMON', 'TWS:2615:STOCK:COMMON', 'TWS:2881:STOCK:COMMON', 'TWS:2851:STOCK:COMMON', 'TWS:2530:STOCK:COMMON', 'TWS:2258:STOCK:COMMON', 'TWS:6550:STOCK:COMMON', 'TWS:5531:STOCK:COMMON', 'TWS:2498:STOCK:COMMON', 'TWS:2809:STOCK:COMMON']",,0,"['台股', '營收速報', '台股營收', '9月營收', '建材營造業', '華建', '金融保險業', '凱基金']",0,1728690927,,,916,台股營收,,[],[],0,0,0,"[{'code': '2883', 'name': '開發金', 'symbol': 'TWS:2883:STOCK'}, {'code': '2101', 'name': '南港', 'symbol': 'TWS:2101:STOCK'}, {'code': '2615', 'name': '萬海', 'symbol': 'TWS:2615:STOCK'}, {'code': '2881', 'name': '富邦金', 'symbol': 'TWS:2881:STOCK'}, {'code': '2851', 'name': '中再保', 'symbol': 'TWS:2851:STOCK'}, {'code': '2530', 'name': '華建', 'symbol': 'TWS:2530:STOCK'}, {'code': '2258', 'name': '鴻華先進-創', 'symbol': 'TWS:2258:STOCK'}, {'code': '6550', 'name': '北極星藥業-KY', 'symbol': 'TWG:6550:STOCK'}, {'code': '5531', 'name': '鄉林', 'symbol': 'TWS:5531:STOCK'}, {'code': '2498', 'name': '宏達電', 'symbol': 'TWS:2498:STOCK'}, {'code': '2809', 'name': '京城銀', 'symbol': 'TWS:2809:STOCK'}]"
5740794,美股重點新聞摘要2024年10月12日,"&lt;h6&gt;美國 9 月 PPI 持平 低於預期 顯示通膨繼續放緩&lt;/h6&gt;

&lt;p&gt;勞工部周五 (11 日) 發布報告，9 月批發物價指標沒有變化，顯示通膨持續放緩。衡量生產者從商品和服務中獲得收入的生產者物價指數 (PPI) 本月持平，較去年同期上漲 1.8%。接受《道瓊》調查的經濟學家預計，繼 8 月成長 0.2% 後，9 月增幅將達到 0.1%。&lt;a href=&quot;https://news.cnyes.com/news/id/5740765&quot;&gt;(全文詳讀)&lt;/a&gt;&lt;/p&gt;

&lt;h6&gt;等待 PPI 數據 10 年期美債殖利率走低&lt;/h6&gt;

&lt;p&gt;市場參與者等待生產者物價指數 (PPI) 報告的發布，美國 10 年期公債殖利率周五 (11 日) 小幅走低。美東時間清晨 6:27，10 年期公債殖利率下跌 2 個基點至 4.092%。2 年期公債殖利率下跌 1.6 個基點至 3.983%。&lt;a href=&quot;https://news.cnyes.com/news/id/5740687&quot;&gt;(全文詳讀)&lt;/a&gt;&lt;/p&gt;

&lt;h6&gt;巴菲特旗下波克夏控股降低美國銀行持股至 10% 以下&lt;/h6&gt;

&lt;p&gt;巴菲特執掌的波克夏控股 (BRK.A-US)(BRK.B-US) 已將其美國銀行 (BAC-US) 的持股降至 10% 以下，暫時結束了該集團 3 個月內淨賺 100 億美元的拋售。&lt;a href=&quot;https://news.cnyes.com/news/id/5740711&quot;&gt;(全文詳讀)&lt;/a&gt;&lt;/p&gt;

&lt;h6&gt;降息風向轉變 美國股票型基金出現淨流出&lt;/h6&gt;

&lt;p&gt;由於市場對聯準會降息路徑的預期轉變以及債券殖利率飆升，投資人獲利了結。截至 10 月 9 日當周，美國股票基金出現資金流出。根據 LSEG 的數據，投資者繼前周淨買入 308.6 億美元的美國股票基金後，本周淨賣出價值 3.42 億美元的美國股票基金。&lt;a href=&quot;https://news.cnyes.com/news/id/5740763&quot;&gt;(全文詳讀)&lt;/a&gt;&lt;/p&gt;

&lt;h6&gt;特斯拉盤前大跌 5.8% Cybercab robotaxi 未建立投資者信心&lt;/h6&gt;

&lt;p&gt;電動車製造商特斯拉 (TSLA-US) 的股價周五 (11 日) 盤前暴跌，因為市場期待已久的自動駕駛概念汽車 Cyber​​cab，未能給投資者留下深刻印象。&lt;a href=&quot;https://news.cnyes.com/news/id/5740666&quot;&gt;(全文詳讀)&lt;/a&gt;&lt;/p&gt;

&lt;h6&gt;再祭關稅大刀！川普：可能徵收 1000% 關稅 阻止陸從墨西哥出口汽車到美國&lt;/h6&gt;

&lt;p&gt;美國總統大選倒數 3 個多禮拜，共和黨總統候選人川普週四 (10 日) 再度揮出關稅大刀，在底特律經濟俱樂部演講時提議汽車貸款利息可抵稅，並阻止中國汽車製造商在美國銷售汽車。&lt;a href=&quot;https://news.cnyes.com/news/id/5740499&quot;&gt;(全文詳讀)&lt;/a&gt;&lt;/p&gt;

&lt;h6&gt;南韓央行謹慎加入全球降息潮 下調基準利率 25 基點&lt;/h6&gt;

&lt;p&gt;南韓央行周五 (11 日) 在貨幣政策委員會召開會議後，將主要利率下調 25 個基點至 3.25%，這是自 2020 年 5 月以來南韓首度降息。&lt;a href=&quot;https://news.cnyes.com/news/id/5740214&quot;&gt;(全文詳讀)&lt;/a&gt;&lt;/p&gt;
",1,1,美股重點新聞摘要 2024 年 10 月 12 日,1,[],,0,0,"['GI:DJI:INDEX:COMMON', 'GF:US10YY:FUTURES:BOUND', 'USS:BAC:STOCK:COMMON', 'USS:TSLA:STOCK:COMMON']",,0,"['美股', '關鍵', '新聞']",0,1728690003,"{'xs': {'src': 'https://cimg.cnyes.cool/prod/news/5740794/xs/58a2670cd7f7c5a1b7e061d5c96fbae6.jpg', 'width': 100, 'height': 56}, 's': {'src': 'https://cimg.cnyes.cool/prod/news/5740794/s/58a2670cd7f7c5a1b7e061d5c96fbae6.jpg', 'width': 180, 'height': 101}, 'm': {'src': 'https://cimg.cnyes.cool/prod/news/5740794/m/58a2670cd7f7c5a1b7e061d5c96fbae6.jpg', 'width': 380, 'height': 214}, 'l': {'src': 'https://cimg.cnyes.cool/prod/news/5740794/l/58a2670cd7f7c5a1b7e061d5c96fbae6.jpg', 'width': 640, 'height': 360}, 'xl': {'src': 'https://cimg.cnyes.cool/prod/news/5740794/xl/58a2670cd7f7c5a1b7e061d5c96fbae6.jpg', 'width': 960, 'height': 540}, 'xxl': {'src': 'https://cimg.cnyes.cool/prod/news/5740794/xxl/58a2670cd7f7c5a1b7e061d5c96fbae6.jpg', 'width': 1080, 'height': 608}}",,831,美股雷達,,"[{'name': '股票-美國大型', 'categoryAbbrId': 'C65'}, {'name': '產業-科技', 'categoryAbbrId': 'C37'}]",[],0,0,0,"[{'code': 'BAC', 'name': '美國銀行', 'symbol': 'USS:BAC:STOCK'}, {'code': 'TSLA', 'name': '特斯拉', 'symbol': 'USS:TSLA:STOCK'}]"
5740793,〈貴金屬盤後〉美PPI數據鞏固降息希望 延續黃金漲勢,"&lt;p&gt;黃金價格周五 (11 日) 漲逾 1%，係因美國通膨數據鞏固了下個月降息的前景，並將美元抑制在近日高點之下，同時中東地緣政治緊張局勢帶來的避險需求也提振了金價。&lt;/p&gt;

&lt;ul&gt;
&lt;li&gt;現貨黃金上漲 1.1%，至每盎司 2658.42 美元，為連續第二個交易日上漲。&lt;/li&gt;
&lt;li&gt;12 月交割的黃金期貨價格上漲 1.4%，收每盎司 2676.30 美元。&lt;/li&gt;
&lt;/ul&gt;

&lt;p&gt;RJO Futures 高級市場策略師 Daniel Pavilonis 表示：「經濟仍然相對強勁，但聯準會仍處於矛盾之中，因為某些行業的成長速度已顯著放緩，例如房地產行業，所以他們考慮降息。」&lt;/p&gt;

&lt;p&gt;美國周五公布，9 月生產者物價指數 (PPI) 持平，顯示通膨前景依然樂觀，並支持聯準會下個月降息的預期。Kitco Metals 高級市場分析師 Jim Wyckoff 表示：「PPI 數據有利黃金多頭市場，因為這表明 Fed 今年可能降息兩次。」&lt;/p&gt;

&lt;p&gt;周四公佈的數據顯示，美國 9 月消費者物價漲幅略高於預期，但通膨年度漲幅為逾 3 年半來最小。另一份報告顯示，上周 (10/5 止) 初次請領失業救濟人數升至 25.8 萬人，高於預估的 23 萬人。&lt;/p&gt;

&lt;p&gt;「由於地緣政治緊張局勢、通膨擔憂和選舉不確定性，黃金價格預計 2025 年前將達到 3000 美元。」Pavilonis 補充。&lt;/p&gt;

&lt;p&gt;周五，美元兌一籃子貨幣匯率維持在兩個月高點下方。&lt;/p&gt;

&lt;p&gt;在實體方面，由於即將到來的節日季節吸引一些珠寶買氣，印度黃金經銷商本周為兩個月來首次收取溢價。&lt;/p&gt;

&lt;p&gt;德國商銀報告指出，第三季黃金 ETF 持有量增加近 95 噸，意味 ETF 十個季度以來首次再次對黃金需求做出積極貢獻。&lt;/p&gt;

&lt;h6&gt;其他貴金屬交易&lt;/h6&gt;

&lt;ul&gt;
&lt;li&gt;現貨白銀上漲 1.1%，至每盎司 31.54 美元。&lt;/li&gt;
&lt;li&gt;現貨鉑金上漲 1.9%，至每盎司 986.15 美元。&lt;/li&gt;
&lt;/ul&gt;

&lt;p&gt;但這兩種金屬本周均收跌。&lt;/p&gt;

&lt;ul&gt;
&lt;li&gt;現貨鈀金下跌 0.5% 至 1063.55 美元，但本周漲近 5%。&lt;/li&gt;
&lt;/ul&gt;
",1,1,黃金價格周五 (11 日) 漲逾 1%，係因美國通膨數據鞏固了下個月降息的前景，並將美元抑制在近日高點之下，同時中東地緣政治緊張局勢帶來的避險需求也提振了金價。,1,[],,0,0,"['GI:XAUUSDOZ:INDEX:COMMON', 'GI:XAGUSDOZ:INDEX:COMMON', 'GI:XPTUSDOZ:INDEX:COMMON', 'GF:GCCON:FUTURES:PRECIOUS_METALS', 'GF:PLCON:FUTURES:PRECIOUS_METALS', 'GF:SICON:FUTURES:PRECIOUS_METALS']",,0,"['貴金屬盤後', '黃金', '白銀', '白金']",0,1728686784,"{'xs': {'src': 'https://cimg.cnyes.cool/prod/news/5740793/xs/580a46ed43cee7b34a88aa727c11dbb8.jpg', 'width': 100, 'height': 56}, 's': {'src': 'https://cimg.cnyes.cool/prod/news/5740793/s/580a46ed43cee7b34a88aa727c11dbb8.jpg', 'width': 180, 'height': 101}, 'm': {'src': 'https://cimg.cnyes.cool/prod/news/5740793/m/580a46ed43cee7b34a88aa727c11dbb8.jpg', 'width': 380, 'height': 214}, 'l': {'src': 'https://cimg.cnyes.cool/prod/news/5740793/l/580a46ed43cee7b34a88aa727c11dbb8.jpg', 'width': 640, 'height': 360}, 'xl': {'src': 'https://cimg.cnyes.cool/prod/news/5740793/xl/580a46ed43cee7b34a88aa727c11dbb8.jpg', 'width': 960, 'height': 540}, 'xxl': {'src': 'https://cimg.cnyes.cool/prod/news/5740793/xxl/580a46ed43cee7b34a88aa727c11dbb8.jpg', 'width': 1080, 'height': 608}}",,841,能源,,"[{'name': '貴金屬', 'categoryAbbrId': 'C74'}]",[],0,0,0,
5740792,〈能源盤後〉中東劍拔弩張 周五擔憂稍緩 原油仍連周上漲,"&lt;p&gt;原油期貨周五 (11 日) 小跌，但由於投資者權衡中東衝突擴大至威脅其原由流動之可能性，周線返回上升，為連續第二周上漲。與此同時，颶風米爾頓導致美國佛州數百萬用戶斷電後，天然氣價格本周 3 跌近 8%。&lt;/p&gt;

&lt;h6&gt;能源商品價格&lt;/h6&gt;

&lt;ul&gt;
&lt;li&gt;11 月交割的西德州中質原油 (WTI) 期貨價格下跌 29 美分或 0.4%，收每桶 75.56 美元，但本周仍上漲 1.6%。&lt;/li&gt;
&lt;li&gt;12 月交割的 Brent 原油期貨價格下跌 36 美分或近 0.5%，收每桶 79.04 美元，本周仍上漲 1.3%。&lt;/li&gt;
&lt;li&gt;11 月交割汽油期貨價格下跌不到 0.1%，收每加侖 2.15 美元，本周上漲 2.7%。&lt;/li&gt;
&lt;li&gt;11 月交割熱燃油期貨價格小跌 0.3%，收每加侖 2.34 美元，本周上漲近 1.4%。&lt;/li&gt;
&lt;li&gt;11 月交割天然氣價格下跌 1.6%，收每百萬 Btu 2.63 美元，本周大跌 7.8%。&lt;/li&gt;
&lt;/ul&gt;

&lt;h6&gt;市場驅動力&lt;/h6&gt;

&lt;p&gt;CIBC Private Wealth US 高級能源交易員 Rebecca Babin 表示，原油經歷了「動盪的一周，地緣政治頭條新聞給交易員帶來了沉重打擊」。&lt;/p&gt;

&lt;p&gt;在中東局勢緊張的背景下，油價本周連續兩周上漲。然而，周五油價下跌，係因投資者對中東局勢的擔憂有所緩解，尤其是在美國拜登總統對以色列可能攻擊伊朗能源基礎設施的言論進行修正之後，以及中國未能推出廣受期待的新刺激措施，這些因素導致油價回調，儘管周五收盤仍高於當日低點。&lt;/p&gt;

&lt;p&gt;市場分析師 Fawad Razaqzada 表示，周五的交易行為突顯市場情緒的快速變化，以及在基本面疲弱的情況下，追逐地緣政治漲勢的信心普遍不足。他指出，交易者不希望在長周末前持有空頭頭寸，因為以色列可能會對伊朗發動攻擊，恐導致下周亞洲市場開盤時油價跳漲。(今年 10 月 14 日為美國假日哥倫布日)&lt;/p&gt;

&lt;p&gt;此外，Razaqzada 認為中國財政部可能宣布「實質性的財政支持來刺激疲軟的經濟」，可望緩解市場對能源需求的擔憂。隨著伊朗上周發射的彈道導彈引發的不確定性，油價也因此受到支持。以色列可能針對伊朗的石油產業進行打擊，而伊朗則可能攻擊該地區其他油氣基礎設施以作為回應。&lt;/p&gt;

&lt;p&gt;RBC 資本市場全球商品策略負責人 Helima Croft 表示，白宮可能會鼓勵以色列針對煉油廠攻擊而非石油出口設施，因為這樣的經濟衝擊可更直接地影響伊朗。然而，她也指出，美國的影響力可能不如 4 月時那樣強大，當時以色列對早期導彈攻擊的反應相對較為克制。&lt;/p&gt;

&lt;p&gt;根據報導，伊朗已警告海灣國家，別允許以色列在任何攻擊中使用其空域，否則將面臨報復。Croft 提到：「4 月時，以色列的導彈和戰機曾飛越敘利亞和伊拉克，軍事策略家指出，這條北方路徑是最有可能的攻擊路徑。」這可能使伊拉克的石油供應面臨風險，因為華盛頓官員強調了伊朗支持的民兵針對該國油氣基礎設施的威脅。&lt;/p&gt;

&lt;p&gt;在其他能源交易方面，天然氣價格本周五下跌，且本周遭受重大損失。Capital Economics 氣候和商品經濟學助理 Hamad Hussain 指出，周三在佛羅里達州登陸的米爾頓颶風使超過 300 萬人失去電力。他強調，佛羅里達州是美國僅次於德克薩斯州的第二大天然氣消費州。&lt;/p&gt;

&lt;p&gt;下周，油市交易者將關注石油輸出國組織（OPEC）周一發布的月度報告，以及國際能源署（IEA）周二的報告。Razaqzada 表示：「看空油市的投機者將關注石油需求進一步疲弱的跡象，而看漲者則可能會抓住任何有利於油價的消息。」但他強調，下周市場的焦點仍將主要集中在中東局勢上。&lt;/p&gt;
",1,1,原油期貨周五 (11 日) 小跌，但由於投資者權衡中東衝突擴大至威脅其原由流動之可能性，周線返回上升，為連續第二周上漲。與此同時，颶風米爾頓導致美國佛州數百萬用戶斷電後，天然氣價格本周 3 跌近 8%。,1,[],,0,0,"['GF:IBCON:FUTURES:ENERGY', 'GF:HOCON:FUTURES:ENERGY', 'GF:NGCON:FUTURES:ENERGY', 'GF:CL:FUTURES:COMMON', 'EOD:XBZCON:EOD:ENERGY']",,0,"['天然氣', '汽油', '石油']",0,1728683718,"{'xs': {'src': 'https://cimg.cnyes.cool/prod/news/5740792/xs/991847e55804e52bac852b44aa11e497.jpg', 'width': 100, 'height': 56}, 's': {'src': 'https://cimg.cnyes.cool/prod/news/5740792/s/991847e55804e52bac852b44aa11e497.jpg', 'width': 180, 'height': 101}, 'm': {'src': 'https://cimg.cnyes.cool/prod/news/5740792/m/991847e55804e52bac852b44aa11e497.jpg', 'width': 380, 'height': 214}, 'l': {'src': 'https://cimg.cnyes.cool/prod/news/5740792/l/991847e55804e52bac852b44aa11e497.jpg', 'width': 640, 'height': 360}, 'xl': {'src': 'https://cimg.cnyes.cool/prod/news/5740792/xl/991847e55804e52bac852b44aa11e497.jpg', 'width': 960, 'height': 540}, 'xxl': {'src': 'https://cimg.cnyes.cool/prod/news/5740792/xxl/991847e55804e52bac852b44aa11e497.jpg', 'width': 1080, 'height': 608}}",,841,能源,,"[{'name': '商品-能源', 'categoryAbbrId': 'C19'}]",[],0,0,0,
5740847,〈美股盤後〉小摩富國財報添喜 特斯拉瀉逾8% 標普道瓊締新高,"&lt;p&gt;銀行股財報來襲，美股主指週五 (11 日) 攀升，標準普爾 500 指數登新高，首次升破 5,800 點大關。道瓊指數漲超 409&nbsp;點，同步創歷史新高紀錄。&lt;/p&gt;

&lt;p&gt;摩根大通和富國銀行週五公布優於預期的財報後，金融股強勢走高。而隨著罷工持續，波音股價徘徊在 52 週低點附近。特斯拉全新無人計程車「Cyber​​cab」公布後，其股價仍狂瀉逾 8%，拖累非必需消費品板塊。&lt;/p&gt;

&lt;p&gt;三大主指連續第五週上漲，漲幅均超過 1%，這是道瓊八個月來的最佳連漲紀錄，也是那指自 5 月以來的最佳週連漲表現。&lt;/p&gt;

&lt;p&gt;財報季下週將持續如火如荼地進行，花旗、聯合航空、人工智慧晶片設備製造商 ASML、Netflix 和美國運通預計將發布財報。&lt;/p&gt;

&lt;h6&gt;美股週五 (11 日) 主要指數表現：&lt;/h6&gt;

&lt;ul&gt;
&lt;li&gt;美股道瓊指數上漲 409.74 點，或 0.97%，收 42,863.86 點。&lt;/li&gt;
&lt;li&gt;那斯達克指數上漲 60.89 點，或 0.33%，收 18,342.94 點。&lt;/li&gt;
&lt;li&gt;S&amp;P 500 指數上漲 34.98 點，或 0.61%，收 5,815.03 點。&lt;/li&gt;
&lt;li&gt;費城半導體指數上漲 42.00 點，或 0.79%，收 5,335.94 點。&lt;/li&gt;
&lt;li&gt;NYSE FANG + 指數上漲 0.73 點，或 0.0062%，收 11,805.95 點。&lt;/li&gt;
&lt;/ul&gt;

&lt;figure&gt;&lt;img alt=&quot;(圖片：shutterstock)&quot; data-height=&quot;441&quot; data-mime=&quot;image/jpeg&quot; data-ratio=&quot;1.7233560090702948&quot; data-src-m=&quot;https://cimg.cnyes.cool/prod/news/5740847/m/7bf616234cd505530814a5b413a4091c.jpg&quot; data-width=&quot;760&quot; src=&quot;https://cimg.cnyes.cool/prod/news/5740847/l/7bf616234cd505530814a5b413a4091c.jpg&quot;&gt;
&lt;figcaption&gt;標普 11 大板塊以金融、工業和房地產板塊領漲，僅資訊科技和非必需消費品 2 大板塊收黑 (圖片：finviz) &nbsp;&lt;/figcaption&gt;
&lt;/figure&gt;

&lt;h6&gt;焦點個股&lt;/h6&gt;

&lt;p&gt;NYSE FANG + 指數中的科技五大天王多收紅。Meta (META-US) 上漲 1.05%；蘋果 (AAPL-US) 跌 0.65%；Alphabet (GOOGL-US) 漲 0.72%；微軟 (MSFT-US) 漲 0.12%；亞馬遜 (AMZN-US) 漲 1.16% 。&lt;/p&gt;

&lt;p&gt;費半成分股普遍揚升。高通 (QCOM-US) 漲 0.87%；應用材料 (AMAT-US) 漲 0.54%；德儀 (TXN-US) 上漲 1.30%；AMD (AMD-US) 上漲 2.26%；輝達 (NVDA-US) 下跌 0.0074%；美光 (MU-US) 上漲 1.16%。&lt;/p&gt;

&lt;p&gt;台股 ADR 互有消長。台積電 ADR (TSM-US) 上漲 &nbsp;2.71%；日月光 ADR (ASX-US) 上漲 2.36%；聯電 ADR (UMC-US) 漲 0.62%；中華電信 ADR (CHT-US) 跌 0.21%。&lt;/p&gt;

&lt;h6&gt;企業新聞&lt;/h6&gt;

&lt;p&gt;摩根大通 (JPM-US) 大漲 4.44% 至每股 222.29 美元。此前這家美國資產最大的銀行因投資銀行業績成長，而且淨利息收入 (NII) 意外增加。&lt;/p&gt;

&lt;p&gt;富國銀行 (WFC-US) 勁揚 5.61% 至每股 60.99 美元。富國銀行第三季財報超出預期，主要因為財富管理業務保持韌性和信貸損失準備減少。&lt;/p&gt;

&lt;p&gt;美銀 (BAC-US) 強升 4.95% 至每股 41.95 美元。監管文件顯示，巴菲特旗下波克夏海瑟威 (Berkshire Hathaway Inc.) 自七月中旬拋售美銀持股迄今，美銀部位已減至 9.99%，低於 10% 揭露門檻。&lt;/p&gt;

&lt;p&gt;電車大廠特斯拉 (TSLA-US) 狂瀉 8.78% 至每股 217.80 美元。UBER (UBER-US) 飛升 10.81% 至每股 86.34 美元。&lt;/p&gt;

&lt;p&gt;特斯拉 Robotaxi 自駕計程車週四亮相，命名為 Cybercab，沒有方向盤和踏板，預計在 2026 年開始生產。分析師指出，投資人可能無法相信 2026 年量產的評論，更重要的是，該公司未能提供有關機器人出租車服務的定價或商業模式其他要素的詳細資訊。&lt;/p&gt;

&lt;h6&gt;華爾街分析&lt;/h6&gt;

&lt;p&gt;在又一個財報季即將來臨之際，投資人最關心的似乎是業績表現。&lt;/p&gt;

&lt;p&gt;美銀美國和加拿大股票策略師 Ohsung Kwon 稱：「我認為這個財報季將非常棘手。既然寬鬆週期已經開始，考慮到較低的利率環境，企業會對任何早期改善跡象有何看法？無論預測結果如何，只要企業能夠克服宏觀逆風，並看到利率下降帶來的早期改善跡象，股票就應該獲得回報。」&lt;/p&gt;

&lt;p class=&quot;warning&quot;&gt;數字皆為截稿前更新，請依照實際報價為主&lt;/p&gt;
",1,1,"市場轉向關注財報季，美股主指週五 (11 日) 攀升，標準普爾 500 指數登新高，首次升破 5,800 點大關。道瓊指數漲超 409 點，同步創歷史新高紀錄。",1,"['US-META', 'US-AAPL', 'US-GOOGL', 'US-MSFT', 'US-AMZN', 'US-QCOM', 'US-AMAT', 'US-TXN', 'US-AMD', 'US-NVDA', 'US-MU', 'US-TSM', 'US-ASX', 'US-UMC', 'US-CHT', 'US-JPM', 'US-WFC', 'US-BAC', 'US-TSLA', 'US-UBER']",,0,0,"['GI:DJI:INDEX:COMMON', 'GI:SOX:INDEX:COMMON', 'GI:IXIC:INDEX:COMMON', 'GI:INX:INDEX:COMMON', 'USS:AMD:STOCK:COMMON', 'USS:AAPL:STOCK:COMMON', 'USS:GOOGL:STOCK:COMMON', 'USS:MSFT:STOCK:COMMON', 'USS:AMZN:STOCK:COMMON', 'USS:QCOM:STOCK:COMMON', 'USS:AMAT:STOCK:COMMON', 'USS:TXN:STOCK:COMMON', 'USS:NVDA:STOCK:COMMON', 'USS:TSLA:STOCK:COMMON', 'USS:MU:STOCK:COMMON', 'USS:META:STOCK:COMMON', 'USS:ASX:STOCK:COMMON', 'USS:UMC:STOCK:COMMON', 'USS:CHT:STOCK:COMMON', 'USS:JPM:STOCK:COMMON', 'USS:WFC:STOCK:COMMON', 'USS:BAC:STOCK:COMMON', 'USS:TSM:STOCK:COMMON', 'USS:UBER:STOCK:COMMON', 'USS:META:STOCK:ETF']",,0,"['美股盤後', '財報', '金融']",1,1728682607,"{'xs': {'src': 'https://cimg.cnyes.cool/prod/news/5740847/xs/c25e592937417e00d4ede816ae6a8c28.jpg', 'width': 100, 'height': 56}, 's': {'src': 'https://cimg.cnyes.cool/prod/news/5740847/s/c25e592937417e00d4ede816ae6a8c28.jpg', 'width': 180, 'height': 101}, 'm': {'src': 'https://cimg.cnyes.cool/prod/news/5740847/m/c25e592937417e00d4ede816ae6a8c28.jpg', 'width': 380, 'height': 214}, 'l': {'src': 'https://cimg.cnyes.cool/prod/news/5740847/l/c25e592937417e00d4ede816ae6a8c28.jpg', 'width': 640, 'height': 360}, 'xl': {'src': 'https://cimg.cnyes.cool/prod/news/5740847/xl/c25e592937417e00d4ede816ae6a8c28.jpg', 'width': 960, 'height': 539}, 'xxl': {'src': 'https://cimg.cnyes.cool/prod/news/5740847/xxl/c25e592937417e00d4ede816ae6a8c28.jpg', 'width': 1080, 'height': 607}}",,831,美股雷達,,"[{'name': '產業-科技', 'categoryAbbrId': 'C37'}, {'name': '產業-能源', 'categoryAbbrId': 'C38'}]","['USS:META:STOCK', 'USS:META:STOCK']",0,0,0,"[{'code': 'AMD', 'name': '超微', 'symbol': 'USS:AMD:STOCK'}, {'code': 'AAPL', 'name': '蘋果', 'symbol': 'USS:AAPL:STOCK'}, {'code': 'GOOGL', 'name': 'Google', 'symbol': 'USS:GOOGL:STOCK'}, {'code': 'MSFT', 'name': '微軟', 'symbol': 'USS:MSFT:STOCK'}, {'code': 'AMZN', 'name': '亞馬遜', 'symbol': 'USS:AMZN:STOCK'}, {'code': 'QCOM', 'name': '高通', 'symbol': 'USS:QCOM:STOCK'}, {'code': 'AMAT', 'name': '應用材料', 'symbol': 'USS:AMAT:STOCK'}, {'code': 'TXN', 'name': '德儀', 'symbol': 'USS:TXN:STOCK'}, {'code': 'NVDA', 'name': '輝達', 'symbol': 'USS:NVDA:STOCK'}, {'code': 'TSLA', 'name': '特斯拉', 'symbol': 'USS:TSLA:STOCK'}, {'code': 'MU', 'name': '美光', 'symbol': 'USS:MU:STOCK'}, {'code': 'META', 'name': 'Ball元宇宙ETF', 'symbol': 'USS:META:STOCK'}, {'code': 'ASX', 'name': '日月光', 'symbol': 'USS:ASX:STOCK'}, {'code': 'UMC', 'name': '聯電', 'symbol': 'USS:UMC:STOCK'}, {'code': 'CHT', 'name': '中華電信', 'symbol': 'USS:CHT:STOCK'}, {'code': 'JPM', 'name': '摩根大通', 'symbol': 'USS:JPM:STOCK'}, {'code': 'WFC', 'name': '富國銀行集團', 'symbol': 'USS:WFC:STOCK'}, {'code': 'BAC', 'name': '美國銀行', 'symbol': 'USS:BAC:STOCK'}, {'code': 'TSM', 'name': '台積電', 'symbol': 'USS:TSM:STOCK'}, {'code': 'UBER', 'name': 'Uber Technologies Inc', 'symbol': 'USS:UBER:STOCK'}, {'code': 'META', 'name': 'Ball元宇宙ETF', 'symbol': 'USS:META:STOCK'}]"
5740848,〈紐約匯市〉市場消化經濟數據 美元變化不大,"&lt;p&gt;市場消化經濟數據，美元指數週五 (11 日) 變化不大。英國經濟恢復成長，但未能提振英鎊脫離一個月低點。&lt;/p&gt;

&lt;p&gt;美國勞工部週五公佈的最新經濟數據顯示，9 月批發物價指標沒有變化，顯示通膨持續放緩，聯準會可能在下個月再次降息。&lt;/p&gt;

&lt;p&gt;週四公布的數據顯示，9 月消費者物價指數月升幅達 0.3%，略高於預期，每週申請失業救濟金人數激增，顯示勞動市場疲軟。每週初領失業金人數數據受到颶風海倫的影響。下週的數據將受到颶風米爾頓的影響，這是兩週內第二次襲擊美國東南部的颶風。&lt;/p&gt;

&lt;p&gt;&lt;em&gt;&lt;strong&gt;追蹤美元兌一籃子 6 種主要貨幣的 ICE 美元指數 (DXY) 週五下跌 0.03% 報 102.86。在近期穩步攀升，並於週四突破 103 後，美元指數稍作喘息。&lt;/strong&gt;&lt;/em&gt;&lt;/p&gt;

&lt;p&gt;渣打銀行全球 G10 外匯研究主管 Steven Englander 指出；「市場感到滿意，因為沒有任何證據可以真正反駁聯準會降息的說法；唯一的爭論是他們將降息的速度有多快。」&lt;/p&gt;

&lt;p&gt;歐元兌美元持平於 1 歐元兌 1.1093 美元，英鎊兌美元上漲 0.08% 至 1 英鎊兌 1.3072 美元，美元兌日元上漲 0.35% 至 1 美元兌 149.12 日元。&lt;/p&gt;

&lt;p&gt;英國國家統計局 (ONS) 週五發布的數據顯示，在連續兩個月無成長之後，英國 8 月經濟產出月增 0.2%，符合預期，這讓財政大臣里夫斯 (Rachel Reeves) 在本月晚些時候新工黨政府推出第一份預算之前鬆了一口氣。&lt;/p&gt;

&lt;p&gt;市場還在等待中國財政部週六就財政政策舉行的記者會，人民幣兌美元匯率上漲 0.22%，至 1 美元兌 7.067 人民幣。&lt;/p&gt;

&lt;p&gt;澳幣兌美元匯率上漲 0.22%，報 1 澳幣兌 0.6753 美元，而紐幣兌美元匯率為 1 紐幣兌 0.611 美元。&lt;/p&gt;

&lt;p&gt;加密貨幣方面，比特幣大漲 5.38% 至 62,930.00 美元。以太幣上漲 3.8% 至 2,456.70 美元。&lt;/p&gt;

&lt;h6&gt;台北時間週六&nbsp;(10 月 12 日) 上午 5 時 00 分許價格：&lt;/h6&gt;

&lt;ul&gt;
&lt;li&gt;美元指數報 102.9221 美元。+0.0526%&lt;/li&gt;
&lt;li&gt; 歐元兌美元 (EURUSD) 匯率報 1 歐元兌 1.0936 美元。+0.0183%&lt;/li&gt;
&lt;li&gt; 英鎊兌美元 (GBPUSD) 匯率報 1 英鎊兌 1.3066 美元。+0.0996%&lt;/li&gt;
&lt;li&gt; 澳幣兌美元 (AUDUSD) 匯率報 1 澳幣兌 0.6751 美元。+0.1781%&lt;/li&gt;
&lt;li&gt; 美元兌加幣 (USDCAD) 匯率報 1 美元兌 1.3764 加幣。+0.1747%&lt;/li&gt;
&lt;li&gt; 美元兌日元 (USDJPY) 匯率報 1 美元兌 149.14 日元。+0.4175%&lt;/li&gt;
&lt;/ul&gt;
",1,1,市場消化經濟數據，美元指數週五 (11 日) 變化不大。英國經濟恢復成長，但未能提振英鎊脫離一個月低點。,1,[],,0,0,"['GI:DXY:INDEX:COMMON', 'FX:GBPUSD:FOREX:COMMON', 'FX:EURUSD:FOREX:COMMON', 'FX:JPYUSD:FOREX:COMMON', 'FX:CNYUSD:FOREX:COMMON', 'FX:AUDUSD:FOREX:COMMON', 'FX:NZDUSD:FOREX:COMMON', 'FX:CADUSD:FOREX:COMMON', 'CC:BTC:FOREX:COMMON', 'CC:ETH:FOREX:COMMON']",,0,"['紐約匯市', '美元', '日元', '歐元']",0,1728679146,"{'xs': {'src': 'https://cimg.cnyes.cool/prod/news/5740848/xs/d8f022995fc35bda4006c6fc199c498d.jpg', 'width': 100, 'height': 56}, 's': {'src': 'https://cimg.cnyes.cool/prod/news/5740848/s/d8f022995fc35bda4006c6fc199c498d.jpg', 'width': 180, 'height': 101}, 'm': {'src': 'https://cimg.cnyes.cool/prod/news/5740848/m/d8f022995fc35bda4006c6fc199c498d.jpg', 'width': 380, 'height': 214}, 'l': {'src': 'https://cimg.cnyes.cool/prod/news/5740848/l/d8f022995fc35bda4006c6fc199c498d.jpg', 'width': 640, 'height': 360}, 'xl': {'src': 'https://cimg.cnyes.cool/prod/news/5740848/xl/d8f022995fc35bda4006c6fc199c498d.jpg', 'width': 960, 'height': 539}, 'xxl': {'src': 'https://cimg.cnyes.cool/prod/news/5740848/xxl/d8f022995fc35bda4006c6fc199c498d.jpg', 'width': 1080, 'height': 607}}",,838,外匯,,[],[],0,0,0,
5740737,〈美股早盤〉最新財報季開啟 9月PPI持平 主要指數漲跌互見,"&lt;p&gt;美股周五 (11 日) 早盤，華爾街權衡了新的通膨數據。道瓊指數上漲 0.22%，標普 500 指數下跌 0.01%，那斯達克指數下跌 0.38%，費半下跌 0.37%。&lt;/p&gt;

&lt;p&gt;數據顯示，9 月最終需求生產者物價指數 (PPI) 持平，核心 PPI 年增 0.2% 符合預期。受到汽油價格下跌的抑制，顯示通膨進一步放緩。BMO 資本市場的 Ian Lyngen 表示：「總體而言，這是生產者價格的一次相對良性的更新。」&lt;/p&gt;

&lt;p&gt;PPIl 數據有助於緩解周四公布的 9 月消費者物價指數 (CPI) 引發的一些擔憂，CPI 月增 0.2%，年增 2.4%，均高於預期。&lt;/p&gt;

&lt;p&gt;根據 CME FedWatch 工具的數據，聯邦基金期貨交易表明，聯準會 11 月將利率下調 25 個基點的可能性約為 87%。&lt;/p&gt;

&lt;p&gt;最新財報季由兩支金融股打頭陣。摩根大通第三季獲利和營收超出預期後，股價上漲。該銀行公布的本季每股收益為 4.37 美元，遠高於 LSEG 調查分析師普遍預期的 4.01 美元。&lt;/p&gt;

&lt;p&gt;富國銀行第三季營收為 203.7 億美元，略低於 LSEG 調查分析師預期的 204.2 億美元。儘管如此，富國銀行的股價還是上漲。&lt;/p&gt;

&lt;h6&gt;截至台北時間周五 21 時許：&nbsp;&lt;/h6&gt;

&lt;ul&gt;
&lt;li&gt;道瓊指數上漲 91.77 點或 0.22%，暫報 42545.89 點&lt;/li&gt;
&lt;li&gt;那斯達克下跌 69.65 點或 0.38%，暫報 18212.4 點&lt;/li&gt;
&lt;li&gt;標普 500 下跌 0.64 點或 0.01%，暫報 5779.41 點&lt;/li&gt;
&lt;li&gt;費半下跌 19.46 點或 0.37%，暫報 5274.48 點&lt;/li&gt;
&lt;li&gt;台積電 ADR 上漲 2.35% 至每股 190.15 美元&lt;/li&gt;
&lt;li&gt;十年期美債殖利率上漲 4 個基點，至 4.10%&lt;/li&gt;
&lt;li&gt; 紐約輕原油下跌 0.75%，至每桶 75.28 美元&lt;/li&gt;
&lt;li&gt;布蘭特原油下跌 0.68%，至每桶 78.86 美元&lt;/li&gt;
&lt;li&gt;黃金上漲 0.64%，至每盎司 2646.74 美元&lt;/li&gt;
&lt;li&gt;美元指數下跌 0.05%，至 102.94&lt;/li&gt;
&lt;/ul&gt;

&lt;h6&gt;焦點個股：&lt;/h6&gt;

&lt;p&gt;&lt;em&gt;富國銀行 (WFC-US) 上漲 5.87%，報 61.14 美元&lt;/em&gt;&lt;/p&gt;

&lt;p&gt;富國銀行第 3 季獲利下降，因為該行的利息收入受到貸款需求疲軟和利息支付的壓縮。這家美國第四大銀行表示，截至 9 月 30 日當季淨利為 51.1 億美元，低於去年同期的 57.8 億美元。&lt;/p&gt;

&lt;p&gt;富國銀行第 3 季淨利息收入 (NII) 下降 11% 至 116.9 億美元。根據 LSEG 估計，分析師平均預測為 118.7 億美元。&lt;/p&gt;

&lt;p&gt;近年來隨著聯準會升息而受益的銀行利息收入，預計將在 2024 年底前持續下降。&lt;/p&gt;

&lt;p&gt;&lt;em&gt;摩根大通 (JPM-US) 上漲 3.18%，報 219.59 美元&lt;/em&gt;&lt;/p&gt;

&lt;p&gt;摩根大通表示，由於潛在貸款違約提撥增加抵消了投資銀行業務的收益，該銀行第 3 季獲利下降。隨著消費者耗盡疫情期間積累的儲蓄，銀行業正在將提高現金部位到典型水平，以在借款人拖欠貸款時發揮保障作用。&lt;/p&gt;

&lt;p&gt;該行華爾街業務的收入也超出了分析師的預期，投銀業務費用收入成長 31%，高於預期的 16%。股票交易收入成長 27%。&lt;/p&gt;

&lt;p&gt;&lt;em&gt;特斯拉 (TSLA-US) 下跌 8.92%，報 217.48 美元&lt;/em&gt;&lt;/p&gt;

&lt;p&gt;美東時間周四晚上，馬斯克透露了特斯拉的 Cyber​​cab 概念車&mdash;一款低矮的銀色兩座車，沒有方向盤或踏板，這項計畫是讓汽車在啟動時能夠自動駕駛。&lt;/p&gt;

&lt;p&gt;馬斯克表示，公司希望在 2027 年之前生產 Cyber​​cab，但他並未提供有關汽車生產地點的詳細資訊。他表示，消費者可以以低於 3 萬美元的價格購買特斯拉 Cyber​​cab。&lt;/p&gt;

&lt;p&gt;加拿大皇家銀行資本市場分析師 Tom Narayan 表示，「我們在活動中採訪的投資者認為，該活動沒有真實的數字和時間表。」 「我們預計股價會走低。」&lt;/p&gt;

&lt;h6&gt;華爾街分析：&lt;/h6&gt;

&lt;p&gt;Bank J.Safra Sarasin 股票策略師 Wolf von Rotberg 上調了標普 500 指數未來幾個季度的目標，並認為銀行業「盈利有令人驚訝的上行空間，因為自 9 月初以來，經濟周期總體有所改善。」&lt;/p&gt;

&lt;p&gt;根據消費金融服務公司 Bankrate 對一些頂級分析師的調查，他們似乎普遍認為，未來 12 個月美國股市將僅上漲 4.1%，低於 10% 的長期年平均水準。&lt;/p&gt;
",1,1,美股周五 (11 日) 早盤，華爾街權衡了新的通膨數據。道瓊指數上漲 0.22%，標普 500 指數下跌 0.01%，那斯達克指數下跌 0.38%，費半下跌 0.37%。,1,"['US-WFC', 'US-JPM', 'US-TSLA']",,0,0,"['GI:DJI:INDEX:COMMON', 'GI:INX:INDEX:COMMON', 'GI:IXIC:INDEX:COMMON', 'GI:SOX:INDEX:COMMON', 'GI:XAUUSDOZ:INDEX:COMMON', 'GI:DXY:INDEX:COMMON', 'GF:US10YY:FUTURES:BOUND', 'GF:IBCON:FUTURES:ENERGY', 'USS:WFC:STOCK:COMMON', 'USS:JPM:STOCK:COMMON', 'USS:TSLA:STOCK:COMMON']",,0,"['富國銀行', '財報季', '金融股', 'PPI', 'CPI', '美股早盤']",1,1728654209,"{'xs': {'src': 'https://cimg.cnyes.cool/prod/news/5740737/xs/937b56d5c3491410920a4daf150887ab.jpg', 'width': 100, 'height': 56}, 's': {'src': 'https://cimg.cnyes.cool/prod/news/5740737/s/937b56d5c3491410920a4daf150887ab.jpg', 'width': 180, 'height': 101}, 'm': {'src': 'https://cimg.cnyes.cool/prod/news/5740737/m/937b56d5c3491410920a4daf150887ab.jpg', 'width': 380, 'height': 214}, 'l': {'src': 'https://cimg.cnyes.cool/prod/news/5740737/l/937b56d5c3491410920a4daf150887ab.jpg', 'width': 640, 'height': 360}, 'xl': {'src': 'https://cimg.cnyes.cool/prod/news/5740737/xl/937b56d5c3491410920a4daf150887ab.jpg', 'width': 960, 'height': 539}, 'xxl': {'src': 'https://cimg.cnyes.cool/prod/news/5740737/xxl/937b56d5c3491410920a4daf150887ab.jpg', 'width': 1080, 'height': 607}}",,831,美股雷達,,[],[],0,0,0,"[{'code': 'WFC', 'name': '富國銀行集團', 'symbol': 'USS:WFC:STOCK'}, {'code': 'JPM', 'name': '摩根大通', 'symbol': 'USS:JPM:STOCK'}, {'code': 'TSLA', 'name': '特斯拉', 'symbol': 'USS:TSLA:STOCK'}]"
5740763,降息風向轉變 美國股票型基金出現淨流出,"&lt;p&gt;由於市場對聯準會降息路徑的預期轉變以及債券殖利率飆升，投資人獲利了結。截至 10 月 9 日當周，美國股票基金出現資金流出。&lt;/p&gt;

&lt;p&gt;根據 LSEG 的數據，投資者繼前周淨買入 308.6 億美元的美國股票基金後，本周淨賣出價值 3.42 億美元的美國股票基金。&lt;/p&gt;

&lt;p&gt;由於上個月美國非農就業報告強於預期，投資人上周下修對聯準會未來降息的預期。&lt;/p&gt;

&lt;p&gt;10 年期美國公債殖利率周四 (10 日) 觸及 2 年半來高點 4.12%，削弱了大型成長股的獲利預期。&lt;/p&gt;

&lt;p&gt;投資人淨撤資美國大型股基金 42.5 億美元，而一周前為淨買入 354.7 億美元。他們也放棄了 9.19 億美元的中型股基金，但分別買進 1.97 億美元和 1.18 億美元的多類型基金和小型基金。&lt;/p&gt;

&lt;p&gt;然而，產業股票基金的資金流入量為 7.3 億美元，其中科技、金屬和採礦業分別吸引了 6.39 億美元和 2.51 億美元的資金流入。&lt;/p&gt;

&lt;p&gt;同時，美國債券基金連續第 19 周獲得資金流入，價值約 33.7 億美元。&lt;/p&gt;

&lt;p&gt;中短期投資等級基金吸引了 15 億美元的資金，連續第 4 周流入。美國投資人也買進淨值分別為 10.6 億美元和 6.82 億美元的一般國內應稅基金和貸款參與基金。&lt;/p&gt;

&lt;p&gt;同時，貨幣市場基金淨投資額達 25.4 億美元，連續第 3 周淨買進。&lt;/p&gt;
",1,1,由於市場對聯準會降息路徑的預期轉變以及債券殖利率飆升，投資人獲利了結。截至 10 月 9 日當周，美國股票基金出現資金流出。,1,[],,0,1,[],,0,"['股票基金', '淨流出', '淨流入', '降息', '債券殖利率']",0,1728654002,"{'xs': {'src': 'https://cimg.cnyes.cool/prod/news/5740763/xs/bf3d1cb6dbe6a88239255eae019f8691.jpg', 'width': 100, 'height': 56}, 's': {'src': 'https://cimg.cnyes.cool/prod/news/5740763/s/bf3d1cb6dbe6a88239255eae019f8691.jpg', 'width': 180, 'height': 101}, 'm': {'src': 'https://cimg.cnyes.cool/prod/news/5740763/m/bf3d1cb6dbe6a88239255eae019f8691.jpg', 'width': 380, 'height': 214}, 'l': {'src': 'https://cimg.cnyes.cool/prod/news/5740763/l/bf3d1cb6dbe6a88239255eae019f8691.jpg', 'width': 640, 'height': 360}, 'xl': {'src': 'https://cimg.cnyes.cool/prod/news/5740763/xl/bf3d1cb6dbe6a88239255eae019f8691.jpg', 'width': 960, 'height': 539}, 'xxl': {'src': 'https://cimg.cnyes.cool/prod/news/5740763/xxl/bf3d1cb6dbe6a88239255eae019f8691.jpg', 'width': 1080, 'height': 607}}",,831,美股雷達,,[],[],0,0,0,
5740764,電動車需求雖不振 Polestar預期第4季獲利率回至正值,"&lt;p&gt;Polestar (PSNY-US) 周五 (11 日) 表示，雖然第 3 季電動車交車量下降 14%，但預計第 4 季將實現正毛利率。&lt;/p&gt;

&lt;p&gt;這家瑞典公司的股價在周五盤前交易下跌了 4%。&lt;/p&gt;

&lt;p&gt;Polestar 由中國吉利控股，該公司一直在努力應對由於高利率等因素導致汽車需求疲軟的問題，促使消費者轉向更便宜的混合動力汽車。&lt;/p&gt;

&lt;p&gt;Polestar 最近經歷重大改組，更換了執行長、設計主管、董事會主席，並任命新的財務長。&lt;/p&gt;

&lt;p&gt;新任執行長羅雪樂 (Michael Lohscheller) 在 10 月 1 日上任以來的首次公開聲明中表示，他看到了可以繼續發展的良好基礎，並且正在對其策略和營運進行審查。&lt;/p&gt;

&lt;p&gt;該公司將於 1 月 16 日提供業務和策略的最新資訊以及完整的第 3 季財務數據。&lt;/p&gt;

&lt;p&gt;Polestar 表示，由於市場條件困難以及受到進口關稅的影響，預計全年收入將與去年持平。該公司 2023 年營收 23.8 億美元。&lt;/p&gt;

&lt;p&gt;Polestar 也重申明年年底實現現金流收支平衡的目標，但銷售量低於先前的目標。&lt;/p&gt;

&lt;p&gt;該公司第 3 季交車 11900 輛，而去年同期為 13900 輛。&lt;/p&gt;

&lt;p&gt;美國和歐洲對中國進口產品徵收關稅迫使 Polestar 擴大其在美國的生產基地，並退出目前其大部分汽車的生產地中國。&lt;/p&gt;

&lt;p&gt;該公司 8 月表示，已實現外部融資 13 億美元的目標。&lt;/p&gt;

&lt;p&gt;該公司表示，鑑於當前的市場狀況和預期表現，該公司正在與其主要貸款機構進行建設性對話，它們仍然支持其貸款契約。&lt;/p&gt;
",1,1,Polestar (PSNY-US) 周五 (11 日) 表示，雖然第 3 季電動車交車量下降 14%，但預計第 4 季將實現正毛利率。,1,['US-PSNY'],,0,1,['USS:PSNY:STOCK:COMMON'],,0,"['Polestar', '電動車', '交車']",0,1728653403,"{'xs': {'src': 'https://cimg.cnyes.cool/prod/news/5740764/xs/dd222d49c12488439d2136d0c214fa56.jpg', 'width': 100, 'height': 56}, 's': {'src': 'https://cimg.cnyes.cool/prod/news/5740764/s/dd222d49c12488439d2136d0c214fa56.jpg', 'width': 180, 'height': 101}, 'm': {'src': 'https://cimg.cnyes.cool/prod/news/5740764/m/dd222d49c12488439d2136d0c214fa56.jpg', 'width': 380, 'height': 214}, 'l': {'src': 'https://cimg.cnyes.cool/prod/news/5740764/l/dd222d49c12488439d2136d0c214fa56.jpg', 'width': 640, 'height': 360}, 'xl': {'src': 'https://cimg.cnyes.cool/prod/news/5740764/xl/dd222d49c12488439d2136d0c214fa56.jpg', 'width': 960, 'height': 539}, 'xxl': {'src': 'https://cimg.cnyes.cool/prod/news/5740764/xxl/dd222d49c12488439d2136d0c214fa56.jpg', 'width': 1080, 'height': 607}}",,831,美股雷達,,[],[],0,0,0,"[{'code': 'PSNY', 'name': '', 'symbol': 'USS:PSNY:STOCK'}]"
5740765,美國9月PPI持平 低於預期 顯示通膨繼續放緩,"&lt;p&gt;勞工部周五 (11 日) 發布報告，9 月批發物價指標沒有變化，顯示通膨持續放緩。&lt;/p&gt;

&lt;p&gt;衡量生產者從商品和服務中獲得收入的生產者物價指數 (PPI) 本月持平，較去年同期上漲 1.8%。接受《道瓊》調查的經濟學家預計，繼 8 月成長 0.2% 後，9 月增幅將達到 0.1%。&lt;/p&gt;

&lt;p&gt;剔除食品和能源後，PPI 上漲 0.2%，符合預期。&lt;/p&gt;

&lt;p&gt;PPI 報告發布前一天，勞工部報告指出，消費者物價指數 (CPI) 顯示消費者實際支付商品和服務費用 9 月上漲&nbsp; 0.2%，較上年同期上漲 2.4%。&lt;/p&gt;

&lt;p&gt;市場對這些數據反應不大，華爾街股市期貨小幅走高，長期證券的公債殖利率上漲。&lt;/p&gt;

&lt;p&gt;總之，這些數據證明通膨已經脫離 2 年多前達到的頂峰，但仍基本保持在聯準會 2% 的目標之上。&lt;/p&gt;

&lt;p&gt;在 PPI 中，最終需求商品價格下降 0.2%，抵銷了服務業價格 0.2% 的漲幅。剔除核心 PPI 中的貿易服務，該指數上漲 0.1%。&lt;/p&gt;

&lt;p&gt;存款服務成本上漲 3%，推動服務指數走高，而專業和商業設備批發價格則下跌 6.3%。&lt;/p&gt;

&lt;p&gt;在商品方面，能源最終需求下降 2.7% 是造成下降的主要因素。同樣，汽油指數下跌 5.6%，抑制了商品指數的漲幅。柴油價格暴跌 17.6%。&lt;/p&gt;

&lt;p&gt;聯準會官員近日表示相信，即使住房、食品和車輛成本等某些方面的成本一直居高不下，但通膨將回到目標水準。9 月的會議紀錄顯示，政策制訂者對於將聯準會基準利率調降半個百分點的決定存在分歧。&lt;/p&gt;

&lt;p&gt;大多數官員表示，只要數據有利，他們就會繼續降息。市場預計聯準會將在今年底前兩次會議上每次降息 0.25 個百分點。&lt;/p&gt;
",1,1,勞工部周五 (11 日) 發布報告，9 月批發物價指標沒有變化，顯示通膨持續放緩。,1,[],,0,1,['GI:DJI:INDEX:COMMON'],,0,"['PPI', '通膨', '聯準會']",1,1728653158,"{'xs': {'src': 'https://cimg.cnyes.cool/prod/news/5740765/xs/bc5072c958a0a15f36f4cbee4da7af14.jpg', 'width': 100, 'height': 56}, 's': {'src': 'https://cimg.cnyes.cool/prod/news/5740765/s/bc5072c958a0a15f36f4cbee4da7af14.jpg', 'width': 180, 'height': 101}, 'm': {'src': 'https://cimg.cnyes.cool/prod/news/5740765/m/bc5072c958a0a15f36f4cbee4da7af14.jpg', 'width': 380, 'height': 214}, 'l': {'src': 'https://cimg.cnyes.cool/prod/news/5740765/l/bc5072c958a0a15f36f4cbee4da7af14.jpg', 'width': 640, 'height': 360}, 'xl': {'src': 'https://cimg.cnyes.cool/prod/news/5740765/xl/bc5072c958a0a15f36f4cbee4da7af14.jpg', 'width': 960, 'height': 539}, 'xxl': {'src': 'https://cimg.cnyes.cool/prod/news/5740765/xxl/bc5072c958a0a15f36f4cbee4da7af14.jpg', 'width': 1080, 'height': 607}}",,831,美股雷達,,[],[],0,0,0,
5740756,「科創板八條」後 上交所又一細則落地,"&lt;p&gt;上海證券交易所周五 (11 日) 發佈《上海證券交易所發行上市審核規則適用指引第 6 號&mdash;&mdash;輕資產、高研發投入認定標準（試行）》，明確了科創板上市公司再融資適用「輕資產、高研發投入」的範圍、具體認定標準等具體事項。&lt;/p&gt;

&lt;p&gt;根據《指引》，被認定具有「輕資產、高研發投入」特點的科創板公司，再融資時募集資金投向不再受「30% 的補流比例」限制，但超過 30% 的部分只可用于主營業務相關的研發投入。&lt;/p&gt;

&lt;p&gt;這意味著，符合認定標準的科創板公司，再融資時的募集資金，可大部分用於研發投入。&lt;/p&gt;

&lt;p&gt;據上交所通知，為了貫徹落實《中國證監會關於深化科創板改革 服務科技創新和新質生產力發展的八條措施》要求，細化「輕資產、高研發投入」企業的認定標準，鼓勵科創板上市公司加大研發投入，提升科技創新能力，上海證券交易所制定了《上海證券交易所發行上市審核規則適用指引第 6 號&mdash;&mdash;輕資產、高研發投入認定標準（試行）》，現予發佈，並自發佈之日起施行。&lt;/p&gt;

&lt;p&gt;《指引》共 12 條，明確了科創板「輕資產、高研發投入」企業認定標準的適用範圍、具體認定標準、核查要求、信息披露要求以及募集資金監管要求等事項。&lt;/p&gt;

&lt;p&gt;主要內容如下：&lt;/p&gt;

&lt;p&gt;一是明確適用範圍。明確《指引》規定的「輕資產、高研發投入」企業認定標準的適用範圍，為適用《18 號意見》第五條的具有輕資產、高研發投入特點的科創板企業。&lt;/p&gt;

&lt;p&gt;二是細化認定標準。《18 號意見》提出了具有「輕資產、高研發投入」特點企業的概念。在此基礎上，《指引》進一步細化、明確了「輕資產、高研發投入」企業的具體認定標準。&lt;/p&gt;

&lt;p&gt;三是壓嚴壓實中介機構責任。明確保薦機構及申報會計師應重點關注並核查的「輕資產、高研發投入」企業認定相關事項，並要求出具專項核查意見。&lt;/p&gt;

&lt;p&gt;四是強化信息披露要求。要求公司應當在募集說明書中新增披露公司符合「輕資產、高研發投入」相關要求的情況、本次募集資金用於補充流動資金和償還債務比例超過 30% 的合理性，並強化與本次募投項目研發支出、研發內容、研發風險等相關的信息披露。&lt;/p&gt;

&lt;p&gt;五是加強募集資金監管。要求公司應當在年度報告及前募鑒證報告中披露募集資金使用及研發項目推進的情況。加強對補充流動資金和償還債務超過 30% 比例部分的募集資金用途變更的監管。&lt;/p&gt;
",1,1,上海證券交易所周五 (11 日) 發佈《上海證券交易所發行上市審核規則適用指引第 6 號——輕資產、高研發投入認定標準（試行）》，明確了科創板上市公司再融資適用「輕資產、高研發投入」的範圍、具體認定標準等具體事項。,1,[],,0,0,[],,0,"['上交所', '科創板', '細則', '輕資產', '高研發', '中國股市']",0,1728651604,"{'xs': {'src': 'https://cimg.cnyes.cool/prod/news/5740756/xs/60cf581261def29c4ad0dbe112c02323.jpg', 'width': 100, 'height': 56}, 's': {'src': 'https://cimg.cnyes.cool/prod/news/5740756/s/60cf581261def29c4ad0dbe112c02323.jpg', 'width': 180, 'height': 101}, 'm': {'src': 'https://cimg.cnyes.cool/prod/news/5740756/m/60cf581261def29c4ad0dbe112c02323.jpg', 'width': 380, 'height': 214}, 'l': {'src': 'https://cimg.cnyes.cool/prod/news/5740756/l/60cf581261def29c4ad0dbe112c02323.jpg', 'width': 640, 'height': 360}, 'xl': {'src': 'https://cimg.cnyes.cool/prod/news/5740756/xl/60cf581261def29c4ad0dbe112c02323.jpg', 'width': 960, 'height': 539}, 'xxl': {'src': 'https://cimg.cnyes.cool/prod/news/5740756/xxl/60cf581261def29c4ad0dbe112c02323.jpg', 'width': 1080, 'height': 607}}",,835,A股,,[],[],0,0,0,
5740750,樂意新遊戲+併購效益顯現 9月營收年增1倍,"&lt;p&gt;遊戲業者樂意 (7584-TW) 今 (11) 日公告 9 月營收隨著併購韓國遊戲開發商 Naddic Games 效益顯現，營收 9667 萬元，年增 113%、累計前 9 月營收 7.24 億元，年增 6 成，創歷史新高。&lt;/p&gt;

&lt;p&gt;樂意看好遊戲 IP 產業的未來成長趨勢，今年 9 月透過海外併購策略，將韓國遊戲開發商 Naddic Games 併入集團事業，營收同步自 9 月份開始貢獻。此外，樂意旗下遊戲《失落的方舟：LOST ARK》、《新王者之劍》等遊戲穩定挹注，帶動樂意迎來強勁成長動能。&lt;/p&gt;

&lt;p&gt;樂意進一步表示，Naddic Games 主力遊戲《封印者：CLOSERS》營運遍及韓國、台灣、中國、日本等地市場，擁有大量忠實玩家，每年營收來源維持穩定，2023 年全年營收達韓幣 150 億元 (約新台幣 3.64 億元)。&lt;/p&gt;

&lt;p&gt;Naddic Games 近年雖因大幅投入開發成本而影響獲利表現，但樂意認為，從遊戲開發長遠角度來看，深耕內容與遊戲開發對公司發展有利，且隨著持續深化合作，未來更可進一步發揮規模經濟優勢，維持集團穩健營運發展動能。&lt;/p&gt;

&lt;p&gt;樂意表示，旗下重磅遊戲《失落的方舟：LOST ARK》熱度持續，活躍用戶數保持穩定，近日舉辦線下見面會也宣布 10 月至 12 月改版更新計畫，未來也將持續優化遊戲內容，透過強化市場推廣及玩家互動，進一步擴大《失落的方舟》遊戲市場，帶動公司整體業績成長。&lt;/p&gt;
",1,1,遊戲業者樂意 (7584-TW) 今 (11) 日公告 9 月營收隨著併購韓國遊戲開發商 Naddic Games 效益顯現，營收 9667 萬元，年增 113%、累計前 9 月營收 7.24 億元，年增 6 成，創歷史新高。,1,['7584'],,0,0,"['TWS:7584:STOCK:COMMON', 'FX:KRWUSD:FOREX:COMMON', 'FX:USDTWD:FOREX:COMMON']",,0,"['樂意', '遊戲', '營收']",0,1728649595,"{'xs': {'src': 'https://cimg.cnyes.cool/prod/news/5740750/xs/ad0862f9ba588e7c704954709a5ffd3e.jpg', 'width': 100, 'height': 56}, 's': {'src': 'https://cimg.cnyes.cool/prod/news/5740750/s/ad0862f9ba588e7c704954709a5ffd3e.jpg', 'width': 180, 'height': 101}, 'm': {'src': 'https://cimg.cnyes.cool/prod/news/5740750/m/ad0862f9ba588e7c704954709a5ffd3e.jpg', 'width': 380, 'height': 214}, 'l': {'src': 'https://cimg.cnyes.cool/prod/news/5740750/l/ad0862f9ba588e7c704954709a5ffd3e.jpg', 'width': 640, 'height': 360}, 'xl': {'src': 'https://cimg.cnyes.cool/prod/news/5740750/xl/ad0862f9ba588e7c704954709a5ffd3e.jpg', 'width': 960, 'height': 540}, 'xxl': {'src': 'https://cimg.cnyes.cool/prod/news/5740750/xl/ad0862f9ba588e7c704954709a5ffd3e.jpg', 'width': 960, 'height': 540}}",,827,台股新聞,,[],[],0,0,0,"[{'code': '7584', 'name': '樂意', 'symbol': 'TWS:7584:STOCK'}]"
5740735,投資人想知道的 馬斯克都沒有具體答案 分析師給出差評,"&lt;p&gt;馬斯克 (Elon Musk) 推出的自動駕駛計程車原型，讓特斯拉 (TSLA-US) 的一些投資者感到失望，許多人期待更多細節，了解這家汽車製造商如何實現他最新的機器人汽車預測。&lt;/p&gt;

&lt;p&gt;美東時間周四 (10 日) 晚間，特斯拉執行長推出了一款名為 Cyber​​cab 的時尚兩座轎車，並表示可能會在 2026 年開始生產，而該車的成本可能會低於 3 萬美元。&lt;/p&gt;

&lt;p&gt;但這次發布會並未討論特斯拉將如何從銷售先進的駕駛輔助功能，到全自動駕駛汽車的飛躍。馬斯克的演講缺乏技術細節，並掩蓋了包括監管或公司是否將擁有和經營自己的網路計程車車隊等主題。&lt;/p&gt;

&lt;p&gt;自 4 月中以來，人們對此就抱持高度期待，讓特斯拉飆升近 70%，但馬斯克交出的成績單缺乏具體細節，造成特斯拉股價盤前下跌近 6%。&lt;/p&gt;

&lt;p&gt;參加此次活動的 Laffer Tengler Investments 執行長、特斯拉投資者 Laffer Tengler 表示，馬斯克提出的概念都很宏偉，但唯一具體的是一輛 Cyber​​cab 的售價為 3 萬美元。&lt;/p&gt;

&lt;h6&gt;缺少進一步細節&lt;/h6&gt;

&lt;p&gt;特斯拉多年來一直在銷售一套被稱為全自動駕駛（FSD）的功能，這些功能需要持續的監督，並且無法使其車輛實現自動駕駛。&lt;/p&gt;

&lt;p&gt;馬斯克周四表示，該公司預計明年某個時候，德州和加州的 Model 3 和 Model Y 車主將不再需要監管這些功能。雖然這位執行長粗略地透露了 Cyber​​cab 何時準備就緒，但他沒有透露特斯拉何時生產 Robovan。&lt;/p&gt;

&lt;p&gt;加拿大皇家銀行資本市場分析師 Tom Narayan 表示，「我們在活動中採訪的投資者認為，該活動沒有真實的數字和時間表。」 「我們預計股價會走低。」&lt;/p&gt;

&lt;p&gt;據《華爾街日報》指出，關於特斯拉的無人駕駛計程車業務模式，馬斯克基本未提供什麼新細節，例如對收入或市場規模的預測。&lt;/p&gt;

&lt;p&gt;過去，馬斯克曾將無人駕駛計程車業務比作 Uber 與愛彼迎 (Airbnb) 的結合體，特斯拉會運營自己的車輛，並從特斯拉車主們的車輛載客收入中抽成。&lt;/p&gt;

&lt;p&gt;馬斯克沒有詳細說明特斯拉將如何應對無人駕駛汽車上路面臨的監管障礙，只是說該公司會在獲批的地方提供該服務。一些涉及自動駕駛汽車的備受關注的事故已促使監管機構審視運營這些車輛的公司。&lt;/p&gt;

&lt;p&gt;財經媒體《巴倫周刊》認為，馬斯克「今晚說的幾乎所有話都以前說過。投資者可能會覺得這次發佈會上缺少安全數據。」&lt;/p&gt;

&lt;p&gt;汽車研究和購買網站 Edmunds 負責人 Jessica Caldwell 表示，馬斯克在描繪交通運輸的理想未來方面做得非常出色，不僅可以節省我們的時間，還可以提高安全性。 「但從實際角度來看，如何實現這一目標仍然存在許多問題。」&lt;/p&gt;

&lt;h6&gt;Cybercab 仍相當吸睛&lt;/h6&gt;

&lt;p&gt;周四發佈會現場，共有 50 台無人駕駛汽車，其中有 20 輛 Cybercab 以供體驗。馬斯克是坐著特斯拉 Robotaxi 的原型車登場的，這款車被命名為「Cybercab」，這款小車採用鷗翼門和兩門兩座版設計，適合坐 2 個成年人。&lt;/p&gt;

&lt;p&gt;目前 FSD 最新的版本是 V12.5.4，能夠提供智能召喚功能。用戶只需下載一個 Robotaxi APP，就可以通過這個 APP 召喚附近的無人駕駛特斯拉汽車進行接送。&lt;/p&gt;

&lt;p&gt;這個軟體的界面會顯示路線、目的地等內容，同時用戶還可以調節車內溫度、選擇乘坐人數、控制車內音樂等操作。&lt;/p&gt;

&lt;p&gt;在行駛過程中，用戶還可以介入中控螢幕，進行工作、娛樂等多項活動。不僅駕駛不需要人，在 Cybercab 這款車上，充電也實現了「無人」操作。&lt;/p&gt;

&lt;p&gt;車輛沒有實體充電接口，引入了無線感應充電技術。據此前報道，僅在這個功能上，特斯拉就研發了四項新專利，原理就是車輛可以通過內置的感應線圈與地面上的無線充電墊進行能量傳輸，從而實現無需人工介入的自動充電。&lt;/p&gt;

&lt;p&gt;由於在技術方面，Cybercab 依靠 AI 和視覺系統，所以和 Waymo 等自動駕駛公司應用的雷達和傳感器相比，成本大大降低。&lt;/p&gt;
",1,1,馬斯克 (Elon Musk) 推出的自動駕駛計程車原型讓特斯拉公司的一些投資者感到失望，許多人期待更多細節，了解這家汽車製造商如何實現他最新的機器人汽車預測。,1,['US-TSLA'],,0,0,['USS:TSLA:STOCK:COMMON'],,0,"['馬斯克', '無人駕駛', '計程車', '自動駕駛', '特斯拉', 'Cyber\u200b\u200bcab']",0,1728649505,"{'xs': {'src': 'https://cimg.cnyes.cool/prod/news/5740735/xs/cc4713b22bc69a71978d37358babc930.jpg', 'width': 100, 'height': 56}, 's': {'src': 'https://cimg.cnyes.cool/prod/news/5740735/s/cc4713b22bc69a71978d37358babc930.jpg', 'width': 180, 'height': 101}, 'm': {'src': 'https://cimg.cnyes.cool/prod/news/5740735/m/cc4713b22bc69a71978d37358babc930.jpg', 'width': 380, 'height': 214}, 'l': {'src': 'https://cimg.cnyes.cool/prod/news/5740735/l/cc4713b22bc69a71978d37358babc930.jpg', 'width': 640, 'height': 360}, 'xl': {'src': 'https://cimg.cnyes.cool/prod/news/5740735/xl/cc4713b22bc69a71978d37358babc930.jpg', 'width': 960, 'height': 540}, 'xxl': {'src': 'https://cimg.cnyes.cool/prod/news/5740735/xxl/cc4713b22bc69a71978d37358babc930.jpg', 'width': 1080, 'height': 607}}",,831,美股雷達,,[],[],0,0,0,"[{'code': 'TSLA', 'name': '特斯拉', 'symbol': 'USS:TSLA:STOCK'}]"
5741001,宣德墨西哥、越南廠逐步貢獻 未來年產值估逾20億元,"&lt;p&gt;連接器廠宣德 (5457-TW) 表示，目前訂單能見度達明年，隨著墨西哥廠擴產及越南新廠投產，在新客戶、新訂單量產出貨下，預計未來 2 廠區每年將可以貢獻 20 億元以上的年產值。&lt;/p&gt;

&lt;p&gt;宣德表示，明年公司工作目標在提升生產效率與獲利，並將持續投資在產品開發及製程能力，目前集團含子公司在全球管理共六地、11 個廠區來搭配客戶群的策略規劃。&lt;/p&gt;

&lt;p&gt;宣德進一步指出，越南新廠預定本季落成完工，將小量試產電腦周邊產品，明年則新增策略企業等級影音聲學產品，未來新廠區將伴隨新訂單量產而提升稼動率，營運動能可期。&lt;/p&gt;

&lt;p&gt;墨西哥廠方面，宣德表示，車用客戶已於&nbsp;7 月開始正式量產出貨，未來能就近服務美國境內車廠供應鏈、低軌衛星通訊產業等，年底將按計畫增加產能，反映明年訂單需求。&lt;/p&gt;

&lt;p&gt;宣德 9 月營收 25 億元，月增 5.3%、年增 43.7%；第三季營收 71.07 億元，季增 45.2%、年增 42.8%，分創歷史單月、單季新高，累計前 9 月營收 161.57 億元，也是同期最佳，年增 28.1%。&lt;/p&gt;
",1,1,連接器廠宣德 (5457-TW) 表示，目前訂單能見度達明年，隨著墨西哥廠擴產及越南新廠投產，在新客戶、新訂單量產出貨下，預計未來 2 廠區每年將可以貢獻 20 億以上的年產值。,1,['5457'],,0,0,['TWS:5457:STOCK:COMMON'],,0,"['宣德', '連接器', '越南', '墨西哥']",1,1728804627,"{'xs': {'src': 'https://cimg.cnyes.cool/prod/news/5741001/xs/ad46432c761ada54c071d393a939f4f0.jpg', 'width': 100, 'height': 56}, 's': {'src': 'https://cimg.cnyes.cool/prod/news/5741001/s/ad46432c761ada54c071d393a939f4f0.jpg', 'width': 180, 'height': 101}, 'm': {'src': 'https://cimg.cnyes.cool/prod/news/5741001/m/ad46432c761ada54c071d393a939f4f0.jpg', 'width': 380, 'height': 214}, 'l': {'src': 'https://cimg.cnyes.cool/prod/news/5741001/l/ad46432c761ada54c071d393a939f4f0.jpg', 'width': 640, 'height': 360}, 'xl': {'src': 'https://cimg.cnyes.cool/prod/news/5741001/xl/ad46432c761ada54c071d393a939f4f0.jpg', 'width': 960, 'height': 540}, 'xxl': {'src': 'https://cimg.cnyes.cool/prod/news/5741001/xl/ad46432c761ada54c071d393a939f4f0.jpg', 'width': 960, 'height': 540}}",,827,台股新聞,,[],[],0,0,0,"[{'code': '5457', 'name': '宣德', 'symbol': 'TWS:5457:STOCK'}]"
5740995,中國9月CPI年增0.4%弱於預期  PPI連續24個月下降,"&lt;p&gt;中國 9 月消費者物價 (CPI) 漲幅低於預期，而工業出廠價格 (PPI) 連續 24 個月下降，凸顯需要進一步的政策，支持來幫助經濟擺脫通貨緊縮。&lt;/p&gt;

&lt;p&gt;中國國家統計局周日 (13 日) 公布，9 月份，CPI 年率上漲 0.4%，漲幅比上月回落 0.2 個百分點，低於經濟學家調查中 0.6% 的預測中位數，與前月相比持平。&lt;/p&gt;

&lt;figure&gt;&lt;img data-height=&quot;436&quot; data-mime=&quot;image/webp&quot; data-ratio=&quot;1.7431192660550459&quot; data-src-m=&quot;https://cimg.cnyes.cool/prod/news/5740995/m/440efb8c7c57169857ebcbf5a746c018.jpg&quot; data-width=&quot;760&quot; src=&quot;https://cimg.cnyes.cool/prod/news/5740995/l/440efb8c7c57169857ebcbf5a746c018.jpg&quot;&gt;&lt;/figure&gt;

&lt;p&gt;PPI 下降 2.8%，降幅比上月擴大 1.0 個百分點，經濟學家先前預測將下降 2.6%。與前月相較下降 0.6%，降幅比上月收窄 0.1 個百分點。&lt;/p&gt;

&lt;p&gt;這些數據凸顯了政策制定者在九月底推出一系列刺激措施，以重振經濟前國內需求的疲軟。中國正面臨自 1990 年代以來最長的通貨緊縮期，截至 6 月份，整體經濟價格的廣泛衡量指標已連續五季下跌。&lt;/p&gt;

&lt;p&gt;統計數據顯示，9 月份，食品價格年率上漲 3.3%，漲幅比上月擴大 0.5 個百分點，影響 CPI 年率上漲約 0.61 個百分點。食品中，鮮菜、豬肉和鮮果價格分別上漲 22.9%、16.2% 和 6.7%，漲幅均有擴大；牛肉、羊肉、雞蛋、雞和奶類價格降幅在 1.9% 至 13.1% 之間，降幅略有擴大。&lt;/p&gt;

&lt;p&gt;9 月份，非食品價格由上月年率上漲 0.2% 轉為下降 0.2%，影響 CPI 年率下降約 0.19 個百分點。非食品中，能源價格下降 3.5%，降幅比上月擴大 2.5 個百分點。扣除能源的工業消費品價格下降 0.2%，降幅與上月相同，其中新能源小汽車和燃油小汽車價格分別下降 6.9% 和 6.1%，降幅均有收窄；中藥材、家用紡織品和金飾品價格漲幅在 3.9% 至 22.5% 之間。服務價格上漲 0.2%，漲幅回落 0.3 個百分點，其中旅遊價格由上月上漲 0.9% 轉為下降 2.1%；飛機票和賓館住宿價格分別下降 14.1% 和 5.6%，降幅均有擴大。&lt;/p&gt;

&lt;p&gt;國家統計局城市司首席統計師董莉娟表示，CPI 年率漲勢略有回落，主要是受上年同期對比基數走高影響。&lt;/p&gt;

&lt;p&gt;據測算，在 9 月份 0.4% 的 CPI 年率變動中，翹尾影響約為 - 0.5 個百分點，上月為 - 0.3 個百分點；今年價格變動的新影響約為 0.9 個百分點，與上月相同。&lt;/p&gt;

&lt;p&gt;董莉娟指出，房地產市場仍處調整期，疊加部分地區遭遇強風雨天氣，建材需求整體偏弱，非金屬礦物製品業價格下降 0.8%。受政策提振預期影響，9 月下半月鋼材需求顯示恢復跡象，但全月黑色金屬冶煉和壓延加工業價格仍下降 3.3%，降幅比上月收窄 1.1 個百分點。全國煤炭生產保持穩定，冬儲備煤較為充足，煤炭開採和洗選業價格下降 1.3%。&lt;/p&gt;

&lt;p&gt;仲量聯行大中華區首席經濟學家 Bruce Pang 表示，整體通膨仍顯著低於政策目標，需求依然疲軟。隨著現有政策的有效落實和新措施的推出，預計隨著市場需求逐步恢復，消費者和生產者信心和預期將得到有效提振。&lt;/p&gt;
",1,1,中國 9 月消費者物價 (CPI) 漲幅低於預期，而工業出廠價格 (PPI) 連續 24 個月下降，凸顯需要進一步的政策，支持來幫助經濟擺脫通貨緊縮。,1,[],,0,0,[],,0,"['中國經濟', 'CPI', 'PPI', '通膨', '通縮', '中國股市', '救市', '政策']",1,1728798713,"{'xs': {'src': 'https://cimg.cnyes.cool/prod/news/5740995/xs/ea749deb27fc91d4da0e17a3a29ac8e6.jpg', 'width': 100, 'height': 56}, 's': {'src': 'https://cimg.cnyes.cool/prod/news/5740995/s/ea749deb27fc91d4da0e17a3a29ac8e6.jpg', 'width': 180, 'height': 101}, 'm': {'src': 'https://cimg.cnyes.cool/prod/news/5740995/m/ea749deb27fc91d4da0e17a3a29ac8e6.jpg', 'width': 380, 'height': 214}, 'l': {'src': 'https://cimg.cnyes.cool/prod/news/5740995/l/ea749deb27fc91d4da0e17a3a29ac8e6.jpg', 'width': 640, 'height': 360}, 'xl': {'src': 'https://cimg.cnyes.cool/prod/news/5740995/xl/ea749deb27fc91d4da0e17a3a29ac8e6.jpg', 'width': 960, 'height': 539}, 'xxl': {'src': 'https://cimg.cnyes.cool/prod/news/5740995/xxl/ea749deb27fc91d4da0e17a3a29ac8e6.jpg', 'width': 1080, 'height': 607}}",,837,大陸政經,,[],[],0,0,0,
5740988,台積電10/17法說會上演驚喜行情？法人關注8大重點,"&lt;p&gt;台積電 (2330-TW)(TSM-US) 法說即將在本周四登場，會中將釋出最新展望，市場聚焦八大議題，包括第三季財報、第四季與全年成長預估、明年營收與毛利率初步看法、工業電價調漲影響、先進封裝產能擴充計畫、2 奈米試產進度、記憶體廠基礎裸晶 (Basedie) 與英特爾 PC 晶片的外包情況以及資本支預估。&lt;/p&gt;

&lt;p&gt;台積電第三季營收為&lt;a href=&quot;https://invest.cnyes.com/forex/detail/usdtwd&quot;&gt;新台幣&lt;/a&gt;&nbsp;7,596 億 9,243 萬元，創下單季新高，也超越財測高標 7,540 億元，季增 12.8%，年增 39%，外資看好，台積電第三季受惠產能利用率爬升，有效抵銷電費調漲與 3 奈米製程影響，毛利率將回到 54% 以上，單季每股純益上看 11 元。&lt;/p&gt;

&lt;p&gt;展望第四季，市場普遍看好，台積電第四季受惠眾多客戶新品開始量產，包括輝達 (NVDA-US)GB200、超微 (AMD-US) 與英特爾 (INTC-US) 的 PC 晶片，以及手機晶片雙雄高通 (QCOM-US) 與聯發科 (2454-TW) 等新品挹注，單季營收將再挑戰新高，季增 5-10%。&lt;/p&gt;

&lt;p&gt;外界也普遍看好，AI 相關動能將延續至明年，將挹注台積電先進製程與先進封裝產能，市場也關注台積電此次對於明年營收與毛利率初步的展望，以及對 CoWoS 產能的擴充計畫。&lt;/p&gt;

&lt;p&gt;台積電 2 奈米即將在明年進入量產，外傳 2 奈米晶圓價格較 4/5 奈米翻倍成長，顯現台積電充分掌握先進製程的訂價話語權，市場也關注 2 奈米量產後，為台積電帶來的貢獻以及對毛利率稀釋的程度。&lt;/p&gt;

&lt;p&gt;另外，隨著 HBM4 之後，基礎裸晶將採用更先進製程製造，也讓 SK 海力士與美光紛紛找上台積電合作，三星日前來台也宣布將與晶圓代工廠合作基礎裸晶，被外界認為是向台積電釋出善意，台積電如何看待基礎裸晶市場也料成為此次外資提問焦點。&lt;/p&gt;
",1,1,台積電 (2330-TW)(TSM-US) 法說即將在本周四登場，會中將釋出最新展望，市場聚焦八大議題，包括第三季財報、第四季與全年成長預估、明年營收與毛利率初步看法、工業電價調漲影響、先進封裝產能擴充計畫、2 奈米試產,1,"['2330', '2454', 'US-TSM', 'US-NVDA', 'US-AMD', 'US-QCOM']",,0,0,"['TWS:2454:STOCK:COMMON', 'TWS:2330:STOCK:COMMON', 'USS:TSM:STOCK:COMMON', 'USS:NVDA:STOCK:COMMON', 'USS:AMD:STOCK:COMMON', 'USS:INTC:STOCK:COMMON', 'USS:QCOM:STOCK:COMMON']",,0,"['台積電', '法說', '外資']",1,1728794061,"{'xs': {'src': 'https://cimg.cnyes.cool/prod/news/5740988/xs/558d57c4ebf78bb50bf1b28733b6f3d5.jpg', 'width': 100, 'height': 56}, 's': {'src': 'https://cimg.cnyes.cool/prod/news/5740988/s/558d57c4ebf78bb50bf1b28733b6f3d5.jpg', 'width': 180, 'height': 101}, 'm': {'src': 'https://cimg.cnyes.cool/prod/news/5740988/m/558d57c4ebf78bb50bf1b28733b6f3d5.jpg', 'width': 380, 'height': 214}, 'l': {'src': 'https://cimg.cnyes.cool/prod/news/5740988/l/558d57c4ebf78bb50bf1b28733b6f3d5.jpg', 'width': 640, 'height': 360}, 'xl': {'src': 'https://cimg.cnyes.cool/prod/news/5740988/xl/558d57c4ebf78bb50bf1b28733b6f3d5.jpg', 'width': 960, 'height': 540}, 'xxl': {'src': 'https://cimg.cnyes.cool/prod/news/5740988/xxl/558d57c4ebf78bb50bf1b28733b6f3d5.jpg', 'width': 1080, 'height': 608}}",,827,台股新聞,,[],[],0,0,0,"[{'code': '2454', 'name': '聯發科', 'symbol': 'TWS:2454:STOCK'}, {'code': '2330', 'name': '台積電', 'symbol': 'TWS:2330:STOCK'}, {'code': 'TSM', 'name': '台積電', 'symbol': 'USS:TSM:STOCK'}, {'code': 'NVDA', 'name': '輝達', 'symbol': 'USS:NVDA:STOCK'}, {'code': 'AMD', 'name': '超微', 'symbol': 'USS:AMD:STOCK'}, {'code': 'INTC', 'name': '英特爾', 'symbol': 'USS:INTC:STOCK'}, {'code': 'QCOM', 'name': '高通', 'symbol': 'USS:QCOM:STOCK'}]"
5740984,中國控台貿易壁壘擬採進一步措施 行政院經貿辦回應來了！,"&lt;p&gt;中國方面昨 (12) 日宣稱將依對台貿易壁壘調查結論，研究採取進一步經濟措施一事，行政院經貿談判辦公室昨夜回應：至表遺憾並嚴正抗議，更呼籲中方立即停止對台經濟脅迫及政治操弄。&lt;/p&gt;

&lt;p&gt;中國商務部 2023 年 12 月發布《商務部關於就台灣地區對大陸貿易限制措施進行貿易壁壘調查最終結論的公告》，認定台灣地區對大陸貿易限制措施構成貿易壁壘。中國商務部 12 日於官網表示，自公告發布，民進黨當局未採取任何實際措施取消對大陸的貿易限制，相關部門正依據對台貿易壁壘調查結論，研究採取進一步措施。&lt;/p&gt;

&lt;p&gt;行政院經貿談判辦公室表示，中方未依世界貿易組織 (WTO) 程序對我進行貿易壁壘調查，過程不符合公平公正、公開透明的原則；中方更未與我方就相關貿易爭端進行溝通或諮商，即片面做出結論，並持續對我採取不理性的經濟脅迫措施，已嚴重悖離 WTO 的精神和相關規範。&lt;br&gt;
&lt;br&gt;
兩岸都是 WTO 會員，雙方貿易爭端的解決，均可循相關規範協商解決，不應以政治理由拒絕履行會員的相關義務。我方已數度透過 WTO 管道要求中方與我進行諮商，就彼此關切的經貿議題，循 WTO 架構與規範，尋求解決方案。&lt;br&gt;
&lt;br&gt;
行政院經貿談判辦公室表示，再次要求中方秉持負責任的態度，停止以政治干預國際貿易的不理性作為，遵循 WTO 協商解決爭端的規範，盡速回應我方協商的要求，不要被視為破壞國際貿易秩序的最壞示範。&lt;/p&gt;
",1,1,中國方面昨 (12) 日宣稱將依對臺貿易壁壘調查結論，研究採取進一步經濟措施一事，行政院經貿談判辦公室昨夜回應：至表遺憾並嚴正抗議，更呼籲中方立即停止對臺經濟脅迫及政治操弄。,1,[],,0,0,[],,0,"['中國', '行政院經貿談判辦公室', '貿易壁壘', '兩岸']",1,1728791409,"{'xs': {'src': 'https://cimg.cnyes.cool/prod/news/5740984/xs/6993e68dc2eba098bdb0802d50be7996.jpg', 'width': 100, 'height': 56}, 's': {'src': 'https://cimg.cnyes.cool/prod/news/5740984/s/6993e68dc2eba098bdb0802d50be7996.jpg', 'width': 180, 'height': 101}, 'm': {'src': 'https://cimg.cnyes.cool/prod/news/5740984/m/6993e68dc2eba098bdb0802d50be7996.jpg', 'width': 380, 'height': 214}, 'l': {'src': 'https://cimg.cnyes.cool/prod/news/5740984/m/6993e68dc2eba098bdb0802d50be7996.jpg', 'width': 380, 'height': 214}, 'xl': {'src': 'https://cimg.cnyes.cool/prod/news/5740984/m/6993e68dc2eba098bdb0802d50be7996.jpg', 'width': 380, 'height': 214}, 'xxl': {'src': 'https://cimg.cnyes.cool/prod/news/5740984/m/6993e68dc2eba098bdb0802d50be7996.jpg', 'width': 380, 'height': 214}}",,828,台灣政經,,[],[],0,0,0,
5740877,〈台股風向球〉雙王法說重頭戲登場 2萬3大關前外資押注驚喜行情,"&lt;p&gt;台股加權指數上周僅 4 個交易日，但強彈多達 598 點，並一度衝破 23000 點大關，本周重頭戲是台積電 (2330-TW) 和大立光 (3008-TW) 雙王法說於周四同步登場，台股交易員認為，隨著美國總統大選腳步將近、新台幣走弱，使盤勢觀望氣氛趨濃，但台積電法說行情有望提前發酵，由護國神山發揮穩盤的角色，牽引大盤偏多格局。&lt;/p&gt;

&lt;p&gt;外資上周轉買，惟買超量僅 119 億元，同時，外資台指期淨空單仍超過 4 萬口，再加上新台幣貶破 32 元關卡，顯示避險情緒仍濃厚。&lt;/p&gt;

&lt;p&gt;好消息是，上周外資大買台積電達 440.8 億元、廣達 (2382-TW)41.1 億元，緯創 (3231-TW)38 億元，聯發科 (2454-TW) 近 30 億元，電子領頭羊買盤強勁有利盤勢。&lt;/p&gt;

&lt;p&gt;台股交易員認為，台積電法說將是第四季行情主軸的重要序幕，依過往經驗，短線還會出現驚喜或是驚嚇行情，依市場對這次法說內容的情境推演，應是偏多正面，但也要提防行情提前反應，造成會後利多出盡的狀況。&lt;/p&gt;

&lt;p&gt;永豐投顧則分析，市場對台積電的期許是第四季營收季增 5-10%，並關注 AI/non-AI 需求變化、資本支出、海外擴產、先進封裝後續擴產計畫、生產成本上漲後的轉嫁能力等方向，若法說優於預期，股價可望維繫於高檔。&lt;/p&gt;

&lt;p&gt;另一方面，美國總統大選選情膠著，據目前民調，賀錦麗在密西根、內華達，賓州、威斯康辛四個州領先，川普在亞歷桑那、喬治亞、北卡三個州領先，但兩大陣營的候選人在關鍵七大搖擺州都沒有超過 2 個百分點的領先優勢，因此，美股投資人趨於觀望，並影響外資的布局態度。&lt;/p&gt;

&lt;p&gt;此外，須留意，10 月 17 日美國將公布零售銷售，若數據疲軟，經濟轉弱議題恐將引發美股動盪。&lt;/p&gt;
",1,1,〈台股風向球〉重頭戲雙王法說 護國神山坐鎮走偏多格局,1,"['2330', '3008', '2382', '3231', '2454']",,0,0,"['TWS:TSE01:INDEX:COMMON', 'TWF:TXF:FUTURES:COMMON', 'TWS:2330:STOCK:COMMON', 'TWS:3008:STOCK:COMMON', 'TWS:2382:STOCK:COMMON', 'TWS:3231:STOCK:COMMON', 'TWS:2454:STOCK:COMMON', 'FX:USDTWD:FOREX:COMMON']",,0,"['外資', '台積電', '台股', '風向球', '大選', '大立光', '法說']",1,1728790802,"{'xs': {'src': 'https://cimg.cnyes.cool/prod/news/5740877/xs/45bbed28f05f49223407f62cde328563.jpg', 'width': 100, 'height': 56}, 's': {'src': 'https://cimg.cnyes.cool/prod/news/5740877/s/45bbed28f05f49223407f62cde328563.jpg', 'width': 180, 'height': 101}, 'm': {'src': 'https://cimg.cnyes.cool/prod/news/5740877/m/45bbed28f05f49223407f62cde328563.jpg', 'width': 380, 'height': 214}, 'l': {'src': 'https://cimg.cnyes.cool/prod/news/5740877/l/45bbed28f05f49223407f62cde328563.jpg', 'width': 640, 'height': 360}, 'xl': {'src': 'https://cimg.cnyes.cool/prod/news/5740877/xl/45bbed28f05f49223407f62cde328563.jpg', 'width': 960, 'height': 540}, 'xxl': {'src': 'https://cimg.cnyes.cool/prod/news/5740877/xl/45bbed28f05f49223407f62cde328563.jpg', 'width': 960, 'height': 540}}",,827,台股新聞,,[],[],0,0,0,"[{'code': '2330', 'name': '台積電', 'symbol': 'TWS:2330:STOCK'}, {'code': '3008', 'name': '大立光', 'symbol': 'TWS:3008:STOCK'}, {'code': '2382', 'name': '廣達', 'symbol': 'TWS:2382:STOCK'}, {'code': '3231', 'name': '緯創', 'symbol': 'TWS:3231:STOCK'}, {'code': '2454', 'name': '聯發科', 'symbol': 'TWS:2454:STOCK'}]"
5740968,〈觀察〉迎接美消費力復甦的購物季 台系供應鏈先報佳音並進行籌資,"&lt;p&gt;美國進入降息循環將將逐漸對製造業及消費帶來提振的預期，激勵台系大型零售商供應鏈在第三季營收有亮麗的表現，同時，包括泰金 - KY(6629-TW)、慶豐富 (9935-TW)、美喆 - KY(8466-TW) 及嘉威 (3557-TW) 營收進入歷史高檔區，美國零售業第四季節慶特賣由 10 月開跑，階段性的主題銷售活動將接續到年底，預計會帶來另一波銷售佳績。&lt;/p&gt;

&lt;p&gt;同時，由包括泰金 - KY、慶豐富及美喆 - KY 在下半年以來也積極辦理市場籌資的活動，也在準備銀彈進行更大的市場攻略行動，其中並以家用品及衛浴用品、鑄件廠的泰金 - KY 業績表現最靚，市場籌資 6 億元並且最早在 10 月中全部完成。&lt;/p&gt;

&lt;p&gt;泰金 - KY 在 2024 年第三季營收 4.92 億元，創新高，季增 38.39%，年增 52.23%，1-9 月營收 12.69 億元，已超過 2023 年全年營收，年增 49.1%，全年營收可望突破 2021 年的 13.59 億元改寫歷史新高。&lt;/p&gt;

&lt;p&gt;嘉威生活 2024 年第三季營收達 12.52 億元，爲歷史同期新高，嘉威生活在第四季到明年首季都屬接單及出貨旺季，將在業績上再有強勢表現。&lt;/p&gt;

&lt;p&gt;嘉威生活 2024 年第三季營收達 12.52 億元，創歷史同期新高，季增 5.5%，年增 17.17%，累計 2024 年 1-9 月營收 44.84 億元，年增 27.2%，也創同期新高；嘉威生活目前在手訂單已經看到 2025 年第一季，預期旺季有望更旺。&lt;/p&gt;

&lt;p&gt;居家生活用品的全方位供應商慶豐富 2024 年 9 月營收達 5.18 億元，月增 0.26%、年增 35.55%，並續創歷年同期第三高水準。慶豐富 2024 年第三季營收 15.64 億元，季增 21.44％、年增 18.16％，創歷年同期次高。累計 2024 年前三季營收 39.71 億元，年增 21.75％。&lt;/p&gt;

&lt;p&gt;慶豐富營收的走揚，主要受惠 Lowe&rsquo;s、Walmart、IKEA 等知名實體通路客戶加大窗簾、家紡產品備貨力道，再加上線上電商通路客戶窗簾訂單銷售仍保持成長態勢，挹注整體產能稼動率站穩高檔水準，帶動單月合併營收連三月站穩 5 億水準，同時 9 月營收年增 35.55%、創近 27 個月以來新高。&nbsp;&lt;/p&gt;

&lt;p&gt;慶豐富 2024 第三季窗簾業務銷售年增 52.15%，一方面受惠今年推出新一代環 rPET 百葉簾、鋁百葉簾新品良好市場銷售，並持續深化實體通路客戶業務合作，挹肋加大接單動能，而慶豐富以發行 CB 加上辦理現增募集資金，合計募集約 4.2 億元，也將在 11 月初全部完成。&lt;/p&gt;

&lt;p&gt;石塑地板廠美喆 - KY 2024 年第三季營收達 11.51 億元，年增 65.9%，創歷年單季次高記錄。累計 2024 年 1-9 月營收達 28.1 億元，年增 37.3%，創歷年同期新高佳績。美喆 - KY 預計發行 1.5 萬張現增股進行市場籌資。&lt;/p&gt;
",1,1,美國進入降息循環將將逐漸對製造業及消費帶來提振的預期，激勵台系大型零售商供應鏈在第三季營收有亮麗的表現，同時，包括泰金 - KY、慶豐富、美喆 - KY 及嘉威第三季營收表現亮麗。,1,"['6629', '9935', '8466', '3557']",,0,0,"['TWS:6629:STOCK:COMMON', 'TWS:9935:STOCK:COMMON', 'TWS:8466:STOCK:COMMON', 'TWS:3557:STOCK:COMMON']",,0,"['零售', 'Fed', '降息']",1,1728786232,"{'xs': {'src': 'https://cimg.cnyes.cool/prod/news/5740968/xs/12e756903e018c2afefe7cf928d862f7.jpg', 'width': 100, 'height': 56}, 's': {'src': 'https://cimg.cnyes.cool/prod/news/5740968/s/12e756903e018c2afefe7cf928d862f7.jpg', 'width': 180, 'height': 101}, 'm': {'src': 'https://cimg.cnyes.cool/prod/news/5740968/m/12e756903e018c2afefe7cf928d862f7.jpg', 'width': 380, 'height': 214}, 'l': {'src': 'https://cimg.cnyes.cool/prod/news/5740968/l/12e756903e018c2afefe7cf928d862f7.jpg', 'width': 640, 'height': 360}, 'xl': {'src': 'https://cimg.cnyes.cool/prod/news/5740968/xl/12e756903e018c2afefe7cf928d862f7.jpg', 'width': 960, 'height': 539}, 'xxl': {'src': 'https://cimg.cnyes.cool/prod/news/5740968/xxl/12e756903e018c2afefe7cf928d862f7.jpg', 'width': 1080, 'height': 607}}",,860,鉅亨新視界,"{'columnistsId': 39, 'name': '鉅亨網記者、編譯群們', 'engName': 'Opinions', 'title': '鉅亨觀點與分析', 'description': '茫茫的訊息海中，讓鉅亨網記者、編譯團隊，幫讀者們解讀新聞事件背後的意涵，並率先點出產業與總經趨勢，為投資人提供最深入獨到的觀點，協助做出更精準的投資決策。', 'image': {'s': {'src': 'https://cimg.cnyes.cool/prod/columnist/39/s/188176054e9723a84ba63954c192a98c.jpg', 'width': 200, 'height': 113}, 'm': {'src': 'https://cimg.cnyes.cool/prod/columnist/39/s/188176054e9723a84ba63954c192a98c.jpg', 'width': 200, 'height': 113}, 'l': {'src': 'https://cimg.cnyes.cool/prod/columnist/39/s/188176054e9723a84ba63954c192a98c.jpg', 'width': 200, 'height': 113}, 'xl': {'src': 'https://cimg.cnyes.cool/prod/columnist/39/s/188176054e9723a84ba63954c192a98c.jpg', 'width': 200, 'height': 113}}}",[],[],0,0,0,"[{'code': '6629', 'name': '泰金-KY', 'symbol': 'TWS:6629:STOCK'}, {'code': '9935', 'name': '慶豐富', 'symbol': 'TWS:9935:STOCK'}, {'code': '8466', 'name': '美喆-KY', 'symbol': 'TWS:8466:STOCK'}, {'code': '3557', 'name': '嘉威', 'symbol': 'TWS:3557:STOCK'}]"
5740922,郭明錤：OLED iPad Pro 出貨預期慘遭下修 主要是這2大原因,"&lt;p&gt;天風國際證券分析師郭明錤最新報告指出，iPhone 16 系列的出貨情況大致符合預期，另外也提到研調機構大幅下修 OLED iPad Pro 出貨預測，是因為價格昂貴，導致 13 吋 iPad Air 出現替代效應。&lt;/p&gt;

&lt;p&gt;郭明錤表示，iPhone 16 Pro 和 Pro Max 的需求至今符合預期，供應商甚至被要求在中國十一長假期間持續生產，雖然標準版和 Plus 版的需求相較去年仍未見起色，但整體訂單調整幅度小於 3-5%，基本可以忽略。&lt;/p&gt;

&lt;p&gt;郭明錤維持第四季 iPhone 16 出貨預估為 8800 萬至 8900 萬支，略低於去年同期，會持續觀察 Apple Intelligence 在 10 月下旬上線後對美國市場的表現。&lt;/p&gt;

&lt;p&gt;而研調中心 DSCC 將 2024 年 OLED iPad Pro 的出貨量預測，從 1000 萬部大幅下調至 670 萬部，郭明錤對此表示，這是由於較高的售價和 13 吋 iPad Air 帶來的替代效應。&lt;/p&gt;

&lt;p&gt;&nbsp;&lt;/p&gt;
",1,1,天風國際證券分析師郭明錤最新報告指出，iPhone 16 系列的出貨情況大致符合預期，另外也提到 OLED iPad Pro 出貨預測下修，是因為 13 吋 iPad Air 的替代效應。,1,[],,0,0,[],,0,"['Apple', 'ipad', 'iphone']",1,1728786033,"{'xs': {'src': 'https://cimg.cnyes.cool/prod/news/5740922/xs/15fd94dce4353dcfe3ec0b5079a6bf83.jpg', 'width': 100, 'height': 56}, 's': {'src': 'https://cimg.cnyes.cool/prod/news/5740922/s/15fd94dce4353dcfe3ec0b5079a6bf83.jpg', 'width': 180, 'height': 101}, 'm': {'src': 'https://cimg.cnyes.cool/prod/news/5740922/m/15fd94dce4353dcfe3ec0b5079a6bf83.jpg', 'width': 380, 'height': 214}, 'l': {'src': 'https://cimg.cnyes.cool/prod/news/5740922/l/15fd94dce4353dcfe3ec0b5079a6bf83.jpg', 'width': 640, 'height': 360}, 'xl': {'src': 'https://cimg.cnyes.cool/prod/news/5740922/xl/15fd94dce4353dcfe3ec0b5079a6bf83.jpg', 'width': 960, 'height': 539}, 'xxl': {'src': 'https://cimg.cnyes.cool/prod/news/5740922/xxl/15fd94dce4353dcfe3ec0b5079a6bf83.jpg', 'width': 1080, 'height': 607}}",,827,台股新聞,,[],[],0,0,0,
5740910,台股電子交投增溫 法人：聚焦大廠法說2025展望 行情正面看待,"&lt;p&gt;過去一周，十一長假後的陸股未如預期走高，但台股和美股重要科技股或大廠近期都有活動、新計畫發表會或法說登場，使得電子類股表現好於傳產，相關半導體供應鏈、AI 概念股表現較佳。投信法人表示，隨著科技大廠重要法說陸續登場，可優先關注其對 2025 年的展望，此外，元月效應有機會在 11 月下旬開始顯現，行情仍是正面看待。&lt;/p&gt;

&lt;p&gt;PGIM 保德信科技島基金經理人黃新迪表示，近期台股呈現類股輪動，再度推升指數緩步往&nbsp;24000 點挺進，且因大盤之前回檔後，部分個股評價已經具有吸引力，加上晶圓龍頭大廠的 CoWoS-L 產能開出、以伊地緣政治風險帶動的中國製造需求，以及美國對中國半導體管制趨嚴預期，讓 AI 晶片、HBM、設備等出現提前拉貨需求，成為第四季支撐台股走高的助力。&lt;/p&gt;

&lt;p&gt;選股方面，黃新迪建議，看好第四季旺季行情將於美國大選後再起，可增持基本面佳、評價面合理類股，包括封測、先進製程半導體材料等，以及中國製造概念，整體配置以半導體、電腦周邊、電子零組件等科技族群為主。&lt;/p&gt;

&lt;p&gt;隨著重要大廠法說即將登場，接下來動能該如何觀察？安聯投信台股團隊表示，若觀察重要權值股，不論是已公布的營收數據，或是市場對於第三季財報預期，所釋放的訊息都相對正面；隨著重要法說將陸續登場，可優先關注大廠對 2025 年的說法，這是最主要的觀察點。&lt;/p&gt;

&lt;p&gt;展望後市，安聯投信台股團隊表示，隨著第四季到來，除景氣回升情形、各國政策動向外， 電子業股價動能主要變數在於 GB200 在第四季下旬開始出貨後的拉升狀態，傳產業則以陸股表現為依歸。&lt;/p&gt;

&lt;p&gt;至於美國大選，仍時有雜音干擾市場，有待選情確定，不過，選後應是正面看待。地緣政治則是最不可控的變數。觀察技術面和資金面，外資未平倉空單是近年的新高；技術面則指向盤局。&lt;/p&gt;

&lt;p&gt;在總經方面，安聯投信台股團隊表示，9 月美 CPI 報告讓市場對 Fed 減碼幅度有所下降，後續經濟數據的動向仍需留意對降息預期的影響；中國將持續擴大寬鬆政策略，陸股的表現仍須留意。&lt;/p&gt;
",1,1,過去一周，十一長假後的陸股未如預期走高，但台股和美股重要科技股或大廠近期都有活動、新計畫發表會或法說登場，使得電子類股表現好於傳產，相關半導體供應鏈、AI 概念股表現較佳,1,[],,0,0,[],,0,"['台股', '法人', '電子股', '科技廠', '法說']",1,1728784977,"{'xs': {'src': 'https://cimg.cnyes.cool/prod/news/5740910/xs/eed2626f68a12ba362ee9f72341cece8.jpg', 'width': 100, 'height': 56}, 's': {'src': 'https://cimg.cnyes.cool/prod/news/5740910/s/eed2626f68a12ba362ee9f72341cece8.jpg', 'width': 180, 'height': 101}, 'm': {'src': 'https://cimg.cnyes.cool/prod/news/5740910/m/eed2626f68a12ba362ee9f72341cece8.jpg', 'width': 380, 'height': 214}, 'l': {'src': 'https://cimg.cnyes.cool/prod/news/5740910/l/eed2626f68a12ba362ee9f72341cece8.jpg', 'width': 640, 'height': 360}, 'xl': {'src': 'https://cimg.cnyes.cool/prod/news/5740910/l/eed2626f68a12ba362ee9f72341cece8.jpg', 'width': 640, 'height': 360}, 'xxl': {'src': 'https://cimg.cnyes.cool/prod/news/5740910/l/eed2626f68a12ba362ee9f72341cece8.jpg', 'width': 640, 'height': 360}}",,827,台股新聞,,[],[],0,0,0,
5740125,千億輪胎帝國為何重兵布局印尼及印度？正新董座：台灣市場就這麼大，不出去就沒辦法成長,"&lt;p&gt;撰文 ‧ 萬年生&lt;/p&gt;

&lt;p&gt;4 年前，營收近千億的輪胎帝國正新「家變」新聞，震撼各界。當時，創辦人羅結的二女婿陳榮華在董事會改選後，接掌正新董事長大位，原董事長、羅結次子羅才仁交出決策權杖，成了陽春董事。&lt;/p&gt;

&lt;p&gt;&lt;em&gt;「集團決策、三人共治」&nbsp; 加速第三代傳承&lt;/em&gt;&lt;/p&gt;

&lt;p&gt;去年再次改選後，陳榮華續任董事長，羅才仁則獲推選擔任副董事長，重返決策圈，加上大女婿、原副董陳秀雄接任總裁，形成新的「集團決策、三人共治」經營模式，意味著家族重回和諧軌道，紛擾畫下句點。&lt;/p&gt;

&lt;p&gt;於此同時，身為台灣少有的，能夠品牌、代工兼顧，並在全球市場打出一片天的企業，正新也開始加速第三代的傳承，成員們正式參與經營決策。&lt;/p&gt;

&lt;p&gt;「傳承一定要做、狡兔有多窟⋯⋯，」「家變」近 1600 天後，十分低調的陳榮華接受本刊獨家專訪，從印尼廠最新發展、雙印大戰略，談到品牌之路，以及傳承和地緣政治等議題。以下是專訪紀要：&lt;/p&gt;

&lt;p&gt;《今周刊》問（以下簡稱）：最早布局印尼，是著眼正新的雙印大戰略？&lt;/p&gt;

&lt;p&gt;陳榮華答（以下簡稱）：海外投資，對正新來講不得不去，以前說過企業「go global or go home」，不國際化就回家休息；台灣（機車）市場就這麼大，不出去就沒辦法成長。印度的人口和機車市場現在已是全球第一。譬如附近的魚都被你抓光，當然要走遠洋一點，遠洋就有氣候、文化風險，以及各方面不確定性比較大，說不定碰到海盜，但你還是要走。&lt;/p&gt;

&lt;p&gt;印尼看產量有突破了，印度還在努力⋯⋯，但也是一個好轉趨勢。&lt;/p&gt;

&lt;p&gt;問：董事長很看好印尼市場？&lt;/p&gt;

&lt;p&gt;答：當然看好，人口超過兩億，全球機車市場排第三位。目前第一位是印度、第二是中國、第三就是印尼。&lt;/p&gt;

&lt;p&gt;市場還是最重要。現在（印尼機車胎專賣店）有 7、80 家我認為不夠，兩百家也不夠，要再一直上來。&lt;/p&gt;

&lt;p&gt;&lt;em&gt;印尼廠日產 4 萬條機車胎&lt;/em&gt;&lt;/p&gt;

&lt;p&gt;問：現在印尼機車胎賣太好，已經供不應求？&lt;/p&gt;

&lt;p&gt;答：那就要趕快，台灣因市場停滯而在餓肚子，印尼是天然資源豐富的國家，且盛產天然橡膠，氣候非常適宜騎機車作為交通工具，他們正處在經濟發展的階段，對輪胎廠商而言，可以說是爭取市場的黃金機會。&lt;/p&gt;

&lt;p&gt;問：印尼廠從無到有，今年 7 月底每日產 4 萬條機車胎達到滿產能，且 7 月單月也獲利，終於符合期待？&lt;/p&gt;

&lt;p&gt;答：一開始固定資產的投資比較大，利息負擔比較重，短期內沒有辦法改變。現在有看到一點曙光，如同走在隧道裡，亮光愈來愈亮。&lt;/p&gt;

&lt;p&gt;問：印尼輪胎專賣店發展得很好，加盟主對自有品牌 MAXXIS 很有信心，董事長一路來都是品牌關鍵推手，怎麼看打品牌的成就或辛苦？&lt;/p&gt;

&lt;p&gt;答：打品牌是很辛苦。但打起來的話，我曾講過，像海水，把海水煮熱很困難，不過當你有一天把海水煮熱，你隨便容器一舀，就有熱水可用。任何東西掛上知名品牌後，價格就可以提高，有強而有力的品牌，就擁有產品的 pricing power（定價權），因品牌有排他性，競爭對手難以模仿。&lt;/p&gt;

&lt;p&gt;今天 MAXXIS 能這麼快進到其他國家的市場，因為是 MAXXIS Global brand（全球品牌）。一個品牌要有獨特的內涵、靈魂、意義，不是任何人說要做一個品牌，取個英文名字就是打品牌。關鍵是這個品牌有沒有人認同，消費者對你的品牌有沒有信賴，有沒有消費者願意付比較好的價錢。&lt;/p&gt;

&lt;p&gt;問：台灣有走到國際的消費者品牌真的不多？&lt;/p&gt;

&lt;p&gt;答：所以我們在走一條很孤獨的路。你說，台灣企業有幾家是真的打到消費者的品牌？我們都是一直做，印尼能成功，泰國也能成功，還有菲律賓也能成功；真正的國際化，國際品牌是必備的通行證。&lt;/p&gt;

&lt;p&gt;來源：《今周刊》 第 1451&nbsp;期&lt;br&gt;
更多精彩內容請至&lt;a href=&quot;https://businesstoday.com.tw/&quot;&gt;《今周刊》&lt;/a&gt;&lt;/p&gt;

&lt;p&gt;本文授權自今周刊，&lt;a href=&quot;https://bit.ly/3zUUN7F&quot;&gt;原文見此&lt;/a&gt;。&lt;/p&gt;

&lt;figure&gt;&lt;img data-height=&quot;300&quot; data-mime=&quot;image/jpeg&quot; data-ratio=&quot;2.1666666666666665&quot; data-src-m=&quot;https://cimg.cnyes.cool/prod/news/5740125/m/2e3fa81376ba7203ea6e7e983c46de54.jpg&quot; data-width=&quot;650&quot; src=&quot;https://cimg.cnyes.cool/prod/news/5740125/l/2e3fa81376ba7203ea6e7e983c46de54.jpg&quot;&gt;&lt;/figure&gt;

&lt;p&gt;&lt;em&gt;你可能也會感興趣》&lt;/em&gt;&lt;/p&gt;

&lt;p&gt;&lt;a href=&quot;https://bit.ly/3Yhnbue&quot;&gt;拿 500 萬存 0056，月領快 6 萬真能辦到？施昇輝：高息 ETF 這樣存「退休後放心花錢」&lt;/a&gt;&lt;/p&gt;

&lt;p&gt;&lt;a href=&quot;https://bit.ly/4eAqB0M&quot;&gt;身價 4 億、年領 660 萬股息，88 歲神級散戶阿公卻說：只買高股息，遲早吃苦頭！6 大重點找出「會賺錢股票」&lt;/a&gt;&lt;/p&gt;
",1,1,4 年前，營收近千億的輪胎帝國正新「家變」新聞，震撼各界。當時，創辦人羅結的二女婿陳榮華在董事會改選後，接掌正新董事長大位，原董事長、羅結次子羅才仁交出決策權杖，成了陽春董事。,1,[],,0,0,['GI:XAUUSDOZ:INDEX:COMMON'],,0,"['今周刊', '趨勢分析', '正新', '輪胎']",0,1728782402,"{'xs': {'src': 'https://cimg.cnyes.cool/prod/news/5740125/xs/42dbb7ad02d361d4c4c75742e9706d26.jpg', 'width': 100, 'height': 56}, 's': {'src': 'https://cimg.cnyes.cool/prod/news/5740125/s/42dbb7ad02d361d4c4c75742e9706d26.jpg', 'width': 180, 'height': 101}, 'm': {'src': 'https://cimg.cnyes.cool/prod/news/5740125/m/42dbb7ad02d361d4c4c75742e9706d26.jpg', 'width': 380, 'height': 214}, 'l': {'src': 'https://cimg.cnyes.cool/prod/news/5740125/l/42dbb7ad02d361d4c4c75742e9706d26.jpg', 'width': 640, 'height': 360}, 'xl': {'src': 'https://cimg.cnyes.cool/prod/news/5740125/l/42dbb7ad02d361d4c4c75742e9706d26.jpg', 'width': 640, 'height': 360}, 'xxl': {'src': 'https://cimg.cnyes.cool/prod/news/5740125/l/42dbb7ad02d361d4c4c75742e9706d26.jpg', 'width': 640, 'height': 360}}",,872,雜誌,,[],[],0,0,0,
5740867,不只高股息也要ESG 第1支主打ROE+高股息型ETF 10/15掛牌,"&lt;p&gt;有別於今年大多數主打高股息或債券型的 ETF，除追求高股息，並兼顧股東權益報酬率 (ROE) 、由富蘭克林華美投信所推出的『臺灣 ESG 永續高息 ETF』(00961)，已於 9 月底完成募集後，將於周二（10/15） 正式掛牌上市。&lt;/p&gt;

&lt;p&gt;觀察目前 ETF 最新總市值前 10 大規模，除了 0050&nbsp;元大台灣 50、006208&nbsp;富邦台 50 這兩檔市值型外，其餘 8 檔皆為高股息及債券類型 ETF，顯示國人對於投資上追求穩定息收仍是第一首選；不過在獲取息收的同時也面臨著填息的壓力考驗，尤其從下半年幾檔高股息宣布配息金額不如以往後，投資人更要懂得手上 ETF 的選股邏輯是否能有效填息，而非單純只發高息卻貼息，落入了左手換右手的窘境。&lt;/p&gt;

&lt;p&gt;但真正有能力發出股息並填息，關鍵兩個點在於：1. 企業需有足夠獲利，才有空間能發出股息 2. 獲利能力持續成長，公司價值提高推升股價完成填息，也因此股東權益報酬率 (ROE) 是衡量這兩個關鍵點的重要指標，而 00961 FT 臺灣永續高息所追蹤的指數『ICE 臺灣 ESG 高息指數』，正是用 ROE 指標做為選股邏輯核心，主打高利填息與成長強化及 ESG 主題性，透過 ROE 篩選獲利企業外，更透過 ROE 季成長率對股利率進行加權排序，幫助投資人網羅真正有能力發出高股息，且有更高機率迴避貼息完成填息的企業。&lt;/p&gt;

&lt;p&gt;除了 ROE 外，00961 選股邏輯也結合了 ESG 概念，隨著全球追求淨零排放，各大企業在供應鏈上的要求也紛紛跟進，而知名科技企業像是蘋果 (Apple) 也宣告 2030&nbsp;年前實現脫碳，合作供應鏈也必須達到要求，換言之如果台廠供應鏈未來要做科技龍頭生意的話，導入 ESG 是勢在必行且將提升在供應鏈中的競爭力。&lt;/p&gt;

&lt;p&gt;目前 00961 將於 10/15 正式掛牌上市，而富蘭克林華美投信另一檔市值型 ETF 00905 FT 臺灣 Smart 也宣布了 10 月配息資訊並於 10/22 將進行除息，因此投資人若對於台股未來走勢仍抱持不確定心態，建議可以將資金做分散同時投資這兩檔 ETF，透過高股息 + 市值型 ETF 搭配，在多頭開始時追成長不錯失投資先機；在股市震盪時用息收做防禦靜待反彈時機。&lt;/p&gt;
",1,1,有別於今年大多數主打高股息或債券型的 ETF，除追求高股息，並兼顧股東權益報酬率 (ROE) 、由富蘭克林華美投信所推出的『臺灣 ESG 永續高息 ETF』(00961)，已於 9 月底完成募集後，將於下週二（10/15）,1,[],,0,0,[],,0,"['ICE 臺灣 ESG 高息指數', '00961', 'ETF', 'ROE']",0,1728781805,"{'xs': {'src': 'https://cimg.cnyes.cool/prod/news/5740867/xs/1bf35828a9d967452f1fdb2a1a42d672.jpg', 'width': 100, 'height': 56}, 's': {'src': 'https://cimg.cnyes.cool/prod/news/5740867/s/1bf35828a9d967452f1fdb2a1a42d672.jpg', 'width': 180, 'height': 101}, 'm': {'src': 'https://cimg.cnyes.cool/prod/news/5740867/m/1bf35828a9d967452f1fdb2a1a42d672.jpg', 'width': 380, 'height': 214}, 'l': {'src': 'https://cimg.cnyes.cool/prod/news/5740867/l/1bf35828a9d967452f1fdb2a1a42d672.jpg', 'width': 640, 'height': 360}, 'xl': {'src': 'https://cimg.cnyes.cool/prod/news/5740867/xl/1bf35828a9d967452f1fdb2a1a42d672.jpg', 'width': 960, 'height': 540}, 'xxl': {'src': 'https://cimg.cnyes.cool/prod/news/5740867/xxl/1bf35828a9d967452f1fdb2a1a42d672.jpg', 'width': 1080, 'height': 607}}",,914,ETF,,[],[],0,0,0,
5740498,碳費政策定案明年將實施! 低碳轉型勢在必行: 台達電、森崴能源、富威電力、雲豹能源、泓德能源,"&lt;p&gt;&lt;em&gt;〈台灣碳費時代來臨 企業面臨的挑戰〉&lt;/em&gt;&lt;/p&gt;

&lt;p&gt;全球應對氣候變遷的壓力日益增加，碳費政策是全球推動低碳經濟轉型的重要手段之一，台灣在經過一年多討論和六次的碳費審議會下，環境部的碳費審議委員會於 10 月 7 日上午定調，建議每噸碳排收費 300 元，業者可透過達成行業別或技術標竿指定削減率，適用每噸 100 元或 50 元的優惠費率，明年中預計會從年碳排 2.5 萬噸以上約 300 家公司開始試申報，2026 年起正式收費，為實現 2050 年淨零排放目標奠定基礎。&lt;/p&gt;

&lt;p&gt;然而這也對台灣許多高排放的製造業公司帶來了巨大的成本壓力，尤其是鋼鐵、石化、水泥和化工等產業，台灣的製造業目前面臨著來自國際市場的競爭，特別是將實施的碳費制度與日本、韓國等地的碳價相比處於不利地位，日本每噸碳的成本為 64.7 元台幣、韓國為 5.7 元台幣，都遠低於台灣的 300 元台幣​，不僅如此，這些產業的產品若出口至歐盟，還需應對來自歐盟碳邊境調整機制的壓力，額外支付的碳排放成本增加了在國際市場的競爭負擔，如何進行生產轉型並維持競爭力，成為許多台灣企業必須思考的議題。&lt;/p&gt;

&lt;p&gt;&lt;em&gt;〈下載陳智霖分析師 APP 獲得更即時資訊 ，完成註冊獎勵金最高 6000 元 〉&lt;/em&gt;&lt;/p&gt;

&lt;p&gt;陳智霖老師的直播節目及 APP 的獨家廣播都會針對國際總經還有重要財經事件即時追蹤分析，同時提供產業趨勢方向，只要 APP 完成註冊驗證者都可獲得獎勵金 (最高回饋 6000 元)，邀請您可以立即點選下方連結免費下載陳智霖分析師 App，下載連結: &lt;a href=&quot;https://hantec.liveinapp.com/jhih-lin-app-link&quot;&gt;https://hantec.liveinapp.com/jhih-lin-app-link&lt;/a&gt;&lt;/p&gt;

&lt;p&gt;&lt;em&gt;〈低碳轉型商機爆發〉&lt;/em&gt;&lt;/p&gt;

&lt;p&gt;根據經濟部的數據，台灣有 149 家上市製造業公司需要支付碳費，其中有 33% 在過去一年中處於虧損或微薄利潤狀態，根據經濟部的估算，每噸碳費為 300 元時，將導致 GDP 下降 0.12 個百分點，如果碳費提升至 500 元，GDP 可能下降 0.2 個百分點，儘管碳費政策對部分能源密集型的製造業帶來了挑戰，但也為某些領域創造了機遇。&lt;/p&gt;

&lt;p&gt;為了應對碳費政策，企業可以先透過提高能源效率、投資再生能源和碳捕捉技術來減少碳排放，部分企業也開始轉向可再生能源，台達電 (2308-TW) 作為能源管理解決方案的領導者，已經取得了碳中和認證並設立了科學基礎減碳目標，透過綠色能源產品提升市場競爭力，台灣其他的綠電業者如森崴能源 (6806-TW) 旗下的富威電力 (6994-TW)、雲豹能源(6869-TW) 旗下的天能綠電以及泓德能源 (6873) 的星星電力，也都因綠電銷售有望再創營收新高。&lt;/p&gt;

&lt;p&gt;企業對外有貿易、對內有法規的壓力，在能源轉型綠電供不應求的狀況下，綠電價格預期將持續上升，加上碳費政策推動的影響，投資人可以關注節能技術、再生能源以及綠色科技相關的公司，相關碳權概念股和能源概念股該如何操作，建議投資朋友可以關注智霖老師的節目動態，跟上具備專業及誠信控管有買有賣的陳智霖分析師，邀請您先免費下載陳智霖分析師 APP，申請體驗每週的精選操作名單，透過老師獨家的盤中數據來指引你方向，關於最新的行情看法、老師帶領會員最新的進出策略及預告，請忠實粉絲務必收看最新的直播節目，也請動動手指頭不吝嗇給智霖老師一個讚喔！&lt;/p&gt;

&lt;p&gt;最新影音 (請點影音上方標題至 Youtube 收視品質會更佳)&lt;/p&gt;

&lt;div class=&quot;youtube-embed-wrapper&quot; style=&quot;position:relative;padding-bottom:56.25%;padding-top:30px;height:0;overflow:hidden;&quot;&gt;&lt;iframe allowfullscreen=&quot;&quot; frameborder=&quot;0&quot; height=&quot;360&quot; src=&quot;//www.youtube.com/embed/HIyL5j6MxGs&quot; style=&quot;position: absolute;top: 0;left: 0;width: 100%;height: 100%;&quot; width=&quot;640&quot;&gt;&lt;/iframe&gt;&lt;/div&gt;

&lt;p&gt;才剛剛接觸陳智霖分析師的新朋友，建議您現在立即點選連結下載安裝陳智霖分析師 APP，新註冊的用戶可免費體驗午報導航、選股到價盤中通知以及會員專屬影音，歡迎您透過體驗來了解陳智霖老師，體驗都是限時限額開放，千萬不要浪費了您可以免費體驗的權益喔。&lt;/p&gt;

&lt;figure&gt;&lt;img data-height=&quot;414&quot; data-mime=&quot;image/jpeg&quot; data-ratio=&quot;1&quot; data-src-m=&quot;https://cimg.cnyes.cool/prod/news/5740498/m/d836c053f71c51760d7426bf6ea46a9e.jpg&quot; data-width=&quot;414&quot; src=&quot;https://cimg.cnyes.cool/prod/news/5740498/m/d836c053f71c51760d7426bf6ea46a9e.jpg&quot;&gt;&lt;/figure&gt;

&lt;p&gt;&lt;strong&gt;點擊連結免費下載註冊〈陳智霖分析師 APP〉獎勵金回饋立即領 &lt;/strong&gt;&lt;a href=&quot;https://hantec.liveinapp.com/jhih-lin-app-link&quot;&gt;https://hantec.liveinapp.com/jhih-lin-app-link&lt;/a&gt;&lt;/p&gt;

&lt;p&gt;錢進熱線 02-2653-8299， 立即邁向系統依據的股票操作。&lt;/p&gt;

&lt;p&gt;文章來源：陳智霖分析師 / 亨達投顧&lt;/p&gt;

&lt;p class=&quot;warning&quot;&gt;本公司所推薦分析之個別有價證券&lt;br&gt;
無不當之財務利益關係 以往之績效不保證未來獲利&lt;br&gt;
投資人應獨立判斷 審慎評估並自負投資風險&lt;/p&gt;
",1,1,,1,[],,0,0,[],,0,"['趨勢分析', '亨達投顧', '陳智霖', '碳費', '低碳', '淨零排放', '鋼鐵', '石化', '水泥', '化工', '碳價', '歐盟碳邊境', 'GDP', '能源', '再生能源', '碳捕捉', '碳中和', '碳權', '綠電', '台達電', '森崴能源', '富威電力', '雲豹能源', '天能綠電', '泓德能源', '星星電力']",0,1728781803,"{'xs': {'src': 'https://cimg.cnyes.cool/prod/news/5740498/xs/46c4290d2cee16839c449ce663592613.jpg', 'width': 100, 'height': 56}, 's': {'src': 'https://cimg.cnyes.cool/prod/news/5740498/s/46c4290d2cee16839c449ce663592613.jpg', 'width': 180, 'height': 101}, 'm': {'src': 'https://cimg.cnyes.cool/prod/news/5740498/m/46c4290d2cee16839c449ce663592613.jpg', 'width': 380, 'height': 214}, 'l': {'src': 'https://cimg.cnyes.cool/prod/news/5740498/l/46c4290d2cee16839c449ce663592613.jpg', 'width': 640, 'height': 360}, 'xl': {'src': 'https://cimg.cnyes.cool/prod/news/5740498/xl/46c4290d2cee16839c449ce663592613.jpg', 'width': 960, 'height': 540}, 'xxl': {'src': 'https://cimg.cnyes.cool/prod/news/5740498/xxl/46c4290d2cee16839c449ce663592613.jpg', 'width': 1080, 'height': 608}}",,827,台股新聞,,[],[],0,0,0,
5740126,漢堡王、溫蒂都他客戶！25歲二代帶領「40年POS機大廠」攻AI影像辨識：客人少等7秒，營收成長1%,"&lt;p&gt;撰文 ‧ 張如嫻&lt;/p&gt;

&lt;p&gt;飛捷已是全球領先的 POS 機廠，卻不甘只做硬體，近年來積極發展軟體事業，將 AI 影像辨識技術導入美國速食業龍頭、東南亞連鎖超市，為集團事業開創第二春。&lt;/p&gt;

&lt;p&gt;在這家位於美國華盛頓州的溫蒂漢堡（Wendy&quot;s），店長一邊替客人打包餐點，一邊盯著牆上螢幕，原來，櫃檯的 AI 攝影機正追蹤每位客人的排隊、點餐和等餐時間，數字全顯示在螢幕上，一發現排隊時間變長，店長馬上調度人力，減少客人不耐而離開的機率，平均下來，讓月營收增加 4％。很難想像，把這款「AI 計時器」系統導入速食業的，竟是原本只做硬體的工業電腦廠飛捷科技。&lt;/p&gt;

&lt;p&gt;1984 年成立的飛捷專做 POS 機，約 8 成客戶來自全球零售、餐飲業，點餐、結帳機台全靠它。做了 30 幾年硬體，5 年前，飛捷走上軟體研發之路，還分拆出華捷智能（Berry AI）、英捷智能（Angible）、英諾菲三家純軟體子公司，前兩家更挾 AI 視覺辨識技術分別打進美國速食龍頭、東南亞大型連鎖超市，他們是如何做到的？&lt;/p&gt;

&lt;p&gt;&lt;em&gt;避紅海競爭&nbsp; 董座兒接新任務&lt;/em&gt;&lt;/p&gt;

&lt;p&gt;「這個產業做久了，就有一堆人進來，我們每天都在怕，會不會明年就被別人幹掉？」飛捷董事長林大成說，創業以來，他始終秉持「人多的地方不要去」，卻難抵擋後進者削價搶客，即使已拿下全球 POS 機大廠地位，對「被幹掉」的擔憂依然揮之不去，「每天都感受到這種壓力。」於是 2018 年，林大成決定發展「非 POS」業務，希望創造第二成長曲線，避開紅海競爭。&lt;/p&gt;

&lt;p&gt;但問題馬上就來：不做 POS 機，還能做什麼？林大成把這項任務，交給剛自美國大學畢業的兒子林逸中。林逸中加入飛捷後，與同事從兩張桌子開始，發想 POS 機以外的新業務，「人多的地方不要去，但沒人的地方千萬不要去，你要跟在部隊旁邊走。」林大成時常這樣提醒林逸中，意思是，從大家都在做的生意中找到加值應用。&lt;/p&gt;

&lt;p&gt;他們從飛捷已打入的產業切入，注意到當時首次對外開幕的亞馬遜無人商店，號稱採用大量 AI 影像辨識技術，判斷消費者的動作與拿走的商品品項，激起林逸中研究 AI 影像辨識的興趣，並認為這項技術有商機。&lt;/p&gt;

&lt;p&gt;2019 年，Berry AI 誕生，由飛捷 100％持股，年僅 25 歲的林逸中則擔任執行長，鎖定 AI 影像辨識找應用，飛捷正式跨入軟體市場；不過有技術又有經驗的人才稀缺，最初團隊只有 5 人，就走上這條與本業截然不同的路。&lt;/p&gt;

&lt;p&gt;Berry AI 的「處女作」是麵包結帳機，也就是放在麵包店結帳櫃檯旁，代替店員辨識客人買了哪些麵包、計算價錢；然而麵包重疊、夾子遮擋等不確定因素太高，導致辨識準確率遲遲無法提升，就算一百個麵包中，AI 只會看錯一個，店員也無法接受。林逸中這才驚覺，不是所有客戶的痛點，自家技術都能解決。&lt;/p&gt;

&lt;p&gt;第二次，Berry AI 轉換賽道，把影像辨識帶進郵局，自動量測包裹尺寸，結果公務機關導入新科技的速度慢，就連試用都要跑好幾個月的公文、招標流程，林逸中果斷放棄，並繼續研究其他產業應用。&lt;/p&gt;

&lt;p&gt;歷經一年多峰迴路轉，某次林逸中在與好友聊天中，發現速食業者一直在尋找提升服務效率和品質的解方，他決定回頭鎖定飛捷最熟悉的餐飲客群。團隊經過訪談、調查得知，光是店內標準作業流程就有上百項，「業者對 AI 有非常多想像，一開始有 8、9 項功能，客戶全都想做。」林逸中舉例，業者會想知道員工上班有沒有滑手機、洗手有沒有洗乾淨、庫存盤點有沒有照實做，但是，Berry AI 得先幫他們挑出最適合用影像辨識、且最急迫的需求。&lt;/p&gt;

&lt;p&gt;來源：《今周刊》 第 1451&nbsp;期&lt;br&gt;
更多精彩內容請至&lt;a href=&quot;https://businesstoday.com.tw/&quot;&gt;《今周刊》&lt;/a&gt;&lt;/p&gt;

&lt;p&gt;本文授權自今周刊，&lt;a href=&quot;https://bit.ly/4gYGmjB&quot;&gt;原文見此&lt;/a&gt;。&lt;/p&gt;

&lt;figure&gt;&lt;img data-height=&quot;300&quot; data-mime=&quot;image/jpeg&quot; data-ratio=&quot;2.1666666666666665&quot; data-src-m=&quot;https://cimg.cnyes.cool/prod/news/5740126/m/4ab0564b519892a033b9bd39dd79272b.jpg&quot; data-width=&quot;650&quot; src=&quot;https://cimg.cnyes.cool/prod/news/5740126/l/4ab0564b519892a033b9bd39dd79272b.jpg&quot;&gt;&lt;/figure&gt;

&lt;p&gt;&lt;strong&gt;你可能也會感興趣》&lt;/strong&gt;&lt;/p&gt;

&lt;p&gt;&lt;a href=&quot;https://bit.ly/3Yhnbue&quot;&gt;拿 500 萬存 0056，月領快 6 萬真能辦到？施昇輝：高息 ETF 這樣存「退休後放心花錢」&lt;/a&gt;&lt;/p&gt;

&lt;p&gt;&lt;a href=&quot;https://bit.ly/4eAqB0M&quot;&gt;身價 4 億、年領 660 萬股息，88 歲神級散戶阿公卻說：只買高股息，遲早吃苦頭！6 大重點找出「會賺錢股票」&lt;/a&gt;&lt;/p&gt;
",1,1,飛捷已是全球領先的 POS 機廠，卻不甘只做硬體，近年來積極發展軟體事業，將 AI 影像辨識技術導入美國速食業龍頭、東南亞連鎖超市，為集團事業開創第二春。,1,[],,0,0,[],,0,"['今周刊', '趨勢分析', 'AI', '飛捷', 'POS機', 'AI影像辨識']",0,1728781203,"{'xs': {'src': 'https://cimg.cnyes.cool/prod/news/5740126/xs/a0536959cede9c53978c779600b0685b.jpg', 'width': 100, 'height': 56}, 's': {'src': 'https://cimg.cnyes.cool/prod/news/5740126/s/a0536959cede9c53978c779600b0685b.jpg', 'width': 180, 'height': 101}, 'm': {'src': 'https://cimg.cnyes.cool/prod/news/5740126/m/a0536959cede9c53978c779600b0685b.jpg', 'width': 380, 'height': 214}, 'l': {'src': 'https://cimg.cnyes.cool/prod/news/5740126/l/a0536959cede9c53978c779600b0685b.jpg', 'width': 640, 'height': 360}, 'xl': {'src': 'https://cimg.cnyes.cool/prod/news/5740126/l/a0536959cede9c53978c779600b0685b.jpg', 'width': 640, 'height': 360}, 'xxl': {'src': 'https://cimg.cnyes.cool/prod/news/5740126/l/a0536959cede9c53978c779600b0685b.jpg', 'width': 640, 'height': 360}}",,872,雜誌,,[],[],0,0,0,
5740437,iPhone 16 升級帶動PA需求，台廠供應鏈受惠: 穩懋、全新、立積、宏捷科,"&lt;p&gt;&lt;em&gt;〈iPhone 最新技術升級與 PA 的重要性〉&lt;/em&gt;&lt;/p&gt;

&lt;p&gt;蘋果的 iPhone 系列每次升級都對科技產業帶來顯著影響，iPhone 16 的發布更是再次點燃了市場對於新技術的期待，特別是在 5G 網路和未來 WiFi 7 的佈局需求驅動下，功率放大器 (Power Amplifier，PA) 技術成為了核心焦點，PA 技術是負責將射頻信號轉換為手機天線能夠傳輸的高功率信號，將直接影響手機的信號傳輸質量和網路速度，對於手機的整體效能至關重要，這也讓許多台灣的 PA 供應商站上了國際舞台，成為蘋果供應鏈的一部分。&lt;/p&gt;

&lt;p&gt;PA 市場的成長與 5G 網路的普及息息相關，iPhone 16 的主要升級之一就是在 5G 技術的進一步強化和 WiFi 7 的導入，PA 技術作為手機射頻系統核心元件，在蘋果的要求不斷提升下，如何將射頻信號放大至足以傳輸的功率，同時保持低功耗的表現，牽動了蘋果與多家 PA 供應商的合作關係。&lt;/p&gt;

&lt;figure&gt;&lt;img data-height=&quot;428&quot; data-mime=&quot;image/jpeg&quot; data-ratio=&quot;1.7757009345794392&quot; data-src-m=&quot;https://cimg.cnyes.cool/prod/news/5740437/m/94d918cf52ce80fca2cee29b3c3ced62.jpg&quot; data-width=&quot;760&quot; src=&quot;https://cimg.cnyes.cool/prod/news/5740437/l/94d918cf52ce80fca2cee29b3c3ced62.jpg&quot; srcset=&quot;https://cimg.cnyes.cool/prod/news/5740437/l/94d918cf52ce80fca2cee29b3c3ced62.jpg 1x,https://cimg.cnyes.cool/prod/news/5740437/xl/94d918cf52ce80fca2cee29b3c3ced62.jpg 2x,https://cimg.cnyes.cool/prod/news/5740437/xxl/94d918cf52ce80fca2cee29b3c3ced62.jpg 3x&quot;&gt;&lt;/figure&gt;

&lt;p&gt;&lt;em&gt;〈下載陳智霖分析師 APP 獲得更即時資訊 ，完成註冊獎勵金最高 6000 元 〉&lt;/em&gt;&lt;/p&gt;

&lt;p&gt;陳智霖老師的直播節目及 APP 的獨家廣播都會針對國際總經還有重要財經事件即時追蹤分析，同時提供產業趨勢方向，只要 APP 完成註冊驗證者都可獲得獎勵金 (最高回饋 6000 元)，邀請您可以立即點選下方連結免費下載陳智霖分析師 App，下載連結: &lt;a href=&quot;https://hantec.liveinapp.com/jhih-lin-app-link&quot;&gt;https://hantec.liveinapp.com/jhih-lin-app-link&lt;/a&gt;&lt;/p&gt;

&lt;p&gt;&lt;em&gt;〈PA 技術推動相關供應鏈〉&lt;/em&gt;&lt;/p&gt;

&lt;p&gt;根據市場研究報告指出，全球 PA 市場在 2024 年預計將達到超過 150 億美元的市場規模，除了 iPhone 系列產品的升級之外，PA 技術還將應用於其他智能裝置如智慧手錶、平板電腦等，台灣在 PA 技術領域具備深厚的技術基礎，早已經與國際大廠建立了深厚的合作關係，穩懋 (3105-TW) 做為全球化合物半導體的領導廠商，透過先進的砷化鎵 (GaAs) 和氮化鎵 (GaN) 技術成功進入蘋果的供應鏈，全新 (2455-TW) 是砷化鎵磊晶全球三大製造商之一，宏捷科 (8086-TW) 憑藉著在高頻段 PA 技術的突破，也成為 PA 市場的重要參與者，射頻晶片設計廠立積 (4968-TW) 營收約九成來自 Wifi 應用，隨著 Wifi 7 滲透率提升，也有望帶動整體營收和獲利上揚。&lt;/p&gt;

&lt;p&gt;隨著 iPhone 需求的不斷成長，台灣的供應商也面臨著來自中國、美國等激烈的全球競爭，台廠憑藉著先進的製造技術和穩定的品質控制，在 PA 技術上的優勢將更加凸顯，還能針對不同客戶的需求提供客製化的解決方案，PA 技術將在 5G 及未來 6G 網路的發展中扮演越來越重要的角色，未來隨著 iPhone 及全球智慧手機市場的成長，將獲得更多的發展機會，相關概念股如何操作? 建議忠實粉絲觀眾先下載陳智霖分析師 APP，申請體驗每週的精選操作名單、選股到價盤中通知，平日的晚上都有智霖老師親自撰寫的免費分析文章，APP 再升級也可查看個股即時行情，沒有下載 APP 真的就是你的損失喔！關於最新的行情看法、老師帶領會員最新的進出策略及預告，請忠實粉絲務必要收看最新的直播節目，也請動動手指頭不吝嗇給智霖老師一個讚喔！&lt;/p&gt;

&lt;p&gt;最新影音 (請點影音上方標題至 Youtube 收視品質會更佳 - TW)&lt;/p&gt;

&lt;div class=&quot;youtube-embed-wrapper&quot; style=&quot;position:relative;padding-bottom:56.25%;padding-top:30px;height:0;overflow:hidden;&quot;&gt;&lt;iframe allowfullscreen=&quot;&quot; frameborder=&quot;0&quot; height=&quot;360&quot; src=&quot;//www.youtube.com/embed/HIyL5j6MxGs&quot; style=&quot;position: absolute;top: 0;left: 0;width: 100%;height: 100%;&quot; width=&quot;640&quot;&gt;&lt;/iframe&gt;&lt;/div&gt;

&lt;p&gt;才剛剛接觸陳智霖分析師的新朋友，建議您現在立即點選連結下載安裝陳智霖分析師 APP，新註冊的用戶可免費體驗午報導航、選股到價盤中通知以及會員專屬影音，歡迎您透過體驗來了解陳智霖老師，體驗都是限時限額開放，千萬不要浪費了您可以免費體驗的權益喔。&lt;/p&gt;

&lt;figure&gt;&lt;img data-height=&quot;414&quot; data-mime=&quot;image/jpeg&quot; data-ratio=&quot;1&quot; data-src-m=&quot;https://cimg.cnyes.cool/prod/news/5740437/m/030d2ae385a1f30b7127439f513e0ec1.jpg&quot; data-width=&quot;414&quot; src=&quot;https://cimg.cnyes.cool/prod/news/5740437/m/030d2ae385a1f30b7127439f513e0ec1.jpg&quot;&gt;&lt;/figure&gt;

&lt;p&gt;&lt;strong&gt;點擊連結免費下載註冊〈陳智霖分析師 APP&lt;/strong&gt;&lt;strong&gt;〉獎勵金回饋立即領 &lt;/strong&gt;&lt;a href=&quot;https://hantec.liveinapp.com/jhih-lin-app-link&quot;&gt;https://hantec.liveinapp.com/jhih-lin-app-link&lt;/a&gt;&lt;/p&gt;

&lt;p&gt;錢進熱線 02-2653-8299， 立即邁向系統依據的股票操作。&lt;/p&gt;

&lt;p&gt;文章來源：陳智霖分析師 / 亨達投顧&lt;/p&gt;

&lt;p class=&quot;warning&quot;&gt;本公司所推薦分析之個別有價證券&lt;br&gt;
無不當之財務利益關係 以往之績效不保證未來獲利&lt;br&gt;
投資人應獨立判斷 審慎評估並自負投資風險&lt;/p&gt;
",1,1,,1,"['3105', '2455', '8086', '4968']",,0,0,"['TWS:3105:STOCK:COMMON', 'TWS:2455:STOCK:COMMON', 'TWS:8086:STOCK:COMMON', 'TWS:4968:STOCK:COMMON']",,0,"['趨勢分析', '亨達投顧', '陳智霖', '蘋果', 'iPhone', '5G', 'WiFi 7', '功率放大器', 'PA', '智慧手錶', '化合物', '半導體', '砷化鎵', 'GaAs', '氮化鎵', 'GaN', '穩懋', '磊晶', '全新', '立積', '宏捷科']",0,1728739805,"{'xs': {'src': 'https://cimg.cnyes.cool/prod/news/5740437/xs/1326981c98023f277ed82023708153f8.jpg', 'width': 100, 'height': 56}, 's': {'src': 'https://cimg.cnyes.cool/prod/news/5740437/s/1326981c98023f277ed82023708153f8.jpg', 'width': 180, 'height': 101}, 'm': {'src': 'https://cimg.cnyes.cool/prod/news/5740437/m/1326981c98023f277ed82023708153f8.jpg', 'width': 380, 'height': 214}, 'l': {'src': 'https://cimg.cnyes.cool/prod/news/5740437/l/1326981c98023f277ed82023708153f8.jpg', 'width': 640, 'height': 360}, 'xl': {'src': 'https://cimg.cnyes.cool/prod/news/5740437/xl/1326981c98023f277ed82023708153f8.jpg', 'width': 960, 'height': 540}, 'xxl': {'src': 'https://cimg.cnyes.cool/prod/news/5740437/xl/1326981c98023f277ed82023708153f8.jpg', 'width': 960, 'height': 540}}",,827,台股新聞,,[],[],0,0,0,"[{'code': '3105', 'name': '穩懋', 'symbol': 'TWS:3105:STOCK'}, {'code': '2455', 'name': '全新', 'symbol': 'TWS:2455:STOCK'}, {'code': '8086', 'name': '宏捷科', 'symbol': 'TWS:8086:STOCK'}, {'code': '4968', 'name': '立積', 'symbol': 'TWS:4968:STOCK'}]"
5740916,神準明年Q1推AI IPC新品搶市 自研水冷散熱盼技術整合,"&lt;p&gt;網通廠神準 (3558-TW) 今 (12) 日舉辦神準集團暨恩嘉科技永續路跑家庭日活動，董事長蔡文河出席活動時透露，神準將跟隨英特爾 (INTC-US) 明年第一季推出 AI IPC 新產品，另外也在研發水冷散熱系統，目標為企業伺服器實現技術整合。&lt;/p&gt;

&lt;p&gt;蔡文河表示，神準將跟隨英特爾腳步進軍 AI IPC 市場，預計明年第一季投產，目前在印度和台灣都大幅增加研發人力；至於英特爾近期目標下修，由於神準與英特爾剛開始合作，並未有太多訂單，故不受太大影響。&lt;/p&gt;

&lt;p&gt;蔡文河提到，神準正積極投入水冷散熱技術的研發，神準已有專業團隊投入開發，期望明年下半年能夠取得成果，現階段目標以自用為主，隨著未來技術成熟，希望在企業級 AI 伺服器實現技術整合。&lt;/p&gt;

&lt;p&gt;蔡文河強調，神準未來將聚焦於軟體價值，切入不同市場，除了 AI IPC 和水冷散熱技術外，也將發展中大型企業級伺服器、邊緣運算等產品，希望在大廠忽視的利基市場中尋找機會，並專注於軟體方面的優勢、加值產品以搶佔獨特的市場區塊。&lt;/p&gt;

&lt;p&gt;市場展望部分，蔡文河表示，今年第四季將比前三季略好，但整體仍處於相對保守狀態，明年可望回到成長軌道，但由於今年廠商競相搶單，明年網通產品雖然出貨量可能回升，整體價格恐仍維持在較低水準。&lt;/p&gt;

&lt;p&gt;在產能布局方面，蔡文河透露，越南廠預計明年 7、8 月完工，第四季量產，並專注於生產智能網路設備、伺服器及與 AI 技術相關的高科技產品，預估到 2027 年，越南廠將成為神準集團生產主力基地。&lt;/p&gt;
",1,1,網通廠神準 (3558-TW) 今 (12) 日舉辦神準集團暨恩嘉科技永續路跑家庭日活動，董事長蔡文河出席活動時透露，神準將跟隨英特爾 (INTC-US) 明年第一季推出 AI IPC 新產品，另外也在研發水冷散熱系統，目標做為企業伺服,1,[],,0,0,"['TWS:3558:STOCK:COMMON', 'USS:INTC:STOCK:COMMON']",,0,"['神準', '英特爾', 'AI伺服器', '網通', '水冷散熱']",1,1728732200,"{'xs': {'src': 'https://cimg.cnyes.cool/prod/news/5740916/xs/0f4e2add1716e87400a999c544d88865.jpg', 'width': 100, 'height': 56}, 's': {'src': 'https://cimg.cnyes.cool/prod/news/5740916/s/0f4e2add1716e87400a999c544d88865.jpg', 'width': 180, 'height': 101}, 'm': {'src': 'https://cimg.cnyes.cool/prod/news/5740916/m/0f4e2add1716e87400a999c544d88865.jpg', 'width': 380, 'height': 214}, 'l': {'src': 'https://cimg.cnyes.cool/prod/news/5740916/l/0f4e2add1716e87400a999c544d88865.jpg', 'width': 640, 'height': 360}, 'xl': {'src': 'https://cimg.cnyes.cool/prod/news/5740916/xl/0f4e2add1716e87400a999c544d88865.jpg', 'width': 960, 'height': 539}, 'xxl': {'src': 'https://cimg.cnyes.cool/prod/news/5740916/xxl/0f4e2add1716e87400a999c544d88865.jpg', 'width': 1080, 'height': 607}}",,827,台股新聞,,[],[],0,0,0,"[{'code': '3558', 'name': '神準', 'symbol': 'TWS:3558:STOCK'}, {'code': 'INTC', 'name': '英特爾', 'symbol': 'USS:INTC:STOCK'}]"
5740905,〈熱門股〉聚鼎9月營收報喜 股價奔漲停創28個月新高,"&lt;p&gt;保護元件廠聚鼎 (6224-TW)9 月營收報喜、前 9 月營收重返成長軌道，周五股價直奔漲停 75.9 元，創 2022 年 7 月以來 28&nbsp;個月新高，周漲 14%。&lt;/p&gt;

&lt;p&gt;聚鼎 9 月營收 3.32 億元，月增 19.3%、年增 30.6%，創歷史單月次高、同期新高；累計前 9 月營收來到 21.64 億元，年增 1.2%，由先前衰退轉為成長。&lt;/p&gt;

&lt;p&gt;據了解，聚鼎受惠元件產品出貨成長，今年以來營收表現逐步回升，加上美系客戶智慧手機新機上市，也推升公司 9 月營收大幅成長。&lt;/p&gt;

&lt;p&gt;此外，聚鼎轉投資的美國 TCLAD 產能瓶頸狀況改善、虧損已明顯收斂，集團整合效益可望逐漸發酵，有助後續獲利表現。&lt;/p&gt;

&lt;figure&gt;&lt;img data-cnyeschart=&quot;cnyeschart&quot; src=&quot;https://so.cnyes.com/mobilechart/MobileChart.aspx?markettype=twstock&amp;charttype1=kchart&amp;stockcode=6224&amp;imgwidth=580&amp;imgheight=500&amp;bgcolor=2&quot;&gt;
&lt;figcaption&gt;聚鼎日 K 線圖&lt;/figcaption&gt;
&lt;/figure&gt;

&lt;p&gt;&nbsp;&lt;/p&gt;
",1,1,〈熱門股〉聚鼎 9 月營收報喜 股價奔漲停創 28 個月新高,1,['6224'],,0,0,['TWS:6224:STOCK:COMMON'],,0,"['聚鼎', '保護元件', '營收']",1,1728710737,"{'xs': {'src': 'https://cimg.cnyes.cool/prod/news/5740905/xs/a9f5e2b6927bef5cdc61a66c97a11e8b.jpg', 'width': 100, 'height': 56}, 's': {'src': 'https://cimg.cnyes.cool/prod/news/5740905/s/a9f5e2b6927bef5cdc61a66c97a11e8b.jpg', 'width': 180, 'height': 101}, 'm': {'src': 'https://cimg.cnyes.cool/prod/news/5740905/m/a9f5e2b6927bef5cdc61a66c97a11e8b.jpg', 'width': 380, 'height': 214}, 'l': {'src': 'https://cimg.cnyes.cool/prod/news/5740905/l/a9f5e2b6927bef5cdc61a66c97a11e8b.jpg', 'width': 640, 'height': 360}, 'xl': {'src': 'https://cimg.cnyes.cool/prod/news/5740905/xl/a9f5e2b6927bef5cdc61a66c97a11e8b.jpg', 'width': 960, 'height': 540}, 'xxl': {'src': 'https://cimg.cnyes.cool/prod/news/5740905/xl/a9f5e2b6927bef5cdc61a66c97a11e8b.jpg', 'width': 960, 'height': 540}}",,827,台股新聞,,[],[],0,0,0,"[{'code': '6224', 'name': '聚鼎', 'symbol': 'TWS:6224:STOCK'}]"
5740907,企業瘦身！大摩：亞馬遜擬全球「經理級別」大裁員 明年初前裁撤1.4萬人,"&lt;p&gt;近日，根據摩根士丹利的內部報告，亞馬遜 (AMZN-US) 計劃在 2025 年初前裁除約 1.4 萬名管理層人員。&lt;/p&gt;

&lt;p&gt;這一消息引發了廣泛的關注，尤其是在亞馬遜於 9 月 16 日宣布取消遠程工作（WFH）政策後，要求所有員工自 2025 年 1 月起全職回辦公室工作。許多人對這一變化感到擔憂，認為這可能預示著公司將進行更大規模的裁員。&lt;/p&gt;

&lt;p&gt;摩根士丹利的報告指出，亞馬遜每名管理者的年成本在 20 萬至 35 萬美元之間。亞馬遜此次很可能大幅縮編全球管理職人數，從目前的 10.57 萬人、大幅減少至 9.19 萬人，因此每年可節省 21 億至 36 億美元，讓公司年營收提高 3 至 5%。&lt;/p&gt;

&lt;p&gt;摩根士丹利認為，縮編不僅是為了降低成本，更是為了應對市場環境的變化，對亞馬遜整體營運有利，藉由精簡組織架構與層級，讓公司運作能加快腳步。&lt;/p&gt;

&lt;p&gt;亞馬遜執行長賈西（Andy Jassy）在內部備忘錄中提到，將提高個人貢獻者與管理者的比例，以簡化組織結構，消除多餘的管理層級，使公司運作更為高效。這一變革不僅是對內部管理的反思，也反映了公司對未來發展方向的重新思考。&lt;/p&gt;

&lt;p&gt;然而，這一裁員計畫恐重挫員工士氣，大規模裁員的消息可能會導致剩餘員工感到不安與不確定，進而影響公司整體生產力和創新能力。&lt;/p&gt;

&lt;p&gt;此外，裁員後，亞馬遜可能會將資源重新分配至初級職位的招聘上，這將為求職者提供新的機會。市場上已有消息指出，亞馬遜計劃在 2025 年前的幾個季度內加大對初級職位的招聘力度。&lt;/p&gt;

&lt;p&gt;最終，亞馬遜的裁員計畫不僅是公司內部的一次重大調整，也可能成為行業的風向標，影響未來的招聘與用人策略。在不斷變化的科技行業中，亞馬遜的這一決策將可能引發其他公司類似的行動，進一步加劇行業內的競爭與變革。如何在降低成本的同時保持員工的士氣，將是亞馬遜未來必須面對的重要挑戰。&lt;/p&gt;
",1,1,近日，根據摩根士丹利的內部報告，亞馬遜計劃在 2025 年初前裁除約 1.4 萬名管理層人員。,1,['US-AMZN'],,0,0,['USS:AMZN:STOCK:COMMON'],,0,"['摩根士丹利', '裁員', '亞馬遜', '美股']",0,1728710386,"{'xs': {'src': 'https://cimg.cnyes.cool/prod/news/5740907/xs/6fe6af6b5789283c1eb5888d00015b36.jpg', 'width': 100, 'height': 56}, 's': {'src': 'https://cimg.cnyes.cool/prod/news/5740907/s/6fe6af6b5789283c1eb5888d00015b36.jpg', 'width': 180, 'height': 101}, 'm': {'src': 'https://cimg.cnyes.cool/prod/news/5740907/m/6fe6af6b5789283c1eb5888d00015b36.jpg', 'width': 380, 'height': 214}, 'l': {'src': 'https://cimg.cnyes.cool/prod/news/5740907/l/6fe6af6b5789283c1eb5888d00015b36.jpg', 'width': 640, 'height': 360}, 'xl': {'src': 'https://cimg.cnyes.cool/prod/news/5740907/xl/6fe6af6b5789283c1eb5888d00015b36.jpg', 'width': 960, 'height': 539}, 'xxl': {'src': 'https://cimg.cnyes.cool/prod/news/5740907/xxl/6fe6af6b5789283c1eb5888d00015b36.jpg', 'width': 1080, 'height': 607}}",,831,美股雷達,,"[{'name': '產業-消費品及服務', 'categoryAbbrId': 'C34'}, {'name': '股票-美國大型', 'categoryAbbrId': 'C65'}, {'name': '產業-科技', 'categoryAbbrId': 'C37'}]",[],0,0,0,"[{'code': 'AMZN', 'name': '亞馬遜', 'symbol': 'USS:AMZN:STOCK'}]"
5740899,馬斯克畫大餅 華爾街嚥不下！諸多質疑點 特斯拉股價重挫近9%,"&lt;p&gt;特斯拉 (TSLA-US) 萬眾矚目的 Robotaxi 終於揭開神秘面紗，執行長馬斯克 (Elon Musk) 在這場自詡能「載入史冊」的活動中，他乘坐一輛名為 Cyber​​cab 的無人駕駛計程車出場。該車型沒有方向盤和踏板，具備感應充電功能，預計在 2026 年投產，成本低於 3 萬美元。&lt;/p&gt;

&lt;figure&gt;&lt;img alt=&quot;(圖片來源：特斯拉官網)&quot; data-height=&quot;463&quot; data-mime=&quot;image/png&quot; data-ratio=&quot;1.6414686825053997&quot; data-src-m=&quot;https://cimg.cnyes.cool/prod/news/5740899/m/7403c05009ebb044d6f0adcfdce700f6.jpg&quot; data-width=&quot;760&quot; src=&quot;https://cimg.cnyes.cool/prod/news/5740899/l/7403c05009ebb044d6f0adcfdce700f6.jpg&quot;&gt;
&lt;figcaption&gt;(圖片來源：特斯拉官網)&lt;/figcaption&gt;
&lt;/figure&gt;

&lt;p&gt;此外，特斯拉還展示了一款可以容納 20 人的無人駕駛多功能車 Robovan。馬斯克還歡迎所有特斯拉車主加入共享車隊，形成龐大的服務營運網絡，這一系列創新被視為馬斯克的「交通行業革命」，然而華爾街對這一切的反應卻顯得冷淡。&lt;/p&gt;

&lt;h6&gt;Robotaxi 的市場潛力與挑戰&lt;/h6&gt;

&lt;p&gt;馬斯克在發表會上強調，Robotaxi 的使用率若能從目前的每週 10 小時提升至 100 小時，將大幅降低出行成本，預計為 0.2 美元每公里，在美國含稅與其他費用後約每公里 30-40 美分，此親民價格將使得出行更加普及。&lt;/p&gt;

&lt;p&gt;無人駕駛貨運車 Robovan 的運輸成本可以降到 5-10 美分 / 英里。馬斯克表示，未來消費者可以購買 Cyber​​cab，不僅可以滿足自身的出行需求，還能加入特斯拉 Robovan 服務網絡，讓 Cyber​​cab 為車主賺錢。&lt;/p&gt;

&lt;p&gt;然而，儘管這個商業模式看似具有吸引力，但投資者的信心卻未能跟上。發表會後，特斯拉股價在美東時間周四盤前下跌近 7%，最終重挫 8.78%，收每股 217.80 美元，創下過去兩個月的最大跌幅，年內累積下滑超過 12%，顯示出市場對其未來獲利能力的疑慮。&lt;/p&gt;

&lt;h6&gt;華爾街的質疑聲&lt;/h6&gt;

&lt;p&gt;&lt;strong&gt;1.Robotaxi 實際落地能力令人質疑，尤其是在中國市場&lt;/strong&gt;&lt;/p&gt;

&lt;p&gt;華爾街對特斯拉的自動駕駛願景表現出明顯的懷疑。儘管馬斯克稱此次發表會是自 Model 3 以來最重要的時刻，但分析師們對 Robotaxi 的實際落地能力表示擔憂。特斯拉在自動駕駛技術上的進展仍需時間來驗證，尤其是在中國市場，FSD（完全自動駕駛）尚未落地，這使得 Robotaxi 的市場影響力受到限制。&lt;/p&gt;

&lt;p&gt;即使 FSD 在中國落地，特斯拉 Robotaxi 在中國短時間內仍難以帶來威脅，畢竟 FSD 需要時間收集資料。&lt;/p&gt;

&lt;p&gt;&lt;strong&gt;2. 中國出行服務市場已有霸主滴滴與眾多新創強者盤據&lt;/strong&gt;&lt;/p&gt;

&lt;p&gt;此外，隨著中國出行服務市場的快速發展，滴滴等本土企業已在無人駕駛領域展開佈局。&lt;/p&gt;

&lt;p&gt;身為市場的領導者，滴滴出行在中國共享旅遊市場中佔有了重要地位。滴滴上半年財報顯示，2024 年上半年營收為 999.36 億元，較上年同期的 915.6 億元成長 9.15%。其中，營運利潤為 12.08 億元，淨利為 6.14 億元，而上年同期的淨虧損 9.23 億元。&lt;/p&gt;

&lt;p&gt;作為 2012 年成立的公司，滴滴在 2023 年才首次實現年度淨利為正。今年上半年淨利持續向好業務方面，滴滴 2024 年第二季度中國出行總單量為 30.04 億單，較上年同期增長 12.3%；國際業務總單量為 8.71 億單，較上年同期增長 39.1%。中國旅遊及國際業務日均單量分別達 3,300 萬單、957 萬單，持續創歷史新高。&lt;/p&gt;

&lt;p&gt;很顯然，從滴滴的業務表現可知，不管是國內還是國外的出行服務市場，仍處於快速成長狀態。&lt;/p&gt;

&lt;p&gt;除了滴滴，市場上還湧現許多新興企業，如美團、曹操出行和蘿蔔快跑等。這些企業透過創新的商業模式和技術手段，積極參與共享出行市場。尤其是蘿蔔快跑，近期在全球佈局方面取得了顯著進展，計劃推出無人駕駛計程車服務。&lt;/p&gt;

&lt;p&gt;雖然麥肯錫的報告指出，Robotaxi 市場預計在未來幾年內以超過 75% 的複合年增長率成長，到 2032 年市值可能達到 78.42 億美元，但特斯拉在這一領域的競爭並不輕鬆。&lt;/p&gt;

&lt;p&gt;&lt;strong&gt;3. 未見 Robotaxi 具體生產時間表、技術細節、監管合規資訊&lt;/strong&gt;&lt;/p&gt;

&lt;p&gt;同時，市場也對特斯拉 Robotaxi 計畫缺乏具體的生產時間表和技術細節表示不滿。馬斯克僅透露 Cyber​​Cab 將於 2026 年開始生產，未能提供更多關於商業模式和監管合規的資訊。&lt;/p&gt;

&lt;p&gt;&lt;strong&gt;4. 電動車市場競爭加劇 特斯拉未見新電動車型&nbsp;&lt;/strong&gt;&lt;/p&gt;

&lt;p&gt;分析師指出，特斯拉的股價已包含對未來成長的高期望，但缺乏新車型的發布使得投資者感到失望。雖然 Model Y 和 Model 3 依然是全球最暢銷的電動車型，但都已經發布了超過五年時間，華爾街對特斯拉的未來前景持謹慎態度，尤其是在電動車市場競爭加劇的背景下。&lt;/p&gt;

&lt;p&gt;&lt;strong&gt;5. 買得起的車才是重點：未見「面向家用市場」入門車&lt;/strong&gt;&lt;/p&gt;

&lt;p&gt;市場觀察家認為，特斯拉急需推出更現實的入門車型，以刺激銷售量。儘管馬斯克今年 7 月承諾，將繼續按計畫在明年發布新的入門車型，但此次發表會未能提供相關訊息，進一步加劇了市場的不安。投資人迫切希望看到成長放緩的特斯拉盡快發布計畫中的 2 萬美元入門車型 Model 2，為特斯拉帶來新的銷售成長推動力。&lt;/p&gt;

&lt;p&gt;CFRA 分析師 Garrett Nelson 表示：「特斯拉近期產品路線圖缺乏細節，讓我們感到失望。」&lt;/p&gt;

&lt;p&gt;在全球電動車市場降溫的情況下，特斯拉的成長潛力受到挑戰。馬斯克的自動駕駛和機器人願景雖吸引眼球，但投資人更希望看到短期內能推動銷售的實際產品。隨著市場對特斯拉未來的期待逐漸降低，華爾街對這家電動車巨頭的信心也逐漸減弱。&lt;/p&gt;

&lt;h6&gt;馬斯克別畫餅了！&lt;/h6&gt;

&lt;p&gt;儘管特斯拉的 Robotaxi 計畫展現了未來出行的潛力，華爾街的反應卻揭示了市場對馬斯克「畫餅」能力的審慎態度。投資者對特斯拉能否在激烈的市場競爭中脫穎而出、實現盈利持保留態度。未來，特斯拉需要不僅在技術上取得突破，更需在商業模式的可持續性上贏得市場信任。&lt;/p&gt;
",1,1,特斯拉 (TSLA-US) 萬眾矚目的 Robotaxi 終於揭開神秘面紗，一系列創新被視為馬斯克的「交通行業革命」，然而華爾街對這一切的反應卻顯得冷淡。,1,['US-TSLA'],,0,0,['USS:TSLA:STOCK:COMMON'],,0,"['馬斯克', '自動駕駛', 'robotaxi', 'robovan', '滴滴', 'Cyber\u200b\u200bcab']",0,1728709202,"{'xs': {'src': 'https://cimg.cnyes.cool/prod/news/5740899/xs/b64ccfc54e44803eb66c07d56daee062.jpg', 'width': 100, 'height': 56}, 's': {'src': 'https://cimg.cnyes.cool/prod/news/5740899/s/b64ccfc54e44803eb66c07d56daee062.jpg', 'width': 180, 'height': 101}, 'm': {'src': 'https://cimg.cnyes.cool/prod/news/5740899/m/b64ccfc54e44803eb66c07d56daee062.jpg', 'width': 380, 'height': 214}, 'l': {'src': 'https://cimg.cnyes.cool/prod/news/5740899/l/b64ccfc54e44803eb66c07d56daee062.jpg', 'width': 640, 'height': 360}, 'xl': {'src': 'https://cimg.cnyes.cool/prod/news/5740899/xl/b64ccfc54e44803eb66c07d56daee062.jpg', 'width': 960, 'height': 539}, 'xxl': {'src': 'https://cimg.cnyes.cool/prod/news/5740899/xxl/b64ccfc54e44803eb66c07d56daee062.jpg', 'width': 1080, 'height': 607}}",,831,美股雷達,,"[{'name': '股票-美國大型', 'categoryAbbrId': 'C65'}, {'name': '產業-科技', 'categoryAbbrId': 'C37'}]",[],0,0,0,"[{'code': 'TSLA', 'name': '特斯拉', 'symbol': 'USS:TSLA:STOCK'}]"
5740896,〈熱門股〉紘康將併入矽統 單周上漲14%創波段高,"&lt;p&gt;MCU 業者紘康 (6457-TW) 本周通過股東臨時會，與矽統 (2363-TW) 進行股份轉換，預計 2025 年元旦正式併入矽統，在未來展望看佳與合併案順利通過下，本周股價也同慶，最高一度達 72.3 元，創下 10 個月來新高，單周漲幅 14.11%。&lt;/p&gt;

&lt;p&gt;紘康董事長趙伯寅看好，併入矽統後的，可望加深與晶圓代工廠聯電 (2303-TW) 的合作關係，加上提列庫存跌價損失告段落、需求顯著回升，明年營收、毛利率將同步向上。&lt;/p&gt;

&lt;p&gt;紘康本周沿五日線上攻，周三更爆大量，最高衝上 72.3 元，週五終場則因漲多回檔，收在 66.3 元，三大法人中外資與自營商皆站買方，外資買超 235 張、自營商小買 15 張。&lt;/p&gt;

&lt;figure&gt;&lt;img data-cnyeschart=&quot;cnyeschart&quot; src=&quot;https://so.cnyes.com/mobilechart/MobileChart.aspx?markettype=twstock&amp;charttype1=kchart&amp;stockcode=6457&amp;imgwidth=580&amp;imgheight=500&amp;bgcolor=2&quot;&gt;
&lt;figcaption&gt;&nbsp;&lt;/figcaption&gt;
&lt;/figure&gt;

&lt;p&gt;&nbsp;&lt;/p&gt;
",1,1,MCU 業者紘康 (6457-TW) 本周通過股東臨時會，與矽統 (2363-TW) 進行股份轉換，預計 2025 年元旦正式併入矽統，在未來展望看佳與合併案順利通過下，本周股價也同慶，最高一度達 72.3 元，創下 10 個月來新高，單周漲,1,['6457'],,0,0,"['TWS:6457:STOCK:COMMON', 'TWS:2363:STOCK:COMMON', 'TWS:2303:STOCK:COMMON']",,0,"['紘康', '矽統', '併購', 'MCU', '電源管理IC']",1,1728708602,"{'xs': {'src': 'https://cimg.cnyes.cool/prod/news/5740896/xs/db38b71b83cb95e87d62304f11ee90fe.jpg', 'width': 100, 'height': 56}, 's': {'src': 'https://cimg.cnyes.cool/prod/news/5740896/s/db38b71b83cb95e87d62304f11ee90fe.jpg', 'width': 180, 'height': 101}, 'm': {'src': 'https://cimg.cnyes.cool/prod/news/5740896/m/db38b71b83cb95e87d62304f11ee90fe.jpg', 'width': 380, 'height': 214}, 'l': {'src': 'https://cimg.cnyes.cool/prod/news/5740896/l/db38b71b83cb95e87d62304f11ee90fe.jpg', 'width': 640, 'height': 360}, 'xl': {'src': 'https://cimg.cnyes.cool/prod/news/5740896/xl/db38b71b83cb95e87d62304f11ee90fe.jpg', 'width': 960, 'height': 539}, 'xxl': {'src': 'https://cimg.cnyes.cool/prod/news/5740896/xxl/db38b71b83cb95e87d62304f11ee90fe.jpg', 'width': 1080, 'height': 607}}",,827,台股新聞,,[],[],0,0,0,"[{'code': '6457', 'name': '紘康', 'symbol': 'TWS:6457:STOCK'}, {'code': '2363', 'name': '矽統', 'symbol': 'TWS:2363:STOCK'}, {'code': '2303', 'name': '聯電', 'symbol': 'TWS:2303:STOCK'}]"
5740882,〈熱門股〉光通訊3尖兵9月營收個個強勁 周漲幅最高逾26%,"&lt;p&gt;隨 AI 技術發展，矽光子技術能有效降低能耗，重要性日漸增加，帶動相關光通訊廠業績強勢，光聖 (6442-TW)、聯鈞 (3450-TW)9 月營收雙雙創歷史紀錄，上詮 (3363-TW) 營收也維持近期高檔，帶動本周股價表現亮眼，其中上詮周漲幅最高，達 26.4%。&lt;/p&gt;

&lt;p&gt;聯鈞 9 月營收 7.97 億元，月增 21.2%，年增 63.12%，創下歷史新高；第三季營收約&nbsp;20.9 億元，季增約 23%、年增約 49.2%；累計前 9 月營收 50.91 億元，年增 28.53%。&lt;/p&gt;

&lt;p&gt;聯鈞本周漲幅 8.9%，股價最高來到 210.5 元，創歷史新高，11 日收盤價 207.5 元。聯鈞表示，受惠於客戶需求暢旺，挹注 9 月營收成長，旗下主動式光纜 (AOC) 產品，已獲美系雲端平台青睞，可望成公司成長動力。&lt;/p&gt;

&lt;p&gt;光聖 9 月營收 5.61 億元，創歷史次高，月增 5.3%，年增 179%；第三季營收 16.4 億元，創歷史新高，季增 13.8%，年增 146%；累計前 9 個月營收，營收 39.09 億元，年增 95.71%。&lt;/p&gt;

&lt;p&gt;光聖本周漲幅 17.04%，11 日收盤價為 422.5 元，成功站上所有均線。光聖受惠於光主動元件獲美系資料中心客戶青睞，被動產品自製比率提升至 7 成；轉投資公司合聖也開發出矽光子晶片所需製程設計套件，未來有望切入 AI GPU 系統、數據中心次世代 CPO 交換機、全光網路等領域。&lt;/p&gt;

&lt;p&gt;上詮 9 月營收 1.22 億元，月減 3.3%、年增 24.58%；第 3 季營收 3.83 億元，登上八季來高點，季增 8.5%，年增 16.8%；累計前 9 個月達 10.04 億元，較去年同期成長 7.4%。&lt;/p&gt;

&lt;p&gt;上詮本周漲幅達 26.4%，11 日收盤價為 246 元，股價來到歷史高點。上詮主力為光纖和矽光子晶片連接器，且為台積電 (2330-TW) 檯面上唯一光通訊夥伴，將跟隨台積電腳步推矽光子進度，產品預計於 2026 年放量。&lt;/p&gt;
",1,1,隨 AI 技術發展，矽光子技術能有效降低能耗，重要性日漸增加，帶動相關光通訊廠業績強勢，光聖 (6442-TW)、聯鈞 (3450-TW)9 月營收雙雙創歷史紀錄，上詮 (3363-TW) 營收也維持近期高檔，帶動本周股價表現亮眼,1,[],,0,0,"['TWS:6442:STOCK:COMMON', 'TWS:3450:STOCK:COMMON', 'TWS:3363:STOCK:COMMON', 'TWS:2330:STOCK:COMMON']",,0,"['光聖', '聯鈞', '上詮', '矽光子', 'CPO', '營收']",1,1728707412,"{'xs': {'src': 'https://cimg.cnyes.cool/prod/news/5740882/xs/b2b7bbc39cd9946e1fe122b343fa4751.jpg', 'width': 100, 'height': 56}, 's': {'src': 'https://cimg.cnyes.cool/prod/news/5740882/s/b2b7bbc39cd9946e1fe122b343fa4751.jpg', 'width': 180, 'height': 101}, 'm': {'src': 'https://cimg.cnyes.cool/prod/news/5740882/m/b2b7bbc39cd9946e1fe122b343fa4751.jpg', 'width': 380, 'height': 214}, 'l': {'src': 'https://cimg.cnyes.cool/prod/news/5740882/l/b2b7bbc39cd9946e1fe122b343fa4751.jpg', 'width': 640, 'height': 360}, 'xl': {'src': 'https://cimg.cnyes.cool/prod/news/5740882/xl/b2b7bbc39cd9946e1fe122b343fa4751.jpg', 'width': 960, 'height': 540}, 'xxl': {'src': 'https://cimg.cnyes.cool/prod/news/5740882/xxl/b2b7bbc39cd9946e1fe122b343fa4751.jpg', 'width': 1080, 'height': 608}}",,827,台股新聞,,[],[],0,0,0,"[{'code': '6442', 'name': '光聖', 'symbol': 'TWS:6442:STOCK'}, {'code': '3450', 'name': '聯鈞', 'symbol': 'TWS:3450:STOCK'}, {'code': '3363', 'name': '上詮', 'symbol': 'TWS:3363:STOCK'}, {'code': '2330', 'name': '台積電', 'symbol': 'TWS:2330:STOCK'}]"
5740878,跟著巴菲特搭順風船！法人：航運股彎道超車 00960具價值回升空間,"&lt;p&gt;近期市場消息指出，股神巴菲特的投資公司波克夏公司將發行一系列日元債券，籌得買進日本股票的資金，且鎖定標的包括航運類股。巴菲特常用資產報酬率 (ROA)、股東權益報酬率 (ROE) 來選股，全球航運龍頭指數則擁有與美股相近的 ROE、甚至是美股 2 倍以上水準的 ROA，可見航運股更富吸引力，未來具有較多價值回升空間。&lt;/p&gt;

&lt;p&gt;野村投信表示，目前全球航運股在評價面上相當具有吸引力，例如 NYSE FactSet 全球航運龍頭息收指數預估本益比 (P/E) 僅 4.97 倍，相較於美國 S&amp;P 500 指數的 20.92 倍差距甚大，而就股價淨值比來說，全球航運龍頭指數亦只有 0.85 倍，遠低於美股 S&amp;P 500 指數的 4.36 倍。&lt;/p&gt;

&lt;p&gt;若觀察巴菲特常用的評估指標如資產報酬率 (ROA)、股東權益報酬率 (ROE) 來看，全球航運龍頭指數則擁有與美股相近的 ROE、甚至是美股 2 倍以上水準的 ROA，意謂著評價面更低廉但報酬潛力更加領先，未來可望具有較多價值回升空間。巴菲特是價值型投資人，相較於不斷創新高的美股更青睞尋找有基本面、且未來具價值回升機會的投資標的，才能在瞬息萬變的投資世界中蓬勃發展。&lt;/p&gt;

&lt;p&gt;00960 野村全球航運龍頭息收 ETF 經理人張怡琳分析表示，航運股與全球經濟與貿易成長具高度連動性，因此只要經濟與貿易活動穩健向上，全球航運股長期向上可期，全球貿易逾九成靠海運，加上貨櫃裝載民生物資屬剛性需求，與景氣連動度高。&lt;/p&gt;

&lt;p&gt;根據統計，在盤勢拉回期間如持有航運一年以上平均的表現，可望報酬表現更為亮眼，加上 NYSE FactSet 全球航運龍頭息收指數，目前本益比不到 5 倍，股價淨值比低於一的優勢，航運後市值得期待。即便國際碼頭工人協會 10/3 達成協議，暫停為期 3 天的罷工，航運股運價拉回修正，然而只要全球經濟與貿易活動穩健向上，全球航運股長期表現便可期，中長線投資人反而可趁機進場。&lt;/p&gt;

&lt;p&gt;張怡琳也提醒投資人，航運屬於單一產業股票且近期消息面變化快速，波動性將高於一般全球型股票，因此想跟著巴菲特一起參與全球航運大行情，最簡單的做法就是透過如國內首檔航運 ETF，00960 一次網羅全球三大航運類別貨櫃、油輪及散裝龍頭企業。&lt;/p&gt;

&lt;p&gt;00960 自 9 月 20 日上市以來，股價最高衝至 9 月 25 日的 19.09 元，最新收盤價為 10 月 11 日的 15.09 元。根據集保所資料，目前資產規模為 34.86 億元，受益人為 2.61 萬人，成交值高達 60.1 億元。&lt;/p&gt;
",1,1,近期市場消息指出，股神巴菲特的投資公司波克夏公司將發行一系列日元債券，籌得買進日本股票的資金，且鎖定標的包括航運類股。巴菲特常用資產報酬率 (ROA)、股東權益報酬率 (ROE) 來選股，全球航運龍頭指數則有與美股相近的 ROE,1,[],,0,0,"['GI:INX:INDEX:COMMON', 'FX:JPYUSD:FOREX:COMMON']",,0,"['航運股', '全球航運龍頭息收指數', '00960', '野村投信']",1,1728706203,"{'xs': {'src': 'https://cimg.cnyes.cool/prod/news/5740878/xs/3b04d1f2ecd0c8330fd9bd9c519b30f9.jpg', 'width': 100, 'height': 56}, 's': {'src': 'https://cimg.cnyes.cool/prod/news/5740878/s/3b04d1f2ecd0c8330fd9bd9c519b30f9.jpg', 'width': 180, 'height': 101}, 'm': {'src': 'https://cimg.cnyes.cool/prod/news/5740878/m/3b04d1f2ecd0c8330fd9bd9c519b30f9.jpg', 'width': 380, 'height': 214}, 'l': {'src': 'https://cimg.cnyes.cool/prod/news/5740878/l/3b04d1f2ecd0c8330fd9bd9c519b30f9.jpg', 'width': 640, 'height': 360}, 'xl': {'src': 'https://cimg.cnyes.cool/prod/news/5740878/xl/3b04d1f2ecd0c8330fd9bd9c519b30f9.jpg', 'width': 960, 'height': 540}, 'xxl': {'src': 'https://cimg.cnyes.cool/prod/news/5740878/xl/3b04d1f2ecd0c8330fd9bd9c519b30f9.jpg', 'width': 960, 'height': 540}}",,914,ETF,,[],[],0,0,0,
5740900,中國六大行官宣：進行存量房貸利率批量調整,"&lt;p&gt;中國工商銀行、農業銀行、中國銀行、建設銀行、交通銀行、郵政儲蓄銀行等多家銀行陸續發佈公告，10 月 25 日起，將對存量個人房貸利率進行批量調整。&lt;/p&gt;

&lt;p&gt;除貸款在北京、上海、深圳等地區且為二套房貸款的情形外，其他符合條件的房貸利率都將調整為貸款市場報價利率 LPR-30BP。&lt;/p&gt;

&lt;p&gt;據官媒《央視新聞》媒體試算，在 5 年期以上貸款市場報價利率 LPR 保持 3.85% 不變的前提下：&lt;/p&gt;

&lt;p&gt;假設在某二線城市，購房者當前房貸利率為貸款市場報價利率 LPR 不加點，即 3.85%，調整後房貸利率為 LPR-30BP，重定價後利率為 3.85%-0.3%，即 3.55%，比調整前下降了 0.3%。以貸款金額 100 萬元、30 年期、等額本息的房貸為例，調整後每月可節省支出約 170 元，總共節省利息約 6.1 萬元。&lt;/p&gt;

&lt;p&gt;假設在某一線城市，購房者當前房貸利率為貸款市場報價利率 LPR+55BP(貸款發放時首套房貸利率政策)，即 4.4%，調整後房貸利率為 LPR-30BP，重定價後利率為 3.85%-0.3%，即 3.55%，比調整前下降 0.85%。以貸款金額 100 萬元、25 年期、等額本息的房貸為例，調整後每月可節省支出約 469 元，總共節省利息約 14.06 萬元。&lt;/p&gt;

&lt;p&gt;據統計，此次存量房貸利率下調預計惠及 5000 萬戶家庭，1.5 億人口，平均每年減少家庭利息支出 1500 億元左右。&lt;/p&gt;
",1,1,中國工商銀行、農業銀行、中國銀行、建設銀行、交通銀行、郵政儲蓄銀行等多家銀行陸續發佈公告，10 月 25 日起，將對存量個人房貸利率進行批量調整。,1,[],,0,0,[],,0,"['中國房產', '樓市', '房地產', '存量房貸', '房貸利率']",0,1728705002,"{'xs': {'src': 'https://cimg.cnyes.cool/prod/news/5740900/xs/5c4c76313e68f4e29c9fe979c41a74a5.jpg', 'width': 100, 'height': 56}, 's': {'src': 'https://cimg.cnyes.cool/prod/news/5740900/s/5c4c76313e68f4e29c9fe979c41a74a5.jpg', 'width': 180, 'height': 101}, 'm': {'src': 'https://cimg.cnyes.cool/prod/news/5740900/m/5c4c76313e68f4e29c9fe979c41a74a5.jpg', 'width': 380, 'height': 214}, 'l': {'src': 'https://cimg.cnyes.cool/prod/news/5740900/l/5c4c76313e68f4e29c9fe979c41a74a5.jpg', 'width': 640, 'height': 360}, 'xl': {'src': 'https://cimg.cnyes.cool/prod/news/5740900/xl/5c4c76313e68f4e29c9fe979c41a74a5.jpg', 'width': 960, 'height': 539}, 'xxl': {'src': 'https://cimg.cnyes.cool/prod/news/5740900/xxl/5c4c76313e68f4e29c9fe979c41a74a5.jpg', 'width': 1080, 'height': 607}}",,848,大陸房市,,[],[],0,0,0,
5740865,法國信評遭惠譽砍至負面 2028年債務GDP占比恐達118.5%,"&lt;p&gt;信用評等機構惠譽周五 (11 日) 已將法國的信用評級展望自「穩定」調整為負面，反映該國在經濟增長和公共財政方面面臨的挑戰。&lt;/p&gt;

&lt;p&gt;惠譽指出，由於稅收收入低於預期而支出超出預期，法國今年的公共財政又急劇惡化，公共債務水準持續上升，預計未來幾年內將難以顯著降低。此外，經濟增長放緩，以及高通膨率對家庭支出的影響，恐進一步限制政府的財政靈活性。&lt;/p&gt;

&lt;p&gt;惠譽在一份聲明中表示，「法國今年預計財政下滑，使其處於更糟的財政起始位置。這意味著法國的財政赤字將擴大，導致政府債務在 2028 年前將上升到佔 GDP 的 118.5%。」儘管如此，惠譽仍將法國的信用評級保持在「AA-」。&lt;/p&gt;

&lt;p&gt;惠譽強調，法國政府需要採取更有效的政策來應對這些挑戰，以維持其投資級信用評級。惠譽分析師表示，若未來的經濟表現未能改善，將可能進一步下調法國的信用評級。&lt;/p&gt;

&lt;p&gt;法國周四提出 2025 年預算，旨在透過針對富人和大公司的支出削減和增稅，將公共財政缺口縮小 600 億歐元（655 億美元）。&lt;/p&gt;

&lt;p&gt;&lt;span style=&quot;letter-spacing:0.7px&quot;&gt;惠譽的評級調整引發了市場的廣泛關注，投資者對法國國債的需求可能會受到影響，進一步影響該國的融資成本。&lt;/span&gt;&lt;/p&gt;

&lt;p&gt;法國政府尚未對此消息發表正式回應，但分析人士認為，這一評級前景可能會促使政府加快財政改革的步伐。&lt;/p&gt;
",1,1,信用評等機構惠譽周五 (11 日) 已將法國的信用評級展望自「穩定」調整為負面，反映該國在經濟增長和公共財政方面面臨的挑戰。,1,[],,0,0,['FX:EURUSD:FOREX:COMMON'],,0,"['法國', '惠譽', '債信']",0,1728704029,"{'xs': {'src': 'https://cimg.cnyes.cool/prod/news/5740865/xs/57f5c42fc5705214c2f9f304d8668885.jpg', 'width': 100, 'height': 56}, 's': {'src': 'https://cimg.cnyes.cool/prod/news/5740865/s/57f5c42fc5705214c2f9f304d8668885.jpg', 'width': 180, 'height': 101}, 'm': {'src': 'https://cimg.cnyes.cool/prod/news/5740865/m/57f5c42fc5705214c2f9f304d8668885.jpg', 'width': 380, 'height': 214}, 'l': {'src': 'https://cimg.cnyes.cool/prod/news/5740865/l/57f5c42fc5705214c2f9f304d8668885.jpg', 'width': 640, 'height': 360}, 'xl': {'src': 'https://cimg.cnyes.cool/prod/news/5740865/xl/57f5c42fc5705214c2f9f304d8668885.jpg', 'width': 960, 'height': 539}, 'xxl': {'src': 'https://cimg.cnyes.cool/prod/news/5740865/xxl/57f5c42fc5705214c2f9f304d8668885.jpg', 'width': 1080, 'height': 607}}",,833,國際政經,,"[{'name': '股票-歐洲大型', 'categoryAbbrId': 'C61'}]",[],0,0,0,
5740897,中國財政部：將大規模置換地方隱性債 2024年安排財政赤字4.06兆元,"&lt;p&gt;中國國務院新聞辦公室今日舉行新聞發布會，介紹「加大財政政策逆周期調節力度、推動經濟高質量發展」有關情況。財政部部長藍佛安在會上表示，中央財政還有較大的舉債空間和赤字提升空間。&lt;/p&gt;

&lt;p&gt;中國財政部副部長廖岷、財政部副部長王東偉、財政部副部長郭婷婷也出席記者會回答問題。&lt;/p&gt;

&lt;p&gt;財政部指出，目前，增發國債正在加快使用，超長期特別國債也在陸續下達使用。專項債券方面，待發額度加上已發未用的資金，後三個月各地共有人民幣 2.3 兆元專項債券資金可安排使用。財政部將督促地方切實用好各類債券資金，加快項目實施進度，根據實際需要及時撥付資金，儘快形成實物工作量，發揮對投資的拉動作用。&lt;/p&gt;

&lt;p&gt;藍佛安強調，這項即將實施的政策是近年來推出的&lt;em&gt;支持化債力度最大的一項措施&lt;/em&gt;，這無疑是一場政策及時雨，將大大減輕地方化債壓力，可以騰出更多資源發展經濟，提振經營主體信心，鞏固基層「三保」。&lt;/p&gt;

&lt;p&gt;藍佛安表示，2024 年安排財政赤字 4.06 兆元，比上年年初預算增加 1800 億元；新增地方政府專項債務限額 3.9 兆元，比上年增加 1000 億元；發行 1 兆超長期特別國債，用好 2023 年增發國債資金，全年一般公共預算支出規模達到 28.55 兆元，持續保持較高的支出強度，為高質量發展提供有力支撐。&lt;/p&gt;

&lt;h6&gt;要點速覧&lt;/h6&gt;

&lt;ul&gt;
&lt;li&gt;1. 中國財政有足夠的韌勁，通過採取綜合性措施，可以實現收支平衡，完成今年預算目標。&lt;/li&gt;
&lt;li&gt;2. 推出一攬子增量政策：①支持地方化解隱性債務；②支持國有大型商業銀行補充核心一級資本；③支持推動房地產市場止跌回穩；④加大對重點群體的支持保障力度等。&lt;/li&gt;
&lt;li&gt;3. 在工作中既要依法依規籌集財政收入，也要避免收 &ldquo;過頭稅&rdquo;，切實維護經營主體的權益。&lt;/li&gt;
&lt;li&gt;4. 2024 年中央財政安排對地方轉移支付超 10 萬億元，將更多資金用於補充地方財力，支持地方兜牢基層 &ldquo;三保&rdquo; 底線。&lt;/li&gt;
&lt;li&gt;5. 指導地方使用預算穩定調節基金等資金，保障財政支出的需要。&lt;/li&gt;
&lt;li&gt;6. 擬一次性增加較大規模債務限額，置換地方政府存量隱性債務，加大力度支持地方化解債務風險。&lt;/li&gt;
&lt;li&gt;7. 鼓勵有條件的地方盤活閒置資產，加強國有資本收益管理。&lt;/li&gt;
&lt;li&gt;8. 用足用好各類債務資金，目前增發國債正在加快使用，超長期特別國債陸續下達使用，後三個月，各地共有 2.3 萬億元專項債資金可以安排使用。&lt;/li&gt;
&lt;li&gt;9. 擬一次性增加較大規模債務限額，置換地方政府存量隱性債務。&lt;/li&gt;
&lt;li&gt;10. 正在抓緊研究明確和取消普通住宅和非普通住宅標準相銜接的增值稅政策。&lt;/li&gt;
&lt;li&gt;11. 2024 年進一步提高了城鄉居民基礎養老金最低標準，是歷次提標調整幅度最大，退休人員養老金水平總體提高 3% 左右。&lt;/li&gt;
&lt;li&gt;12. 下一步專項債重點是研究擴大專項債使用範圍，健全管理機制。&lt;/li&gt;
&lt;li&gt;13. 2024 年國家獎學金獎勵名額將翻倍。&lt;/li&gt;
&lt;li&gt;14. 擬在今明兩年集中推出一批條件成熟、可感可及的改革舉措，如健全預算制度、完善財政轉移支付體系等。&lt;/li&gt;
&lt;/ul&gt;

&lt;h6&gt;陸續推出一攬子有針對性增量政策舉措&lt;/h6&gt;

&lt;p&gt;藍佛安表示，依據 9 月 26 日召開的中央政治局會議部署，財政部在加快落實已確定政策的基礎上，圍繞穩增長、擴內需、化風險，將在近期陸續推出一攬子有針對性增量政策舉措。主要包括以下幾個方面：&lt;/p&gt;

&lt;p&gt;一是加力支持地方化解政府債務風險，較大規模增加債務額度，支持地方化解隱性債務，地方可以騰出更多精力和財力空間來促發展、保民生。&lt;/p&gt;

&lt;p&gt;二是發行特別國債支持國有大型商業銀行補充核心一級資本，提升這些銀行抵御風險和信貸投放能力，更好地服務實體經濟發展。&lt;/p&gt;

&lt;p&gt;三是疊加運用地方政府專項債券、專項資金、稅收政策等工具，支持推動房地產市場止跌回穩。&lt;/p&gt;

&lt;p&gt;四是加大對重點群體的支持保障力度，國慶節前已向困難群眾發放一次性生活補助，下一步還將針對學生群體加大獎優助困力度，提升整體消費能力。&lt;/p&gt;

&lt;p&gt;藍佛安說：「逆周期調節絕不僅僅是以上的四點，這四點是目前已經進入決策程序的政策，還有其他政策工具也正在研究中。」&lt;/p&gt;

&lt;h6&gt;加大力度支持地方化解債務風險&lt;/h6&gt;

&lt;p&gt;藍佛安表示，擬一次性增加較大規模債務限額，置換地方政府存量隱性債務，加大力度支持地方化解債務風險，相關政策待履行相關法定程序後再向社會做詳盡說明，這項政策是近年來推出的支持化債力度最大措施，這是一場及時雨，將大大減輕地方政府壓力，可以騰出更多資源支持經濟發展，鞏固基層「三保」。&lt;/p&gt;

&lt;p&gt;藍佛安指出，「三保」（保基層、保基本民生、保工資）工作是財政最基本的職能。總的看，當前基層「三保」呈現總體平穩，局部偏緊態勢。以 2023 年為例，基本「三保」支出約占可用財政的八成左右。局部地區「三保」偏緊主要是財政收入增長放緩，以及地方政府債務負擔等影響。&lt;/p&gt;

&lt;p&gt;下一步，財政部將採取 5 項措施。一是壓實各方責任。二是增強地方財力。結合年度預算安排，持續加大中央對地方轉移支付力度。向地方下達 4000 億的債務欠款，用於補充地方綜合財力。三是強化庫款調度，持續跟蹤地方收支運行和庫款保障情況。四是緩解債務壓力，更大力度置換地方政府債務。五是加強動態監測。&lt;/p&gt;

&lt;h6&gt;推動房地產市場止跌回穩&lt;/h6&gt;

&lt;p&gt;財政部副部長廖岷介紹，財政部主要有以下三個方面的考慮：&lt;/p&gt;

&lt;p&gt;第一，允許專項債券用於土地儲備。主要是考慮到當前各地閒置未開發的土地相對較多，支持地方政府使用專項債券回收符合條件的閒置存量土地，確有需要的地區也可以用於新增的土地儲備項目。這項政策，既可以調節土地市場的供需關係，減少閒置土地，增強對土地供給的調控能力，又有利於緩解地方政府和房地產企業的流動性和債務壓力。&lt;/p&gt;

&lt;p&gt;第二，支持收購存量房，優化保障性住房供給。考慮到當前已建待售的住房相對較多，我們主要採取兩項支持措施：一項是，用好專項債券來收購存量商品房用作各地的保障性住房。另一項是，繼續用好保障性安居工程補助資金，原來這個資金主要是用來支持以新建方式籌集保障性住房的房源，現在我們對支持的方向作出優化調整，適當減少新建規模，支持地方更多通過消化存量房的方式來籌集保障性住房的房源。通過這兩項措施，既可以消化存量商品房，促進房地產市場的供需平衡，又可以優化保障房的供給，滿足廣大中低收入人群的住房需求。&lt;/p&gt;

&lt;p&gt;第三，及時優化完善相關稅收政策。按照黨中央決策部署，我們正在抓緊研究明確與取消普通住宅和非普通住宅標準相銜接的增值稅、土地增值稅政策。下一步，還將進一步研究加大支持力度，調整優化相關稅收政策，促進房地產市場平穩健康發展。促進房地產穩定發展是一項系統工程，需要各項政策協同發力。在政策執行中，將持續加強財政政策與其他政策的協調，加強中央與地方的聯動，加強新老政策的銜接，打好組合拳，堅定不移推動房地產市場止跌回穩。&lt;/p&gt;
",1,1,中國國務院新聞辦公室今日舉行新聞發布會，介紹「加大財政政策逆周期調節力度、推動經濟高質量發展」有關情況。財政部部長藍佛安在會上表示，中央財政還有較大的舉債空間和赤字提升空間。,1,[],,0,0,['FX:CNYUSD:FOREX:COMMON'],,0,"['中國股市', '救市', '財政部', '增量', '刺激計畫', '舉債空間', '擴大債務', '近年最大力度']",1,1728702682,"{'xs': {'src': 'https://cimg.cnyes.cool/prod/news/5740897/xs/8ad7a904604fa3aae0b9e50f17e55bdb.jpg', 'width': 100, 'height': 56}, 's': {'src': 'https://cimg.cnyes.cool/prod/news/5740897/s/8ad7a904604fa3aae0b9e50f17e55bdb.jpg', 'width': 180, 'height': 101}, 'm': {'src': 'https://cimg.cnyes.cool/prod/news/5740897/m/8ad7a904604fa3aae0b9e50f17e55bdb.jpg', 'width': 380, 'height': 214}, 'l': {'src': 'https://cimg.cnyes.cool/prod/news/5740897/l/8ad7a904604fa3aae0b9e50f17e55bdb.jpg', 'width': 640, 'height': 360}, 'xl': {'src': 'https://cimg.cnyes.cool/prod/news/5740897/xl/8ad7a904604fa3aae0b9e50f17e55bdb.jpg', 'width': 960, 'height': 540}, 'xxl': {'src': 'https://cimg.cnyes.cool/prod/news/5740897/xxl/8ad7a904604fa3aae0b9e50f17e55bdb.jpg', 'width': 1080, 'height': 608}}",,837,大陸政經,,[],[],0,0,0,
5740851,〈熱門股〉志聖半導體設備出貨增 獲外資買盤推升股價周漲16%,"&lt;p&gt;半導體的先進封裝製程的需求持續漲之中，也將帶動相關設備廠業績走強，設備廠志聖 (2467-TW) 本周股價上漲 34 元或 15.96%，收在 247 元，並站上所有均線，主要在外資買盤的強力加碼達 4330 張。&lt;/p&gt;

&lt;p&gt;志聖是台積電 (2330-TW) 的供應鏈之一，並且早已切入 CoWoS、SoIC 供應鏈，志聖自結 2024 年第第三季營收 10.92 億元，季減 21.92%，年增 16.44%，主要是因裝機驗收時程影響。法人預期，志聖第四季營收有望季增雙位數百分比，2024 年下半年估持平上半年，全年營收、獲利雙位數成長可期。&lt;/p&gt;

&lt;p&gt;志聖本周股價上漲 34 元或 15.96%，收在 247 元，並站上所有均線，主要在外資買盤的強力加碼達 4330 張，如量能持續增溫，將有助於再度挑戰前高點的 263 元。&lt;/p&gt;

&lt;figure&gt;&lt;img data-cnyeschart=&quot;cnyeschart&quot; src=&quot;https://so.cnyes.com/mobilechart/MobileChart.aspx?markettype=twstock&amp;charttype1=kchart&amp;stockcode=2467&amp;imgwidth=580&amp;imgheight=500&amp;bgcolor=2&quot;&gt;
&lt;figcaption&gt;志聖日 K 線圖&lt;/figcaption&gt;
&lt;/figure&gt;

&lt;p&gt;&nbsp;&lt;/p&gt;
",1,1,半導體的先進封裝製程的需求持續漲之中，也將帶動相關設備廠業績走強，設備廠志聖 (2467-TW) 本周股價上漲 34 元或 15.96%，收在 247 元，並站上所有均線，主要在外資買盤的強力加碼達 4330 張。,1,"['2467', '2330']",,0,0,"['TWS:2467:STOCK:COMMON', 'TWS:2330:STOCK:COMMON']",,0,"['志聖', '台積電', '半導體', '營收']",1,1728702607,"{'xs': {'src': 'https://cimg.cnyes.cool/prod/news/5740851/xs/41828677fec78723018e89c6c67d7ecf.jpg', 'width': 100, 'height': 56}, 's': {'src': 'https://cimg.cnyes.cool/prod/news/5740851/s/41828677fec78723018e89c6c67d7ecf.jpg', 'width': 180, 'height': 101}, 'm': {'src': 'https://cimg.cnyes.cool/prod/news/5740851/m/41828677fec78723018e89c6c67d7ecf.jpg', 'width': 380, 'height': 214}, 'l': {'src': 'https://cimg.cnyes.cool/prod/news/5740851/l/41828677fec78723018e89c6c67d7ecf.jpg', 'width': 640, 'height': 360}, 'xl': {'src': 'https://cimg.cnyes.cool/prod/news/5740851/xl/41828677fec78723018e89c6c67d7ecf.jpg', 'width': 960, 'height': 540}, 'xxl': {'src': 'https://cimg.cnyes.cool/prod/news/5740851/xxl/41828677fec78723018e89c6c67d7ecf.jpg', 'width': 1080, 'height': 608}}",,827,台股新聞,,[],[],0,0,0,"[{'code': '2467', 'name': '志聖', 'symbol': 'TWS:2467:STOCK'}, {'code': '2330', 'name': '台積電', 'symbol': 'TWS:2330:STOCK'}]"
5740845,鴻海科技日登場、新光金股臨會、央行打炒房鬆綁 本周大事回顧,"&lt;p&gt;鴻海科技日周二 (8 日) 登場，董事長劉揚偉指出，AI 對企業具有商業價值，鴻海及供應鏈都準備好了，將成首個量產出貨 GB200 的公司；新光金周三 (9 日) 召開股臨會，72% 贊成新新併；央行周三宣布提供三大協處措施，放寬限制，以下為本周大事&nbsp;&lt;/p&gt;

&lt;h6&gt;〈鴻海科技日〉劉揚偉：量產出貨 GB200 搶頭香 供應鏈也準備好了&nbsp;&lt;/h6&gt;

&lt;p&gt;鴻海科技日 HHTD24 周二 (8 日) 登場，鴻海 (&lt;a href=&quot;https://www.cnyes.com/twstock/2317&quot; rel=&quot;noreferrer noopener&quot; target=&quot;_blank&quot;&gt;2317-TW&lt;/a&gt;) 董事長劉揚偉開場致詞時表示，人工智慧 (AI) 對企業來說具有商業價值，看起來需求非常令人振奮，而鴻海及供應鏈已準備好了，將成為首個量產出貨 GB200 的公司。&nbsp;&lt;/p&gt;

&lt;p&gt;劉揚偉也透露，目前正在墨西哥打造全球最大的 GB200 工廠，產能非常「巨大」。同時，他認為，隨著「主權 AI」概念興起，伺服器製造在地化將成為未來趨勢。&nbsp;&lt;/p&gt;

&lt;p&gt;此外，也正式發表 MODEL D 新世代多功能生活休旅車，以及 MODEL U 新型態電動中型巴士，同時正式揭露為美國合作夥伴打造的北美版 MODEL C，並預告 2025 年底正式量產推出。&nbsp;&lt;/p&gt;

&lt;h6&gt;〈新光金股臨會〉72% 贊成新新併 魏寶生：創造金融業歷史&nbsp;&lt;/h6&gt;

&lt;p&gt;新光金 (&lt;a href=&quot;https://www.cnyes.com/twstock/2888&quot; rel=&quot;noreferrer noopener&quot; target=&quot;_blank&quot;&gt;2888-TW&lt;/a&gt;) 周三 (9 日) 臨時股東會歷時 3 個半小時，會中股東盡情發言，普通股股東出席比率高達 85.63%，最終表決，贊成比率達 72.29%，董事長魏寶生宣布與台新金的合併案通過。魏寶生表示，此合併案創造了金融業歷史，將會盡快送件與主管機關溝通。&nbsp;&lt;/p&gt;

&lt;p&gt;魏寶生也透露，外資股東相當肯定此案，支持度「幾乎全壘打」，並強調股臨會後就是溝通的開始，爭取員工全數留任，各子公司都會深入了解；至於送件金管會時程，魏寶生說，因為主管機關最為重視員工權益，還需要時間溝通交流，「盡量趕在 10 月底前送件吧」。&nbsp;&lt;/p&gt;

&lt;h6&gt;〈台新金股臨會〉92% 贊成併購新光金 小股東贈禮盼吳東亮「10 萬伏特電力」&nbsp;&lt;/h6&gt;

&lt;p&gt;台新金 (&lt;a href=&quot;https://www.cnyes.com/twstock/2887&quot; rel=&quot;noreferrer noopener&quot; target=&quot;_blank&quot;&gt;2887-TW&lt;/a&gt;) 股東臨時會周三 (9) 日上午登場，討論與新光金 (&lt;a href=&quot;https://www.cnyes.com/twstock/2888&quot; rel=&quot;noreferrer noopener&quot; target=&quot;_blank&quot;&gt;2888-TW&lt;/a&gt;) 合併案，普通股出席率達到 78.52%，較以往股東會踴躍，最終表決，贊成權數達 92.72%，超過法定規定，通過合併案。值得注意的是，首位登記發言的股東，贈送一隻「皮卡丘」給董事長吳東亮，希望他也能擁有 10 萬伏特的電力。&nbsp;&lt;/p&gt;

&lt;h6&gt;央行打炒房的配套放寬措施來了 這三類人可免波及&nbsp;&lt;/h6&gt;

&lt;p&gt;中央銀行日前祭出第七波打炒房措施，被市場解讀為史上出手最重，並將嚴重衝擊房市信心，波及無辜民眾，央行周三 (9 日) 宣布提供三大協處措施，排除對繼承房屋者、實質換屋族的限制，且申辦新青安的首購族也不受此影響。&nbsp;&lt;/p&gt;

&lt;h6&gt;〈房產〉央行打炒房鬆綁 房仲：繼承取得購屋者解套 但換屋族還要看銀行態度&nbsp;&lt;/h6&gt;

&lt;p&gt;台灣央行周三 (9 日) 提出避免錯殺條款，針對繼承取得不動產想要購屋的民眾，可以不計入繼承取得的房屋數與房貸數戶，有利於繼承一族的購屋申貸，另外，針對換屋族群可以用切結出售舊屋方式，取得較好的房貸條件，信義房屋 (&lt;a href=&quot;https://www.cnyes.com/twstock/9940&quot; rel=&quot;noreferrer noopener&quot; target=&quot;_blank&quot;&gt;9940-TW&lt;/a&gt;) 不動產企研室專案經理曾敬德表示，央行避開可能會錯殺到的族群，但整體而言房貸的水龍頭還是沒有打開。&nbsp;&lt;/p&gt;

&lt;h6&gt;台積電 9 月營收創次高 Q3 營收 7596 億元飛越財測寫新高&nbsp;&lt;/h6&gt;

&lt;p&gt;晶圓代工大廠台積電 (&lt;a href=&quot;https://www.cnyes.com/twstock/2330&quot; rel=&quot;noreferrer noopener&quot; target=&quot;_blank&quot;&gt;2330-TW&lt;/a&gt;)(&lt;a href=&quot;https://invest.cnyes.com/usstock/detail/TSM&quot; rel=&quot;noreferrer noopener&quot; target=&quot;_blank&quot;&gt;TSM-US&lt;/a&gt;) 周三 (9 日) 公布 9 月營收為&lt;a href=&quot;https://invest.cnyes.com/forex/detail/usdtwd&quot; rel=&quot;noreferrer noopener&quot; target=&quot;_blank&quot;&gt;新台幣&lt;/a&gt;&nbsp;2518 億 7300 萬元，改寫歷史單月次高，月增&nbsp;0.4%，年增&nbsp;39.6%，第三季營收為&lt;a href=&quot;https://invest.cnyes.com/forex/detail/usdtwd&quot; rel=&quot;noreferrer noopener&quot; target=&quot;_blank&quot;&gt;新台幣&lt;/a&gt;&nbsp;7596 億 9243 萬元，創下單季新高，也超越財測高標 7540 億元，季增 12.8%，年增 39%，累計前三季營收為&lt;a href=&quot;https://invest.cnyes.com/forex/detail/usdtwd&quot; rel=&quot;noreferrer noopener&quot; target=&quot;_blank&quot;&gt;新台幣&lt;/a&gt;&nbsp;2 兆 258 億 4700 萬元，年增&nbsp;31.9%。&nbsp;&lt;/p&gt;
",1,1,鴻海科技日 8 日登場，董事長劉揚偉指出，AI 對企業具有商業價值，鴻海及供應鏈都準備好了，將成首個量產出貨 GB200 的公司；新光金 9 日召開股臨會，72% 贊成新新併；央行周三宣布提供三大協處措施，放寬限制，以下為本周大事回顧。,1,"['2317', '2888', '2887', '9940', '2330', 'US-TSM']",,0,0,"['TWS:2317:STOCK:COMMON', 'TWS:2888:STOCK:COMMON', 'TWS:2887:STOCK:COMMON', 'TWS:9940:STOCK:COMMON', 'TWS:2330:STOCK:COMMON', 'USS:TSM:STOCK:COMMON']",,0,"['本周大事', '鴻海', '新光金', '台新金', '新新併', '央行', '打炒房']",0,1728701402,"{'xs': {'src': 'https://cimg.cnyes.cool/prod/news/5740845/xs/fb7a4239c44b691077eb0e721dd649da.jpg', 'width': 100, 'height': 56}, 's': {'src': 'https://cimg.cnyes.cool/prod/news/5740845/s/fb7a4239c44b691077eb0e721dd649da.jpg', 'width': 180, 'height': 101}, 'm': {'src': 'https://cimg.cnyes.cool/prod/news/5740845/m/fb7a4239c44b691077eb0e721dd649da.jpg', 'width': 380, 'height': 214}, 'l': {'src': 'https://cimg.cnyes.cool/prod/news/5740845/l/fb7a4239c44b691077eb0e721dd649da.jpg', 'width': 640, 'height': 360}, 'xl': {'src': 'https://cimg.cnyes.cool/prod/news/5740845/xl/fb7a4239c44b691077eb0e721dd649da.jpg', 'width': 960, 'height': 540}, 'xxl': {'src': 'https://cimg.cnyes.cool/prod/news/5740845/xxl/fb7a4239c44b691077eb0e721dd649da.jpg', 'width': 1080, 'height': 608}}",,827,台股新聞,,[],[],0,0,0,"[{'code': '2317', 'name': '鴻海', 'symbol': 'TWS:2317:STOCK'}, {'code': '2888', 'name': '新光金', 'symbol': 'TWS:2888:STOCK'}, {'code': '2887', 'name': '台新金', 'symbol': 'TWS:2887:STOCK'}, {'code': '9940', 'name': '信義', 'symbol': 'TWS:9940:STOCK'}, {'code': '2330', 'name': '台積電', 'symbol': 'TWS:2330:STOCK'}, {'code': 'TSM', 'name': '台積電', 'symbol': 'USS:TSM:STOCK'}]"
5740876,〈熱門股〉王品Q4持續展店拚佳績 周線連3紅創7月以來新高價,"&lt;p&gt;連鎖餐飲集團王品 (2727-TW) 公布第三季合併營收達 56.56 億元，創單季次高，僅次於去年同期，顯示深入在全台各地拓展的策略有成，進入第四季，王品開始與外送平台 foodpanda 合作，並維持既定的展店腳步，法人樂觀看待，第四季業績續創高可期。&lt;/p&gt;

&lt;p&gt;王品指出，9 月在中秋節的激勵下，旗下三大燒肉品牌「Oh my! 原燒」、「肉次方」和「金咕韓式燒肉」當日來客數甚至達 2-3 倍成長。&lt;/p&gt;

&lt;p&gt;另一方面，王品較新的品牌包括「就饗鐵板燒」、「尬鍋」、「丰禾台味風格料理」等也開始展店腳步。&lt;/p&gt;

&lt;p&gt;王品 9 月台灣事業群營收已達 14.5 億元，改寫同期新高，其中，「肉次方」共 4 家分店突破千萬營收，「夏慕尼」、「青花驕」與「和牛涮」合計 7 家門店也達成千萬大店成績。&lt;/p&gt;

&lt;p&gt;進入第四季後，王品預計持續展店，使全年達成展店約 30 家目標，值得注意的是，「阪前」台北、桃園 2 家新店點已於 10 月開始營運，顯示切入高端鐵板燒市場有初步成果。&lt;/p&gt;

&lt;figure&gt;&lt;img data-cnyeschart=&quot;cnyeschart&quot; src=&quot;https://so.cnyes.com/mobilechart/MobileChart.aspx?markettype=twstock&amp;charttype1=kchart&amp;stockcode=2727&amp;imgwidth=580&amp;imgheight=500&amp;bgcolor=2&quot;&gt;
&lt;figcaption&gt;王品日 K 線圖&lt;/figcaption&gt;
&lt;/figure&gt;

&lt;p&gt;&nbsp;&lt;/p&gt;
",1,1,〈熱門股〉王品周線連 3 紅 創 7 月以來新高價,1,['2727'],,0,0,['TWS:2727:STOCK:COMMON'],,0,"['王品', '餐飲', '熱門股', '營收創高', '展店']",1,1728699005,"{'xs': {'src': 'https://cimg.cnyes.cool/prod/news/5740876/xs/51e128d573c4fbc122ebf4fa336c8264.jpg', 'width': 100, 'height': 56}, 's': {'src': 'https://cimg.cnyes.cool/prod/news/5740876/s/51e128d573c4fbc122ebf4fa336c8264.jpg', 'width': 180, 'height': 101}, 'm': {'src': 'https://cimg.cnyes.cool/prod/news/5740876/m/51e128d573c4fbc122ebf4fa336c8264.jpg', 'width': 380, 'height': 214}, 'l': {'src': 'https://cimg.cnyes.cool/prod/news/5740876/l/51e128d573c4fbc122ebf4fa336c8264.jpg', 'width': 640, 'height': 360}, 'xl': {'src': 'https://cimg.cnyes.cool/prod/news/5740876/xl/51e128d573c4fbc122ebf4fa336c8264.jpg', 'width': 960, 'height': 540}, 'xxl': {'src': 'https://cimg.cnyes.cool/prod/news/5740876/xl/51e128d573c4fbc122ebf4fa336c8264.jpg', 'width': 960, 'height': 540}}",,827,台股新聞,,[],[],0,0,0,"[{'code': '2727', 'name': '王品', 'symbol': 'TWS:2727:STOCK'}]"
5740866,英國智庫：工黨政府恐需增稅200億英鎊 避免支出實質削減,"&lt;p&gt;英國智庫決議基金會 (Resolution Foundation) 週六(12 日) 報告指出，英國新任工黨政府恐需在 10 月 30 日的首次預算中增加 200 億英鎊（約合 260 億美元）的稅收，才能避免公共服務的實質性削減。&lt;/p&gt;

&lt;blockquote&gt;
&lt;p&gt;實質性削減：考慮到通貨膨脹後的實際支出減少，即使名義上的預算可能沒有變化，但因為物價上漲，實際可用於公共服務的資金會減少。&lt;/p&gt;
&lt;/blockquote&gt;

&lt;p&gt;該智庫建議，修訂預算規則，採用替代的公共債務定義，將使財政部長 Rachel Reeves 能夠在遵守選舉前承諾降低債務，同時也為長期投資提供資金。&lt;/p&gt;

&lt;p&gt;報告中提到，預算應該為國會設定新的方向，推動大規模的長期資本投資計畫，考慮投資的益處與成本制定新財政政策。該智庫研究主任 James Smith 表示，工黨應該根據公共部門淨資產來定義債務，這是一種廣泛的衡量標準，能夠抵消公共資產的價值與過去的借貸，從而為額外的 500 億英鎊投資創造空間。&lt;/p&gt;

&lt;p&gt;Smith 強調，雖然短期內可能會引發對稅收上升和額外借貸的擔憂，但恢復公共服務、新基礎設施和更強的經濟增長是英國所需的長期利益。官方數據顯示，英國 8 月經濟產出增長 0.2%，結束了連續兩個月的停滯。然而，商業和消費者信心調查指出，市場情緒低迷，對潛在稅收上升的擔憂加劇。&lt;/p&gt;

&lt;p&gt;財政研究所（Institute for Fiscal Studies）本周初預測，Reeves 需要增加 250 億英鎊的稅收，才能結束前首相 Rishi Sunak 保守黨政府最後預算中對公共服務的壓力。Reeves 表示，保守黨留下了 220 億英鎊的財政缺口，並警告某些稅收將不得不上調。&lt;/p&gt;

&lt;p&gt;該智庫指出，Reeves 可以通過取消遺產稅的豁免、提高資本利得稅以及對雇主對工人退休金的貢獻徵收社會保障稅，來增加 200 億英鎊的稅收收入，這大約佔國內生產總值的 0.7%。&lt;/p&gt;

&lt;p&gt;工黨已表示不會提高「勞動人民」的稅收，並排除了對主要的所得稅、增值稅、國民保險和公司稅的上調，這些稅收約占當前稅收收入的四分之三。&lt;/p&gt;

&lt;p&gt;(1 美元 = 0.7654 英鎊)&lt;/p&gt;
",1,1,英國智庫決議基金會 (Resolution Foundation) 週六(12 日) 報告指出，英國新任工黨政府恐需在 10 月 30 日的首次預算中增加 200 億英鎊（約合 260 億美元）的稅收，才能避免公共服務的實質性削減。,1,[],,0,0,['FX:GBPUSD:FOREX:COMMON'],,0,"['英國', '稅收', '增稅']",0,1728697531,"{'xs': {'src': 'https://cimg.cnyes.cool/prod/news/5740866/xs/851971bc64f5a03062f98abff5306398.jpg', 'width': 100, 'height': 56}, 's': {'src': 'https://cimg.cnyes.cool/prod/news/5740866/s/851971bc64f5a03062f98abff5306398.jpg', 'width': 180, 'height': 101}, 'm': {'src': 'https://cimg.cnyes.cool/prod/news/5740866/m/851971bc64f5a03062f98abff5306398.jpg', 'width': 380, 'height': 214}, 'l': {'src': 'https://cimg.cnyes.cool/prod/news/5740866/l/851971bc64f5a03062f98abff5306398.jpg', 'width': 640, 'height': 360}, 'xl': {'src': 'https://cimg.cnyes.cool/prod/news/5740866/xl/851971bc64f5a03062f98abff5306398.jpg', 'width': 960, 'height': 539}, 'xxl': {'src': 'https://cimg.cnyes.cool/prod/news/5740866/xxl/851971bc64f5a03062f98abff5306398.jpg', 'width': 1080, 'height': 607}}",,833,國際政經,,"[{'name': '股票-歐洲大型', 'categoryAbbrId': 'C61'}]",[],0,0,0,
5740841,〈熱門股〉金寶伺服器業務布局效益顯現 周漲逾1成,"&lt;p&gt;金寶 (2312-TW) 積極搶進伺服器領域，AI 伺服器業務也進入爬坡階段，加上 9 月營收達 185.45 億元，登上全年高峰，激勵金寶本周漲勢強勁，周漲逾 1 成。&nbsp;&lt;/p&gt;

&lt;p&gt;金寶本周漲幅 14.29%，更在周五 (11 日) 亮燈漲停鎖住 24 元，一舉站上所有均線。至於三大法人本周籌碼動向，三大法人僅在周一 (7 日) 買超 5755 張，接著連續 3 個交易日皆賣超，本周合計賣超 1131 張。&nbsp;&lt;/p&gt;

&lt;p&gt;金寶布局伺服器領域，總經理陳威昌提到，目前以 L2 PC 版製造為主，且已在墨西哥廠試產，目標朝向系統組裝前進。至於各產品線展望，2025 年仍看好消費型產品，且營收比重將占最高，像是影像產品中的印表機正穩步上升，伺服器雖然占比不高，但明年出貨將優於今年。。&nbsp;&lt;/p&gt;

&lt;p&gt;此外，目前金寶訂單能見度維持 12 至 14 個月，也持續優化產品組合，並提高與部分客戶的代工層級，往 ODM 方向邁進，汰弱留強將利潤最大化。&nbsp;&lt;/p&gt;

&lt;p&gt;金寶 9 月營收 185.45 億元，月增 34.7%，年增 21.7%；第三季營收 459.47 億元，季增 14.64%，年增 15.9%，為近 7 季新高點；累計今年前三季營收 1191.11 億元，年增 0.7%。&nbsp;&lt;/p&gt;

&lt;figure&gt;&lt;img data-cnyeschart=&quot;cnyeschart&quot; src=&quot;https://so.cnyes.com/mobilechart/MobileChart.aspx?markettype=twstock&amp;charttype1=kchart&amp;stockcode=2312&amp;imgwidth=580&amp;imgheight=500&amp;bgcolor=2&quot;&gt;
&lt;figcaption&gt;&nbsp;&lt;/figcaption&gt;
&lt;/figure&gt;

&lt;p&gt;&nbsp;&lt;/p&gt;
",1,1,金寶 (2312-TW) 積極搶進伺服器領域，AI 伺服器業務也進入爬坡階段，加上 9 月營收達 185.45 億元，登上全年高峰，激勵金寶本周漲勢強勁，周漲逾 1 成。 ,1,['2312'],,0,0,['TWS:2312:STOCK:COMMON'],,0,"['金寶', '伺服器', '消費產品']",1,1728696603,"{'xs': {'src': 'https://cimg.cnyes.cool/prod/news/5740841/xs/4c9cd1814d295be6d0ae4b24ea0cb44e.jpg', 'width': 100, 'height': 56}, 's': {'src': 'https://cimg.cnyes.cool/prod/news/5740841/s/4c9cd1814d295be6d0ae4b24ea0cb44e.jpg', 'width': 180, 'height': 101}, 'm': {'src': 'https://cimg.cnyes.cool/prod/news/5740841/m/4c9cd1814d295be6d0ae4b24ea0cb44e.jpg', 'width': 380, 'height': 214}, 'l': {'src': 'https://cimg.cnyes.cool/prod/news/5740841/l/4c9cd1814d295be6d0ae4b24ea0cb44e.jpg', 'width': 640, 'height': 360}, 'xl': {'src': 'https://cimg.cnyes.cool/prod/news/5740841/xl/4c9cd1814d295be6d0ae4b24ea0cb44e.jpg', 'width': 960, 'height': 540}, 'xxl': {'src': 'https://cimg.cnyes.cool/prod/news/5740841/xxl/4c9cd1814d295be6d0ae4b24ea0cb44e.jpg', 'width': 1080, 'height': 608}}",,827,台股新聞,,[],[],0,0,0,"[{'code': '2312', 'name': '金寶', 'symbol': 'TWS:2312:STOCK'}]"
5740808,〈熱門股〉上銀9月營收創14個月新高 周漲近1成站上年線,"&lt;p&gt;工具機關鍵零組件大廠上銀 (&lt;a data-ga-click-item=&quot;TWS:2049:STOCK:COMMON&quot; data-ga-event-name=&quot;Click_Quote&quot; data-ga-section=&quot;News_Article_文中行情&quot; data-ga-target=&quot;news&quot; href=&quot;https://www.cnyes.com/twstock/2049&quot; rel=&quot;noopener noreferrer&quot; target=&quot;_self&quot;&gt;2049-TW&lt;/a&gt;) 9 月營收回溫，衝上 21.64 億元，創下&nbsp;14 個月新高，法人樂觀看待第四季及明年展望，上銀 11 日獲得外資大買 3022 張，股價強漲逾 8%，收在 236.5 元，一舉站上年線，創近 5 個月新高，累計單周漲幅達 9.23%。&lt;/p&gt;

&lt;p&gt;上銀今年&nbsp;9 月合併營收 21.64 億元，月增 6.02%、年增 0.13%；第三季合併營收 63.26 億元，年減 3.53%；累計前三季合併營收&nbsp;180.16 億元，年減 4.55%。&lt;/p&gt;

&lt;p&gt;上銀自去年 11 月起訂單慢慢回升，並從今年 3 月起開始加班趕工，營收呈現逐季上揚，線性滑軌及滾珠螺桿等傳動系統元件訂單能見度平均 2 至 3 個月。&lt;/p&gt;

&lt;p&gt;董事長卓文恒日前表示，上銀機器人除醫療、晶圓、直節式、多關節外，也規劃搶進特殊產業需求的 Al 機器人，其中，與物流、焊接等產業廠商合作開發的 AI 機器人，很快看到結果。&lt;/p&gt;

&lt;p&gt;卓文恒說，儘管目前狀況還不是很明朗，仍正向看待下半年展望，全年營收、獲利可望有雙位數的成長。&lt;/p&gt;

&lt;figure&gt;&lt;img data-cnyeschart=&quot;cnyeschart&quot; src=&quot;https://so.cnyes.com/mobilechart/MobileChart.aspx?markettype=twstock&amp;charttype1=kchart&amp;stockcode=2049&amp;imgwidth=580&amp;imgheight=500&amp;bgcolor=2&quot;&gt;
&lt;figcaption&gt;&nbsp;&lt;/figcaption&gt;
&lt;/figure&gt;

&lt;p&gt;&nbsp;&lt;/p&gt;
",1,1,工具機關鍵零組件大廠上銀 (2049-TW) 9 月營收回溫，衝上 21.64 億元，創近 14 個月新高，法人樂觀看待第四季及全年展望,1,['2049'],,0,0,['TWS:2049:STOCK:COMMON'],,0,"['上銀', '熱門股', '營收']",1,1728695452,"{'xs': {'src': 'https://cimg.cnyes.cool/prod/news/5740808/xs/7efac7d0cf31bd89acadddad23b7e46e.jpg', 'width': 100, 'height': 56}, 's': {'src': 'https://cimg.cnyes.cool/prod/news/5740808/s/7efac7d0cf31bd89acadddad23b7e46e.jpg', 'width': 180, 'height': 101}, 'm': {'src': 'https://cimg.cnyes.cool/prod/news/5740808/m/7efac7d0cf31bd89acadddad23b7e46e.jpg', 'width': 380, 'height': 214}, 'l': {'src': 'https://cimg.cnyes.cool/prod/news/5740808/l/7efac7d0cf31bd89acadddad23b7e46e.jpg', 'width': 640, 'height': 360}, 'xl': {'src': 'https://cimg.cnyes.cool/prod/news/5740808/xl/7efac7d0cf31bd89acadddad23b7e46e.jpg', 'width': 960, 'height': 540}, 'xxl': {'src': 'https://cimg.cnyes.cool/prod/news/5740808/xxl/7efac7d0cf31bd89acadddad23b7e46e.jpg', 'width': 1080, 'height': 607}}",,827,台股新聞,,[],[],0,0,0,"[{'code': '2049', 'name': '上銀', 'symbol': 'TWS:2049:STOCK'}]"
5740128,中國房市得13.7兆才能救！習近平打了16年最強救市猛藥能撐多久？一文拆解「中國救命術」,"&lt;p&gt;&lt;strong&gt;撰文 ‧ 今周刊編輯團隊&lt;/strong&gt;&lt;/p&gt;

&lt;p&gt;「曾經有一段時間，外資不怎麼碰我們的資產，但過去這個星期，我們接到的全球投資者要求進行電話會議、視訊會議的數量，卻急劇上升。」現任野村證券中國首席經濟學家陸挺這樣說。&lt;/p&gt;

&lt;p&gt;陸挺表示過去一個星期，明顯感覺到外資氛圍的變化，「有一種『久旱逢甘露』的感覺，反應非常熱烈。」在中國十一長假的前一周，疫情後一路委靡不振的中國股市，在一片市場驚詫聲中，迎來了罕見的活力。&lt;/p&gt;

&lt;p&gt;10 月 8 日，滬深兩市開盤短短 30 分鐘，成交額就突破了 1.2 兆人民幣（約 5.5 兆新台幣），再次創下歷史紀錄。當日收盤，滬深兩市成交額達 3 兆人民幣（約 13.7 兆新台幣）；一樣，再度寫下歷史。&lt;/p&gt;

&lt;p&gt;根據中國海通證券統計，和這波行情啟動前相比，海通新增開戶數成長超過 3 倍，設法找回證券戶密碼的諮詢需求，更比平常多 6 倍。&lt;/p&gt;

&lt;p&gt;中國祭出 16 年來最華麗救市拳，出乎市場預料的強勁貨幣政策，與中央政治局的罕見表態，普遍獲得外資叫好。&lt;/p&gt;

&lt;p&gt;「中國走的方向是正確的！」一名曾在上海從事製造業多年、現以財務諮詢業務為主的台商對本刊表示，這波政策轉向，似乎顯示中國對經濟問題的態度轉變，從國家主席習近平過去主張以「強本固源」為主、訴求讓經濟結構慢慢調整的「中醫療法」，轉換成由總理李強主導、傾向直搗黃龍的「西醫療法」；「當然，長期效益仍待觀察，但短期，對市場一定是利多！」他說。&lt;/p&gt;

&lt;p&gt;但這是否也意味著中國經濟困境已到了超乎預期的慘烈境地？對此，曾在中國國土部門任職、擁有廣大粉絲的知名經濟觀察家「老蠻」發表評論，指出可從兩個面向分析此番救市背景，第一，是中央政府的財政收入；第二，是主要城市的消費。&lt;/p&gt;

&lt;p&gt;財政收入月減 3 成、大城消費急凍，背後是房地產行業的委靡，以及中國政府對特定行業的「調控」所致。對於中國這次的救市組合拳，相較於投資機構在第一時間的叫好反應，愈是熟悉中國問題的專家，或是中國當地的產學人士，愈是語帶保留。&lt;/p&gt;

&lt;p&gt;就以「重中之重」的房市來看，曾被稱為「華爾街中國通」的前摩根士丹利首席經濟學家羅奇（Stephen Roach）對本刊表示，中國最新的金融刺激措施固然令人印象深刻，但對於如何有效應對房地產市場進一步衰退的問題，目前相關的財政計畫，仍然缺乏明確的細節。&lt;/p&gt;

&lt;p&gt;以中國房企巨擘碧桂園 2023 年的數據為例，「蓋完但沒有賣掉」的房子約為 3.6 萬戶，「正在蓋但還沒有賣掉」的房子約 35 萬戶，而「賣掉但還沒有蓋完」的房子，足足達到 73 萬戶，這個部分，才是問題核心，也是最險峻的「保交樓」戰場。據陸挺估算，要解決這波保交樓危機，大約需要 3 兆人民幣（約 13.7 兆新台幣）的財政挹注，才有可能完成。&lt;/p&gt;

&lt;p&gt;一劑 2008 年來最強的救市猛藥，讓近年「健康狀況」頻頻惡化、近乎奄奄一息的中港資本市場，迎來罕見春燕。然而，這趟中國經濟的「復甦之旅」，能否走得既長且穩，仍有賴以習近平為首的中共中央領導人，深刻面對中國經濟的結構性問題，並積極尋求發展路線的「再平衡」。&lt;/p&gt;

&lt;p&gt;否則，在羅奇的眼中，最壞的情況下，目前支撐中國經濟的春燕恐是曇花一現，而這趟資本市場的「回春之旅」，「最終，恐將被證實只是一場『虛假的黎明』。」他說。&lt;/p&gt;

&lt;p&gt;來源：《今周刊》 第 1451&nbsp;期&lt;br&gt;
更多精彩內容請至&lt;a href=&quot;https://businesstoday.com.tw/&quot;&gt;《今周刊》&lt;/a&gt;&lt;/p&gt;

&lt;p&gt;本文授權自今周刊，&lt;a href=&quot;https://bit.ly/3BBGWU8&quot;&gt;原文見此&lt;/a&gt;。&lt;/p&gt;

&lt;figure&gt;&lt;img data-height=&quot;300&quot; data-mime=&quot;image/jpeg&quot; data-ratio=&quot;2.1666666666666665&quot; data-src-m=&quot;https://cimg.cnyes.cool/prod/news/5740128/m/01fe93731918f39099451e4fceb98b1e.jpg&quot; data-width=&quot;650&quot; src=&quot;https://cimg.cnyes.cool/prod/news/5740128/l/01fe93731918f39099451e4fceb98b1e.jpg&quot;&gt;&lt;/figure&gt;

&lt;p&gt;&lt;strong&gt;你可能也會感興趣》&lt;/strong&gt;&lt;/p&gt;

&lt;p&gt;&lt;a href=&quot;https://bit.ly/3Yhnbue&quot;&gt;拿 500 萬存 0056，月領快 6 萬真能辦到？施昇輝：高息 ETF 這樣存「退休後放心花錢」&lt;/a&gt;&lt;/p&gt;

&lt;p&gt;&lt;a href=&quot;https://bit.ly/4eAqB0M&quot;&gt;身價 4 億、年領 660 萬股息，88 歲神級散戶阿公卻說：只買高股息，遲早吃苦頭！6 大重點找出「會賺錢股票」&lt;/a&gt;&lt;/p&gt;
",1,1,「曾經有一段時間，外資不怎麼碰我們的資產，但過去這個星期，我們接到的全球投資者要求進行電話會議、視訊會議的數量，卻急劇上升。」現任野村證券中國首席經濟學家陸挺這樣說。,1,[],,0,0,"['FX:CNYUSD:FOREX:COMMON', 'FX:USDTWD:FOREX:COMMON']",,0,"['趨勢分析', '今周刊', '習近平', '房市', '樓市', '救市']",0,1728694804,"{'xs': {'src': 'https://cimg.cnyes.cool/prod/news/5740128/xs/4231c3ebf1bba11e5925ed28b022b5bd.jpg', 'width': 100, 'height': 56}, 's': {'src': 'https://cimg.cnyes.cool/prod/news/5740128/s/4231c3ebf1bba11e5925ed28b022b5bd.jpg', 'width': 180, 'height': 101}, 'm': {'src': 'https://cimg.cnyes.cool/prod/news/5740128/m/4231c3ebf1bba11e5925ed28b022b5bd.jpg', 'width': 380, 'height': 214}, 'l': {'src': 'https://cimg.cnyes.cool/prod/news/5740128/l/4231c3ebf1bba11e5925ed28b022b5bd.jpg', 'width': 640, 'height': 360}, 'xl': {'src': 'https://cimg.cnyes.cool/prod/news/5740128/xl/4231c3ebf1bba11e5925ed28b022b5bd.jpg', 'width': 960, 'height': 540}, 'xxl': {'src': 'https://cimg.cnyes.cool/prod/news/5740128/xl/4231c3ebf1bba11e5925ed28b022b5bd.jpg', 'width': 960, 'height': 540}}",,872,雜誌,,[],[],0,0,0,
5759342,〈房產〉房仲估10月房市交易量年減逾2成起跳 恐較6月高點腰斬,"&lt;p&gt;房市買氣連四降，10 月交易量較 9 月量縮，房仲業者估 10 月全台房市交易量年減逾 2 成起跳，中信房屋總經理張世宗指出， 第七波選擇性信用管制持續發酵，銀行房貸水位依然緊繃，再加上月初山陀兒颱風干擾民眾外出看屋計劃，種種因素共同導致 10 月成交量出現顯著下滑。預計最快要等到明年房貸塞車問題有所改善後，房市才有望回溫。&lt;/p&gt;

&lt;p&gt;據永慶房產集團統計，9 月相比，全台門市交易量月減 7%，台北月減 13%，新北減少 2%，桃園月減 11%，新竹縣市量縮 4%，台中略減 3%，台南與高雄分別月減 5% 與 13%，若以 10 月交易量與 6 月高點相比已腰斬。&lt;/p&gt;

&lt;p&gt;而在與 2023 年；年 10 月同期相比，永慶房屋研展中心副理陳金萍說明，全台房市交易量年減 32%，台北年減 38%，新北量縮 37%，桃園年減 33%，新竹縣市減少 35%，台中年減 36%，台南與高雄則分別年減 11% 與 33%。&lt;/p&gt;

&lt;p&gt;陳金萍表示，8 月銀行房貸緊縮影響，民眾因擔心房貸撥貸不如預期，購屋態度轉趨保守觀望，房市買氣瞬間凍結，較 7 月大減逾二成，加上 9 月央行祭出第七波選擇性信用管制，將不動產貸款資源優先提供給無房的真首購，房市交易持續降溫。雖然，央行為了避免錯殺無辜，於 10 月 9 日補充協處措施，將繼承者與換屋非豪宅可排除在信用管制範圍，此外，若是已簽購屋合約、即將申貸，符合繼承、換屋條件的也不受限制。&lt;/p&gt;

&lt;p&gt;整體而言，銀行房貸滿水位的狀況未解，民眾仍須面臨貸款利率拉高、成數降低的情形，須額外籌措資金補足頭期款缺口，對整體買氣衝擊仍大。&lt;/p&gt;

&lt;p&gt;中信房屋統計內部成交件數，10 月全台交易量相較於上月減少約 17.8%，較去年同期減少約 21.1%。進一步觀察六都的成交量數據變化，台北市月減 12.5%、年減 25.5%；新北市月減 19.8%、年減 17.2%；桃園市月減 25.4%、年減 22.6%；台中市月減 15.3%、年減 21.4%；台南市月減 15.8%、年減 22%；高雄市月減 15.1%、年減 13.3%。&lt;/p&gt;

&lt;p&gt;中信房屋總經理張世宗指出， 第七波選擇性信用管制持續發酵，銀行房貸水位依然緊繃，再加上月初山陀兒颱風干擾民眾外出看屋計劃，種種因素共同導致 10 月份的成交量出現顯著下滑。目前房市正處於多空對峙的局面，市場交易逐漸回歸到剛需基本面，雖然帶看量有所減少，但出門看屋的民眾多為自住需求者，且具備一定的資金實力。惟受到大環境的影響，現階段的買方變得更加謹慎，決策速度明顯放緩，追價意願降低，交易週期也因此拉長，交易量自然隨之下滑。&lt;/p&gt;

&lt;p&gt;張世宗並指出，在房貸排隊潮尚未緩解的前提下，房市的交易量恐將繼續走低，特別是一些新案供給量較大、投資氛圍較重的新興重劃區，更將首當其衝，而且若此趨勢持續，房價不排除出現下跌的可能性。預計最快要等到明年房貸塞車問題有所改善後，房市才有望回溫。&lt;/p&gt;

&lt;p&gt;住商機構統計，9 月全台交易量月減 6.1%，比起去年同期減少 31.2%，區域表現遠不如去年同期。住商不動產企劃研究室執行總監徐佳馨表示，9 月 19 日央行理監事會後的選擇性信用管制，成屋交易雪上加霜，雖有零星個案降價求售，但買盤因貸款受限制，以及期待賣方價格修正心態下，第一線狀況艱辛。目前許多銀行房貸庫存已經滿水位，各地災情頻傳，第四季交易很難表現。&lt;/p&gt;

&lt;p&gt;台灣房屋集團統計內部成交行情，觀察 2024 年 10 月價量變化，六都和新竹縣市，唯桃園交易量增 5.3%，其餘各都皆量縮，又以高雄減幅最大，達 27.1%，整體交易量月減 12.8%，年減 22.6%。&lt;/p&gt;

&lt;p&gt;台灣房屋集團趨勢中心執行長張旭嵐指出，房市限貸令限縮多屋族和置產族的金流，換屋族也有一年內出售前一屋的時間壓力，除了新青安身分購屋者，現在購屋舉步維艱，高總價區和推案量大的重劃區買氣消退最為明顯。而通膨考量下，市場資金逐漸轉向商用不動產，近月桃園和台中中低總價的店面、商辦和土地的成交浮現，也降低了對交易量的衝擊。&lt;/p&gt;
",1,1,房市買氣連四降，10 月交易量較 9 月量縮，房仲業者估 10 月全台房市交易量年減逾 2 成起跳，中信房屋總經理張世宗指出，選擇性信用管制持續發酵，銀行房貸水位依然緊繃，再加上月初颱風干擾民眾外出看屋計劃，預計最快要等到明年回溫。,1,[],,0,0,[],,0,"['房市', '房產', '永慶', '住商', '房仲']",1,1730364556,"{'xs': {'src': 'https://cimg.cnyes.cool/prod/news/5759342/xs/2aecdab7b2baef71252a8d503bf8ad08.jpg', 'width': 100, 'height': 56}, 's': {'src': 'https://cimg.cnyes.cool/prod/news/5759342/s/2aecdab7b2baef71252a8d503bf8ad08.jpg', 'width': 180, 'height': 101}, 'm': {'src': 'https://cimg.cnyes.cool/prod/news/5759342/m/2aecdab7b2baef71252a8d503bf8ad08.jpg', 'width': 380, 'height': 214}, 'l': {'src': 'https://cimg.cnyes.cool/prod/news/5759342/l/2aecdab7b2baef71252a8d503bf8ad08.jpg', 'width': 640, 'height': 360}, 'xl': {'src': 'https://cimg.cnyes.cool/prod/news/5759342/xl/2aecdab7b2baef71252a8d503bf8ad08.jpg', 'width': 960, 'height': 540}, 'xxl': {'src': 'https://cimg.cnyes.cool/prod/news/5759342/xl/2aecdab7b2baef71252a8d503bf8ad08.jpg', 'width': 960, 'height': 540}}",,827,台股新聞,,[],[],0,0,0,
5759136,〈港股盤後〉 恒指收跌 內房股、中資券商走強 科指下挫,"&lt;p&gt;港股周四 (31 日) 開高一度漲 172 點，但此後轉弱，午盤走跌，截至收盤，恒生指數跌 0.31%，報 20317.33 點，恒生科技指數跌 0.32%，報 4499 點。&lt;/p&gt;

&lt;p&gt;盤面上，科網股普遍走低，騰訊、網易、阿里巴巴、美團跌超 1%，內房股集體上漲，中資券商股也普遍走高。&lt;/p&gt;

&lt;p&gt;券商龍頭中信證券漲近 6%。財報顯示，A 股 50 家上市券商中只有 3 家前三季度業績虧損，盈利比例達 94%，有 13 家上市券商前三季度營業收入超百億元。具體來看，龍頭中信證券第三季度實現營業收入人民幣 159.58 億元，同比增長 11.54%；淨利潤 62.29 億元，同比增長 21.94%。&lt;/p&gt;

&lt;p&gt;半導體芯片股普遍上漲，中芯國際漲約 2%。消息面上，多家半導體設備企業三季報呈現穩增態勢，其中，中微公司第三季度實現營業收入 20.59 億元，同比增長 35.96%；歸母淨利潤爲 3.96 億元，同比增長約 152.63%。&lt;/p&gt;

&lt;p&gt;值得一提的是，台積電將提高 5nm 以下工藝報價最高 10%，2nm 價格或超 3 萬美元。分析人士指出，作爲全球最大的芯片代工廠，台積電 &ldquo;超預期&rdquo; 漲價可能預示着全球半導體產業鏈的需求仍非常旺盛。&lt;/p&gt;

&lt;p&gt;天風證券指出，短期來看下半年進入傳統旺季，受益於新款旗艦手機發布、雙十一等消費節等因素影響預計行業終端銷售額環比持續增長，該行認爲應該提高對需求端創新的敏銳度，優先被消費者接受的 AI 終端，有望成爲新的爆款應用，長期來看天風電子團隊已覆蓋的半導體藍籌股當前已經處於估值的較低水位，經營上持續優化迭代的公司在下一輪週期高點有望取得更好的市場份額和盈利水平。&lt;/p&gt;

&lt;p&gt;內房股集體上漲，中國金茂漲 10%。消息方面，中國六大行&mdash;工商銀行、農業銀行、中國銀行、建設銀行、交通銀行、郵儲銀行六大商業銀行今 (31 日) 發佈公告，將從明天 (11 月 1 日) 起，陸續對商業性個人住房貸款利率實行新的定價機制。&lt;/p&gt;

&lt;p&gt;投資者正在密切關注美國大選，並權衡其帶來的潛在衝擊。一些市場分析師認為，若川普重返白宮並實施高關稅，中國未來的外貿會受到重大挑戰，中國必將加大內需方面的財政刺激政策。&lt;/p&gt;
",1,1,港股周四 (31 日) 開高一度漲 172 點，但此後轉弱，午盤走跌，截至收盤，恒生指數跌 0.31%，報 20317.33 點，恒生科技指數跌 0.32%，報 4499 點。,1,[],,0,0,['FX:CNYUSD:FOREX:COMMON'],,0,"['半導體', '科網股', '內房股', '中資券商', '港股盤後', '中國股市', '救市']",0,1730363705,"{'xs': {'src': 'https://cimg.cnyes.cool/prod/news/5759136/xs/961fd71329ff6414048b0c8ba72bd334.jpg', 'width': 100, 'height': 56}, 's': {'src': 'https://cimg.cnyes.cool/prod/news/5759136/s/961fd71329ff6414048b0c8ba72bd334.jpg', 'width': 180, 'height': 101}, 'm': {'src': 'https://cimg.cnyes.cool/prod/news/5759136/m/961fd71329ff6414048b0c8ba72bd334.jpg', 'width': 380, 'height': 214}, 'l': {'src': 'https://cimg.cnyes.cool/prod/news/5759136/l/961fd71329ff6414048b0c8ba72bd334.jpg', 'width': 640, 'height': 360}, 'xl': {'src': 'https://cimg.cnyes.cool/prod/news/5759136/xl/961fd71329ff6414048b0c8ba72bd334.jpg', 'width': 960, 'height': 539}, 'xxl': {'src': 'https://cimg.cnyes.cool/prod/news/5759136/xxl/961fd71329ff6414048b0c8ba72bd334.jpg', 'width': 1080, 'height': 607}}",,836,港股,,[],[],0,0,0,
5759268,增速史上最快！貝萊德比特幣現貨ETF僅花293天衝破3百億美元規模,"&lt;p&gt;全球最大加密貨幣比特幣 (&lt;a data-symbol-template=&quot;CC:BTC:FOREX:COMMON&quot; href=&quot;#&quot;&gt;BTC&lt;/a&gt;) 本周大幅上漲至接近歷史高點，今 (31) 日則小幅走升，因市場對美國共和黨總統候選人川普將在下周二 (11 月 5 日) 大選中勝出押注增加，而同一時間，比特幣現貨 ETF 也有所上漲。&lt;/p&gt;

&lt;p&gt;由於川普勝選可能預示著未來幾年將出現更友善的加密貨幣監管，比特幣本周跟其他加密貨幣齊步走漲。截至台灣時間今日下午 15 點 33 分，比特幣在 7 萬 2445.8 美元持穩表現。&lt;/p&gt;

&lt;p&gt;《彭博資訊》報導，貝萊德 (&lt;a data-symbol-template=&quot;USS:BLK:STOCK:COMMON&quot; href=&quot;#&quot;&gt;BLK-US&lt;/a&gt;) iShares Bitcoin Trust(IBIT) 已成為史上成長最快的 ETF，規模超過 300 億美元。彭博資深 ETF 分析師 Eric Balchunas 表示，該檔比特幣現貨 ETF 僅用 293 天就達到 300 億，創造新的紀錄，明年 1 月時料將超過黃金 ETF。這一速度超過摩根大通 JEPI 和主要黃金 ETF 的成長速度，它們分別花了 1272 天和 1790 天達到 300 億美元門檻。&lt;/p&gt;

&lt;p&gt;彭博數據顯示，隨著大量資金周二 (29 日) 流入，加上比特幣價格上漲，iShares Bitcoin Trust 的市值突破 300 億美元。該 ETF 目前持有超過 41.7 萬枚比特幣，約佔比特幣總供應量的 2%。&lt;/p&gt;

&lt;p&gt;比特幣社區成員 Sani 指出，若 iShares Bitcoin Trust 繼續保持當前成長動能，該 ETF 今年底可能會累積多達 50 萬枚比特幣，iShares Bitcoin Trust 將成為全球第三大比特幣持有者，僅次於 Coinbase 和幣安。&lt;/p&gt;

&lt;p&gt;研究公司 Crypto Quant 創辦人兼執行長 Ki Young Ju 表示，這些令人印象深刻的數字反映了機構對比特幣興趣的廣泛趨勢。過去一年，約有 27.8 萬枚比特幣流入美國現貨 ETF，主要來自散戶，同期約有 67 萬枚流入持有逾千枚比特幣的「鯨魚」錢包，這還不包括交易所和 mining 中的錢包。&lt;/p&gt;

&lt;p&gt;Crypto Quant 指出，這一趨勢顯示機構對託管錢包的需求大約是散戶的兩倍。這一增幅凸顯機構投資人在比特幣市場中不斷擴大的作用，貝萊德的 iShares Bitcoin Trust 等大型 ETF 在其中扮演了領導角色。&lt;/p&gt;
",1,1,,1,[],,0,0,"['GI:XAUUSDOZ:INDEX:COMMON', 'USS:BLK:STOCK:COMMON', 'CC:BTC:FOREX:COMMON', 'CC:ETH:FOREX:COMMON']",,0,"['現貨ETF', '比特幣', '資產規模']",0,1730363429,"{'xs': {'src': 'https://cimg.cnyes.cool/prod/news/5759268/xs/b5129f4869caabec116b4c5d2e1d0009.jpg', 'width': 100, 'height': 56}, 's': {'src': 'https://cimg.cnyes.cool/prod/news/5759268/s/b5129f4869caabec116b4c5d2e1d0009.jpg', 'width': 180, 'height': 101}, 'm': {'src': 'https://cimg.cnyes.cool/prod/news/5759268/m/b5129f4869caabec116b4c5d2e1d0009.jpg', 'width': 380, 'height': 214}, 'l': {'src': 'https://cimg.cnyes.cool/prod/news/5759268/l/b5129f4869caabec116b4c5d2e1d0009.jpg', 'width': 640, 'height': 360}, 'xl': {'src': 'https://cimg.cnyes.cool/prod/news/5759268/xl/b5129f4869caabec116b4c5d2e1d0009.jpg', 'width': 960, 'height': 540}, 'xxl': {'src': 'https://cimg.cnyes.cool/prod/news/5759268/xxl/b5129f4869caabec116b4c5d2e1d0009.jpg', 'width': 1080, 'height': 608}}",,896,幣圈,,[],[],0,0,0,"[{'code': 'BLK', 'name': '貝萊德投資管理公司', 'symbol': 'USS:BLK:STOCK'}]"
5759341,地緣政治及高利率衝擊 上半年金融科技交易大減100億美元創5年來同期新低,"&lt;p&gt;KPMG 安侯建業昨 (30) 日發布「全球金融科技脈動 2024 上半年報告」。報告中顯示，受到地緣政治的不確定性及高利率的持續影響，2024 年全球金融科技市場投資總額從 2023 年下半年的 623 億美元下降至 2024 年上半年的 519 億美元，這是自 2020 年上半年以來金融科技投資總額最低的 6 個月。&lt;/p&gt;

&lt;p&gt;綜觀 2024 年全球各地區金融科技投資額均顯著下降的情況下，以歐非及中東地區的降幅尤為顯著，從 2023 年下半年的 192 億美元縮減至 2024 年上半年的 114 億美元。&lt;/p&gt;

&lt;p&gt;KPMG 安侯建業金融服務產業主持會計師李逢暉表示，儘管金融科技投資總額仍低迷，但交易量的穩定也為金融科技市場帶來一絲樂觀。2024 年上半年全球金融科技交易量依然達到 2,255 筆，維持穩定；其中，2024 上半年美洲 (包括美國) 和亞太地區的交易量在 2023 年下半年至 2024 年上半年皆有增長，其中美洲從 1,066 筆增加至 1,123 筆，亞太地區同期交易量則是從 406 筆小幅上升至 438 筆。&lt;/p&gt;

&lt;p&gt;報告指出， 2024 上半年全球金融科技領域僅有 5 筆超過 10 億美元的交易，且均為收購案。其中 4 筆交易來自美洲，包括美國的 Worldpay(125 億美元) 和 EngageSmart(40 億美元)，以及加拿大的 Nuvei(63 億美元) 和 Plusgrade(10 億美元)。第 5 筆交易則在英國， 來自 IRIS Software 集團的 40 億美元收購案。同時，英國還見證了 2024 上半年以金融科技為重點的最大創投交易&mdash;Abound 的 9.99 億美元融資。&lt;/p&gt;

&lt;p&gt;李逢暉指出，亞太地區的金融科技投資在 2024 年上半年仍疲軟，中國、印度、新加坡、澳洲與日本的總投資額均有所下降。2024 年上半年此地區的併購和私募股權投資尤顯乏力，併購交易額僅達 3 億美元，私募股權投資額僅 780 萬美元。金融科技投資者依然相當謹慎，尤其是企業，他們在本季嚴重傾向成本和風險管理，而不是金融科技投資。&lt;/p&gt;

&lt;p&gt;KPMG 安侯建業數位長賴偉晏表示，從產業面來看，支付服務於 2024 上半年吸引 214 億美元，佔全球金融科技投資額的 4 成，為最大比例，而監理科技則是 2024 年上半年唯一一個投資增加的主要金融科技子產業，投資額達 53 億美元，並超過 2023 年全年的投資總額。以技術層面分析，人工智慧繼續受到投資者的高度關注，尤其是在美國。&lt;/p&gt;

&lt;p&gt;賴偉晏說明，人們對 AI 的興趣持續增加，支付領域的投資者和金融科技公司都希望以不同的 AI 運用方式來解決支付所帶來的挑戰。例如，2024 年上半年萬事達卡宣布使用生成式 AI 加速信用卡的詐欺偵測，而 Swift 則宣布與會員銀行進行一項基於人工智慧的試行計畫，探索新興科技應如何幫助企業應對跨境支付的欺詐問題。這些創新技術不僅簡化支付流程，也可提高效率、降低成本與增強安全性。放眼未來，此領域可能會在未來 6 至 12 個月內將受到廣泛關注。&lt;/p&gt;

&lt;p&gt;展望 2024 下半年，金融科技投資仍充滿挑戰，預期人工智慧的投資未來將持續增加，而監管科技將吸引更多關注，在監管制度的不斷演變以及規範要求日益複雜的推動下，監管科技將吸引投資人的興趣。此外，傳統金融 (trad-fi) 與去中心化金融 (de-fi) 將加速融合，各國家與區域將持續探索與鬆綁限制，例如運用實物資產的代幣化以及運用傳統金融基礎設施來支持加密領域的投資等。&lt;/p&gt;
",1,1,KPMG 安侯建業昨 (30) 日發布「全球金融科技脈動 2024 上半年報告」。報告中顯示，受到地緣政治的不確定性及高利率的持續影響，2024 年全球金融科技市場投資總額從 2023 年下半年的 623 億美元下降至 2024 年上半年的 51,1,[],,0,0,[],,0,"['金融科技', 'KPMG', '調查', '支付服務']",0,1730363408,"{'xs': {'src': 'https://cimg.cnyes.cool/prod/news/5759341/xs/0883d12457d02840b7622b387c866977.jpg', 'width': 100, 'height': 56}, 's': {'src': 'https://cimg.cnyes.cool/prod/news/5759341/s/0883d12457d02840b7622b387c866977.jpg', 'width': 180, 'height': 101}, 'm': {'src': 'https://cimg.cnyes.cool/prod/news/5759341/m/0883d12457d02840b7622b387c866977.jpg', 'width': 380, 'height': 214}, 'l': {'src': 'https://cimg.cnyes.cool/prod/news/5759341/l/0883d12457d02840b7622b387c866977.jpg', 'width': 640, 'height': 360}, 'xl': {'src': 'https://cimg.cnyes.cool/prod/news/5759341/xl/0883d12457d02840b7622b387c866977.jpg', 'width': 960, 'height': 540}, 'xxl': {'src': 'https://cimg.cnyes.cool/prod/news/5759341/xl/0883d12457d02840b7622b387c866977.jpg', 'width': 960, 'height': 540}}",,852,基金,,[],[],0,0,0,
5759339,〈友達法說〉連10季虧損 前三季EPS -0.61元 旺季備貨告段落 Q4進入淡季,"&lt;p&gt;面板大廠友達 (2409-TW) 今 (31) 日公告第三季財報，稅後淨損 9.26 億元、每股損失 0.12 元，連續 10 季虧損；累計前三季稅後淨損 46.84 億元，每股損失 0.61 元。&lt;/p&gt;

&lt;p&gt;展望第四季，友達表示，旺季備貨需求告一段落，且部分客戶需求提前到第三季，顯示科技預期將進入傳統淡季，營收將呈現季節性衰退，幅度估與去年相近。&lt;/p&gt;

&lt;p&gt;智慧移動及垂直場域方面，友達表示，需求雖然受到總經不確定性與季節性影響，但營收動能相對穩定、均估持平上季，可以減緩顯示科技季節性衰退帶來的影響。&lt;/p&gt;

&lt;p&gt;友達第三季營收 777.48 億元，季增 4.6%、年增 10.9%；毛利率 10.9%、季減 0.3 個百分點、年增 3.3 個百分點；營業淨損 3.1 億元、較上季轉虧，EBITDA 獲利率為 10.6%。&lt;/p&gt;

&lt;p&gt;累計友達前三季營收 2115.55 億元，年增 14.6%、毛利率 8.9%、營業淨損 51.43 億。友達表示，公司整體財務結構穩健，存貨天數 44 天，淨負債比 33.4%，仍維持在相對健康的水位。&lt;/p&gt;

&lt;p&gt;友達表示，第三季品牌客戶為年底銷售旺季備貨，拉貨力道較預期強勁，帶動顯示科技營收季增 9%；智慧移動營收亦穩健成長，季增 4.1%，二大事業體推升單季合併營收向上。&lt;/p&gt;

&lt;p&gt;各事業體營收比重來看，友達表示，第三季顯示科技 (Display) 佔 55%、智慧移動 (Mobility&nbsp;Solution) 佔 26%、垂直場域 (Vertical Solution) 佔 13%、其他約 6%。&lt;/p&gt;
",1,1,Q3 續虧前三季每股虧 0.61 元 Q4 面板淡季、車用及垂直領域估持穩,1,['2409'],,0,0,['TWS:2409:STOCK:COMMON'],,0,"['友達', '面板', '財報']",1,1730363179,"{'xs': {'src': 'https://cimg.cnyes.cool/prod/news/5759339/xs/d6c17c139ee48928abc2de444b548aaf.jpg', 'width': 100, 'height': 56}, 's': {'src': 'https://cimg.cnyes.cool/prod/news/5759339/s/d6c17c139ee48928abc2de444b548aaf.jpg', 'width': 180, 'height': 101}, 'm': {'src': 'https://cimg.cnyes.cool/prod/news/5759339/m/d6c17c139ee48928abc2de444b548aaf.jpg', 'width': 380, 'height': 214}, 'l': {'src': 'https://cimg.cnyes.cool/prod/news/5759339/l/d6c17c139ee48928abc2de444b548aaf.jpg', 'width': 640, 'height': 360}, 'xl': {'src': 'https://cimg.cnyes.cool/prod/news/5759339/xl/d6c17c139ee48928abc2de444b548aaf.jpg', 'width': 960, 'height': 540}, 'xxl': {'src': 'https://cimg.cnyes.cool/prod/news/5759339/xl/d6c17c139ee48928abc2de444b548aaf.jpg', 'width': 960, 'height': 540}}",,827,台股新聞,,[],[],0,0,0,"[{'code': '2409', 'name': '友達', 'symbol': 'TWS:2409:STOCK'}]"
5759340,「IR 議合服務平台」11月上線 為上市櫃提供三大服務,"&lt;p&gt;金管會推動建構亞洲資產管理中心，為助證交所壯大臺灣資本市場價值計畫，臺灣指數公司 (TIP) 建置「IR 議合服務平台 (IR ENGAGE)」，將於 11 月 1 日上線試行，為上市櫃公司及機構投資人提供「法說會服務」、「ESG 加值資訊」、「議合媒合」等三大服務，目標增進企業曝光、鼓勵溝通、深化投資人關係及推動永續發展。&lt;/p&gt;

&lt;p&gt;臺灣指數公司整合 ESG 資料庫與資訊服務之業務發展經驗，分階段建置 IR 議合服務平台，11 月 1 日上線試營運「法說會服務」、「ESG 加值資訊」、「議合媒合」三大服務，首波提供基本功能，開放上市公司與機構投資人註冊，預計 2025 年 1 月起進一步擴大推廣至上櫃公司，並持續蒐集使用者需求與意見，進行平台功能擴充及優化。&lt;/p&gt;

&lt;p&gt;&lt;em&gt;&nbsp;1. 「法說會服務」包括「場地預約」及「法說會行事曆」兩項功能。&lt;/em&gt;「場地預約」主要整合證交所集團及證券商資源，提供上市櫃公司多間會議室場地自辦法說會，希望協助企業降低 IR 工作負擔，以期提升法說會辦理頻率，增加企業曝光與深化投資人關係。「法說會行事曆」以行事曆之友善介面，揭示各上市櫃公司申報之法說會中英文簡報、辦理時間、地點、影音連結等重要資訊，方便各界使用中英文雙語系、電腦或手機等多裝置便利查看。&lt;/p&gt;

&lt;p&gt;&lt;em&gt;2. 「ESG 加值資訊服務」&lt;/em&gt;提供臺灣指數公司「台灣永續評鑑」SEED 模型 (社會 - S、經濟 - E、環境 - E、揭露 - D) 之多層次 ESG 資料庫，對焦機構投資人與上市櫃公司 ESG 議合主題，運用 ESG 資訊支援議合。&lt;/p&gt;

&lt;p&gt;&lt;em&gt;3. 「議合媒合服務」&lt;/em&gt;平台以電子化方式媒合機構投資人與上市櫃公司議合會議，提高上市櫃公司與機構投資人雙向溝通機會。註冊會員可發起議合會議邀請，或藉由系統訊息功能進行溝通、追蹤議合紀錄等服務，提升議合工作成效。&lt;/p&gt;

&lt;p&gt;臺灣指數公司表示，希望藉由 IR 議合服務平台成為上市櫃公司、特別是中小型公司自辦法說會之優先選項，一方面協助企業提高曝光度，展現價值及吸引資金，一方面鼓勵上市櫃公司與投資人溝通、議合、深化永續發展，以利協助達成建構亞洲資產管理中心與證交所集團壯大資本市場價值、提升資本市場競爭力之發展目標。&lt;/p&gt;
",1,1,金管會推動建構亞洲資產管理中心，為助證交所壯大臺灣資本市場價值計畫，臺灣指數公司 (TIP) 建置「IR 議合服務平台 (IR ENGAGE)」，將於 11 月 1 日上線試行，,1,[],,0,0,[],,0,"['證交所', '上市', '上櫃', 'ESG', '亞洲資產管理中心']",1,1730362632,"{'xs': {'src': 'https://cimg.cnyes.cool/prod/news/5759340/xs/8971b3b1f5178f43d445b3d4241c20c4.jpg', 'width': 100, 'height': 56}, 's': {'src': 'https://cimg.cnyes.cool/prod/news/5759340/s/8971b3b1f5178f43d445b3d4241c20c4.jpg', 'width': 180, 'height': 101}, 'm': {'src': 'https://cimg.cnyes.cool/prod/news/5759340/m/8971b3b1f5178f43d445b3d4241c20c4.jpg', 'width': 380, 'height': 214}, 'l': {'src': 'https://cimg.cnyes.cool/prod/news/5759340/l/8971b3b1f5178f43d445b3d4241c20c4.jpg', 'width': 640, 'height': 360}, 'xl': {'src': 'https://cimg.cnyes.cool/prod/news/5759340/xl/8971b3b1f5178f43d445b3d4241c20c4.jpg', 'width': 960, 'height': 540}, 'xxl': {'src': 'https://cimg.cnyes.cool/prod/news/5759340/xxl/8971b3b1f5178f43d445b3d4241c20c4.jpg', 'width': 1080, 'height': 607}}",,827,台股新聞,,[],[],0,0,0,
5759415,鉅亨速報 - Factset 最新調查：Meta平台(META-US)EPS預估上修至21.83元，預估目標價為630.00元,"&lt;p&gt;根據FactSet最新調查，共63位分析師，對Meta平台(META-US)做出2024年EPS預估：中位數由21.39元上修至21.83元，其中最高估值23.19元，最低估值19.29元，預估目標價為630.00元。&lt;/p&gt;&lt;p&gt;※本篇提及EPS與營收的單位均為「美元」&lt;/p&gt;&lt;p&gt;&lt;em&gt;市場預估EPS&lt;/em&gt;&lt;/p&gt;&lt;table&gt;&lt;tbody&gt;&lt;tr&gt;&lt;td&gt;預估值&lt;/td&gt;&lt;td&gt;&lt;em&gt;2024年&lt;/em&gt;&lt;/td&gt;&lt;td&gt;&lt;em&gt;2025年&lt;/em&gt;&lt;/td&gt;&lt;td&gt;&lt;em&gt;2026年&lt;/em&gt;&lt;/td&gt;&lt;td&gt;&lt;em&gt;2027年&lt;/em&gt;&lt;/td&gt;&lt;/tr&gt;&lt;tr&gt;&lt;td&gt;最高值&lt;/td&gt;&lt;td&gt;23.19(23.19)&lt;/td&gt;&lt;td&gt;27.63&lt;/td&gt;&lt;td&gt;33.3&lt;/td&gt;&lt;td&gt;37.98&lt;/td&gt;&lt;/tr&gt;&lt;tr&gt;&lt;td&gt;最低值&lt;/td&gt;&lt;td&gt;19.29(19.29)&lt;/td&gt;&lt;td&gt;20.28&lt;/td&gt;&lt;td&gt;22.07&lt;/td&gt;&lt;td&gt;25.26&lt;/td&gt;&lt;/tr&gt;&lt;tr&gt;&lt;td&gt;平均值&lt;/td&gt;&lt;td&gt;21.72(21.38)&lt;/td&gt;&lt;td&gt;24.69&lt;/td&gt;&lt;td&gt;28.08&lt;/td&gt;&lt;td&gt;32.14&lt;/td&gt;&lt;/tr&gt;&lt;tr&gt;&lt;td&gt;中位數&lt;/td&gt;&lt;td&gt;21.83(21.39)&lt;/td&gt;&lt;td&gt;24.95&lt;/td&gt;&lt;td&gt;28.04&lt;/td&gt;&lt;td&gt;31.51&lt;/td&gt;&lt;/tr&gt;&lt;/tbody&gt;&lt;/table&gt;&lt;p&gt;&lt;em&gt;市場預估營收&lt;/em&gt;&lt;/p&gt;&lt;table&gt;&lt;tbody&gt;&lt;tr&gt;&lt;td&gt;&lt;em&gt;預估值&lt;/em&gt;&lt;/td&gt;&lt;td&gt;&lt;em&gt;2024年&lt;/em&gt;&lt;/td&gt;&lt;td&gt;&lt;em&gt;2025年&lt;/em&gt;&lt;/td&gt;&lt;td&gt;&lt;em&gt;2026年&lt;/em&gt;&lt;/td&gt;&lt;td&gt;&lt;em&gt;2027年&lt;/em&gt;&lt;/td&gt;&lt;/tr&gt;&lt;tr&gt;&lt;td&gt;最高值&lt;/td&gt;&lt;td&gt;1,648.60億&lt;/td&gt;&lt;td&gt;1,930.43億&lt;/td&gt;&lt;td&gt;2,242.32億&lt;/td&gt;&lt;td&gt;2,469.13億&lt;/td&gt;&lt;/tr&gt;&lt;tr&gt;&lt;td&gt;最低值&lt;/td&gt;&lt;td&gt;1,517.49億&lt;/td&gt;&lt;td&gt;1,654.06億&lt;/td&gt;&lt;td&gt;1,802.93億&lt;/td&gt;&lt;td&gt;2,147.72億&lt;/td&gt;&lt;/tr&gt;&lt;tr&gt;&lt;td&gt;平均值&lt;/td&gt;&lt;td&gt;1,620.16億&lt;/td&gt;&lt;td&gt;1,846.88億&lt;/td&gt;&lt;td&gt;2,072.98億&lt;/td&gt;&lt;td&gt;2,330.59億&lt;/td&gt;&lt;/tr&gt;&lt;tr&gt;&lt;td&gt;中位數&lt;/td&gt;&lt;td&gt;1,626.31億&lt;/td&gt;&lt;td&gt;1,850.49億&lt;/td&gt;&lt;td&gt;2,068.69億&lt;/td&gt;&lt;td&gt;2,281.13億&lt;/td&gt;&lt;/tr&gt;&lt;/tbody&gt;&lt;/table&gt;&lt;p&gt;&lt;em&gt;歷史獲利表現&lt;/em&gt;&lt;/p&gt;&lt;table&gt;&lt;tbody&gt;&lt;tr&gt;&lt;td&gt;項目&lt;/td&gt;&lt;td&gt;&lt;em&gt;2019年&lt;/em&gt;&lt;/td&gt;&lt;td&gt;&lt;em&gt;2020年&lt;/em&gt;&lt;/td&gt;&lt;td&gt;&lt;em&gt;2021年&lt;/em&gt;&lt;/td&gt;&lt;td&gt;&lt;em&gt;2022年&lt;/em&gt;&lt;/td&gt;&lt;td&gt;&lt;em&gt;2023年&lt;/em&gt;&lt;/td&gt;&lt;/tr&gt;&lt;tr&gt;&lt;td&gt;EPS&lt;/td&gt;&lt;td&gt;6.48&lt;/td&gt;&lt;td&gt;10.22&lt;/td&gt;&lt;td&gt;13.77&lt;/td&gt;&lt;td&gt;8.59&lt;/td&gt;&lt;td&gt;14.87&lt;/td&gt;&lt;/tr&gt;&lt;tr&gt;&lt;td&gt;營業收入&lt;/td&gt;&lt;td&gt;706.97億&lt;/td&gt;&lt;td&gt;859.65億&lt;/td&gt;&lt;td&gt;1,179.29億&lt;/td&gt;&lt;td&gt;1,166.09億&lt;/td&gt;&lt;td&gt;1,349.02億&lt;/td&gt;&lt;/tr&gt;&lt;/tbody&gt;&lt;/table&gt;&lt;p&gt;詳細資訊請看美股內頁：&lt;br&gt;Meta平台(META-US)&lt;/p&gt;&lt;p&gt;資料來源：Factset，數據僅供參考，不作為投資建議。&lt;/p&gt;",0,1,FactSet 最新調查：Meta平台(META-US)EPS預估上修，預估EPS、預估營收、目標價、歷史獲利表現、即時新聞資訊,1,[],,0,0,['USS:META:STOCK:ETF'],,0,"['美股', '市場預估', 'EPS', 'META']",0,1730362538,,,917,美股預估,,[],['USS:META:STOCK'],0,0,0,"[{'code': 'META', 'name': 'Ball元宇宙ETF', 'symbol': 'USS:META:STOCK'}]"
5759407,鉅亨速報 - Factset 最新調查：繽客控股BKNG-US的目標價調升至4400元，幅度約4.33%,&lt;p&gt;根據FactSet最新調查，共32位分析師，對繽客控股(BKNG-US)提出目標價估值：中位數由4217.5元上修至4400元，調升幅度4.33%。其中最高估值5500元，最低估值3590元。&lt;/p&gt;&lt;p&gt;綜合評級 - 共有38位分析師給予繽客控股評價：積極樂觀24位、保持中立14位、保守悲觀0位。&lt;/p&gt;&lt;p&gt;繽客控股今(31日)收盤價為4463.93元。近5日股價上漲4.33%，標普指數上漲0.8%股價漲幅表現優於大盤。&lt;/p&gt;&lt;p&gt;資料來源：Factset，數據僅供參考，不作為投資建議。&lt;/p&gt;,0,1,FactSet 最新調查：繽客控股BKNG-US目標價調升，最高估值、最低估值、中位數、綜合評級、近5日股價、標普、即時新聞資訊,1,[],,0,0,['USS:BKNG:STOCK:COMMON'],,0,"['美股', 'BKNG', '市場預估', '目標價']",0,1730362524,,,917,美股預估,,[],[],0,0,0,"[{'code': 'BKNG', 'name': 'Booking Holdings Inc', 'symbol': 'USS:BKNG:STOCK'}]"
5759114,A股三季報收官 近八成上市公司盈利 長盈精密為「增長王」,"&lt;p&gt;A 股 2024 年第三季財報收官，Wind 數據顯示，截至 10 月 30 日，共有 5347 家 A 股上市公司披露三季報，其中有 4114 家上市公司前三季度實現盈利，佔比近八成; 2466 家公司淨利潤較 2023 年前三季度實現增長，佔比近五成。前三季度，上市公司整體實現營業收入約 52 兆元人民幣，實現淨利潤 4.41 兆元，營收、淨利潤的中位數分別為 12.57 億元、6418.61 萬元，分別同比變動 1.71%、-5.29%。&lt;/p&gt;

&lt;p&gt;分行業看，申萬 31 個一級行業中，約九成行業整體盈利，15 個行業淨利潤增長。其中，農林牧漁、非銀金融、電子、社會服務等行業淨利潤增幅居前，同比增速達 507%、42%、37%、30%。&lt;/p&gt;

&lt;p&gt;各板塊業績呈現分化，主板淨利潤增速強於雙創和北交所。2024 年前三季度主板歸母淨利潤同比增速較中報較回升 2.94 個百分點，為未來整體增長奠定更加穩固的基礎。&lt;/p&gt;

&lt;p&gt;近八成上市公司前三季度實現盈利，近五成實現淨利潤正增長。消費品行業呈現明顯修復態勢，半導體等高技術製造業經營具有韌性，可選消費、日常消費、非銀金融三大行業前三季度歸母淨利潤增速創近 5 年同期新高。&lt;/p&gt;

&lt;h6&gt;個股表現&lt;/h6&gt;

&lt;p&gt;個股表現部分，剔除金融股後，中國石油暫列 A 股「盈利王」，長盈精密暫列 A 股「增長王」。&lt;/p&gt;

&lt;p&gt;淨利潤數值方面，前三季度歸屬於上市公司股東的淨利潤超過 1 億元的有 2201 家，超過 10 億元的有 476 家，超過 50 億元的有 101 家，超過 100 億元的有 64 家。&lt;/p&gt;

&lt;p&gt;剔除金融股後，中國石油、中國海油、中國移動、貴州茅台、中國神華、中國石化、中國建築、中遠海控、寧德時代、美的集團前三季度歸屬於上市公司股東的淨利潤居前，暫列 A 股十大「盈利王」。&lt;/p&gt;

&lt;p&gt;淨利潤增幅方面，1844 家上市公司歸屬於上市公司股東的淨利潤同比增幅超過 10%，1228 家上市公司同比增幅超過 30%，512 家上市公司同比增幅超過 100%。&lt;/p&gt;

&lt;p&gt;剔除扭虧公司後，長盈精密、長川科技、志特新材、元琛科技、隆利科技、匯頂科技、金安國紀、正丹股份、天地源、龍泉股份前三季度歸屬於上市公司股東的淨利潤增幅居前，暫列 A 股十大「增長王」。&lt;/p&gt;

&lt;p&gt;淨利潤增幅居首的長盈精密披露的 2024 年三季報顯示，公司前三季度共實現營業收入約 120.97 億元，同比增長 23.56%；實現歸屬於上市公司股東的淨利潤約 5.94 億元，同比增長 38159.1%。&lt;/p&gt;
",1,1,A 股 2024 年第三季財報收官，Wind 數據顯示，截至 10 月 30 日，共有 5347 家 A 股上市公司披露三季報，其中有 4114 家上市公司前三季度實現盈利，佔比近八成; 2466 家公司淨利潤較 2023 年前三季度實現增長，佔比近五成。,1,[],,0,0,['FX:CNYUSD:FOREX:COMMON'],,0,"['A股', '中國股市', '財報季', '獲利', '增長']",0,1730361003,"{'xs': {'src': 'https://cimg.cnyes.cool/prod/news/5759114/xs/67933bc966698dfabac9ca1f22d00f49.jpg', 'width': 100, 'height': 56}, 's': {'src': 'https://cimg.cnyes.cool/prod/news/5759114/s/67933bc966698dfabac9ca1f22d00f49.jpg', 'width': 180, 'height': 101}, 'm': {'src': 'https://cimg.cnyes.cool/prod/news/5759114/m/67933bc966698dfabac9ca1f22d00f49.jpg', 'width': 380, 'height': 214}, 'l': {'src': 'https://cimg.cnyes.cool/prod/news/5759114/l/67933bc966698dfabac9ca1f22d00f49.jpg', 'width': 640, 'height': 360}, 'xl': {'src': 'https://cimg.cnyes.cool/prod/news/5759114/xl/67933bc966698dfabac9ca1f22d00f49.jpg', 'width': 960, 'height': 539}, 'xxl': {'src': 'https://cimg.cnyes.cool/prod/news/5759114/xxl/67933bc966698dfabac9ca1f22d00f49.jpg', 'width': 1080, 'height': 607}}",,835,A股,,[],[],0,0,0,
5759112,〈陸股盤後〉三大指數齊步揚 滬指結束連二黑 成交量重返2兆人民幣,"&lt;p&gt;中國 A 股市場三大指數周四 (31 日) 齊步小漲作收，房地產、證券與光電類股領漲，上證指數(&lt;a data-symbol-template=&quot;GI:SSEC:INDEX:COMMON&quot; href=&quot;#&quot;&gt;SSEC&lt;/a&gt;) 結束連 2 日走跌頹勢，科創 50 指數漲逾 1%，成交量重返 2 兆人民幣大關。&lt;/p&gt;

&lt;p&gt;滬指周四收高 0.42% 至 3279.82 點，深證成指 (&lt;a data-symbol-template=&quot;GI:SZI:INDEX:COMMON&quot; href=&quot;#&quot;&gt;SZI&lt;/a&gt;) 漲 0.57% 至 10591.22 點，創業板指漲 0.6% 至 2164.46 點，科創 50 指數漲 1.11%，北證 50 指數跌 1.68%，滬深北三市合計成交 2 兆 2629 億人民幣。&lt;/p&gt;

&lt;p&gt;大盤方面，半導體、券商類股大幅走高，新相微、至純科技、通富微電、張江高科等晶片類股漲停，國民技術等股亦漲超 10%，哈投股份、第一創業、天風證券、渤海租賃等券商亦漲停。房地產族群亦大漲，華夏幸福等多股漲停。&lt;/p&gt;

&lt;p&gt;此外，多元金融、光刻機、互聯金融、太陽能、風電概念股也相當活躍，光電概念股全天大漲，晶澳科技、鈞達股份、雙良節能、清源股、協鑫整合等漲停。化債概念股表現活躍，蒙草生態、中恆集團、光大嘉寶、青島金王等漲停。低空經濟概念股維持強勢，東安動力、萬豐奧威、立航科技、王子新材等漲停。&lt;/p&gt;

&lt;p&gt;下跌類股方面，豬肉、飯店餐飲、家用電器、煤炭等類股則跌幅居前，洋河股下跌超 5%。整體而言，整個市場個股漲多跌少，逾 3500 檔收漲。&lt;/p&gt;

&lt;p&gt;根據 Choice 統計數據，今日滬深兩市可交易 A 股中，上漲個股有 3468 檔，下跌個股有 1509 檔，平盤個股 118 檔。不含當日上市新股後共有 209 檔個股漲停，14 檔個股跌停。以所屬產業來看，漲停個股主要集中在建築裝飾、電子、機械設備、電腦、電力設備、房地產、汽車、醫藥生物等產業。&lt;/p&gt;

&lt;p&gt;光大證券指出，歷史來看，短期市場迅速上行之後，市場通常會轉為震盪上行，在各類政策積極表態下，市場整體仍有上漲機會，但投資機會或將逐步從&beta;轉向&alpha;，未來一段時間投資結構的選擇可能將更為關鍵。&lt;/p&gt;

&lt;p&gt;個股配置上，光大證券建議關注政策相關產業 + 風險偏好提升主線。未來一段時間，政策陸續落地情況或將是市場交易的重要主線，建議關注可望受益於政策落地的泛地產基建相關資產如白酒、地產、建材，以及併購重組相關方向。此外，市場風險偏好回升也將有助於成長個股的估值修復，軍工、TMT、新能源的部分個股或將有反彈機會。&lt;/p&gt;
",1,1,,1,[],,0,0,"['GI:SSEC:INDEX:COMMON', 'GI:SZI:INDEX:COMMON', 'GI:CSI300:INDEX:COMMON', 'FX:CNYUSD:FOREX:COMMON']",,0,"['陸股盤後', '成交量', '中國房市', '救市', '樓市']",1,1730360943,"{'xs': {'src': 'https://cimg.cnyes.cool/prod/news/5759112/xs/8f2f961a40059ad470c0d40e11104554.jpg', 'width': 100, 'height': 56}, 's': {'src': 'https://cimg.cnyes.cool/prod/news/5759112/s/8f2f961a40059ad470c0d40e11104554.jpg', 'width': 180, 'height': 101}, 'm': {'src': 'https://cimg.cnyes.cool/prod/news/5759112/m/8f2f961a40059ad470c0d40e11104554.jpg', 'width': 380, 'height': 214}, 'l': {'src': 'https://cimg.cnyes.cool/prod/news/5759112/l/8f2f961a40059ad470c0d40e11104554.jpg', 'width': 640, 'height': 360}, 'xl': {'src': 'https://cimg.cnyes.cool/prod/news/5759112/xl/8f2f961a40059ad470c0d40e11104554.jpg', 'width': 960, 'height': 540}, 'xxl': {'src': 'https://cimg.cnyes.cool/prod/news/5759112/xxl/8f2f961a40059ad470c0d40e11104554.jpg', 'width': 1080, 'height': 608}}",,835,A股,,[],[],0,0,0,
5759315,〈日月光法說〉Q3純益近97億元寫7季高點 前三季賺逾半股本,"&lt;p&gt;全球封測龍頭日月光投控 (3711-TW)(ASX-US) 今 (31) 日召開法說會，並公布第三季財報，受惠產能稼動率提升、先進封裝業績增長以及匯率有利因素，單季毛利率提升至 16.5%，創下七季來新高，稅後純益 96.66 億元，季增 24%，年增 10%，每股稅後純益 2.24 元，雙雙改寫七季高點，累計前三季每股稅後純益 5.35 元。&lt;/p&gt;

&lt;p&gt;日月光投控第三季營收 1601.05 億元，季增 14%，年增 4%，毛利率 16.5%，季增 0.1 個百分點，年增 0.3 個百分點，營益率 7.2%，季增 0.8 個百分點，年減 0.2 個百分點，稅後純益 96.66 億元，季增 24%，年增 10%，每股稅後純益 2.24 元。&lt;/p&gt;

&lt;p&gt;日月光投控前三季營收 4331.46 億元，年增 2.8%，毛利率 16.23%，年增 0.57 個百分點，營益率 6.46%，年減 0.3 個百分點，稅後純益 231.04 億元，年增 3.45%，每股稅後純益 5.35 元。&lt;/p&gt;

&lt;p&gt;以封測業務來看，日月光投控封裝、測試業績第三季皆呈現成長，季增超過 10%，隨著產能稼動率提升，整體封測業務毛利率也提升至 23.1%，季增 1 個百分點，年增 0.9 個百分點，營業淨利達 92.25 億元。&lt;/p&gt;
",1,1,全球封測龍頭日月光投控 (3711-TW) 今 (31) 日召開法說會，並公布第三季財報，受惠產能稼動率提升，加上匯率有利因素，毛利率提升至 16.5%，創下七季來新高，稅後純益 96.66 億元，季增 24%，年增 10%，每股稅後純益,1,"['3711', 'US-ASX']",,0,0,"['TWS:3711:STOCK:COMMON', 'USS:ASX:STOCK:COMMON']",,0,"['日月光投控', '先進封裝', 'AI', '財報']",1,1730360311,"{'xs': {'src': 'https://cimg.cnyes.cool/prod/news/5759315/xs/3eb65d320549e6985f5fce32b3cd9421.jpg', 'width': 100, 'height': 56}, 's': {'src': 'https://cimg.cnyes.cool/prod/news/5759315/s/3eb65d320549e6985f5fce32b3cd9421.jpg', 'width': 180, 'height': 101}, 'm': {'src': 'https://cimg.cnyes.cool/prod/news/5759315/m/3eb65d320549e6985f5fce32b3cd9421.jpg', 'width': 380, 'height': 214}, 'l': {'src': 'https://cimg.cnyes.cool/prod/news/5759315/l/3eb65d320549e6985f5fce32b3cd9421.jpg', 'width': 640, 'height': 360}, 'xl': {'src': 'https://cimg.cnyes.cool/prod/news/5759315/xl/3eb65d320549e6985f5fce32b3cd9421.jpg', 'width': 960, 'height': 539}, 'xxl': {'src': 'https://cimg.cnyes.cool/prod/news/5759315/xxl/3eb65d320549e6985f5fce32b3cd9421.jpg', 'width': 1080, 'height': 607}}",,827,台股新聞,,[],[],0,0,0,"[{'code': '3711', 'name': '日月光投控', 'symbol': 'TWS:3711:STOCK'}, {'code': 'ASX', 'name': '日月光', 'symbol': 'USS:ASX:STOCK'}]"
5759307,日銀總裁：若經濟和通膨符合預測 將繼續升息,"&lt;p&gt;日本央行總裁和田植男周四 (31 日) 強調，日本經濟復甦和通膨軌跡持續存在不確定性。如果經濟和通膨預測實現，日本央行將繼續提高基準利率，不過官員們對此類行動的時機並沒有先入為主的想法。&lt;/p&gt;

&lt;p&gt;植田在記者會上表明，央行在任何政策調整中都會保持謹慎，同時補充說，日本經濟面臨複雜的風險，日本央行將繼續監控這些風險，以避免密切擾亂脆弱的經濟穩定。&lt;/p&gt;

&lt;p&gt;植田強調，圍繞日本經濟和物價的不確定性仍然很高，並保留了 12 月會議上升息的可能性。&lt;/p&gt;

&lt;p&gt;日元在今天日本央行發表利率決議後走強，植田的記者會後漲勢一度加大，兌美元一度逼近 152 關口，此後漲勢略有縮小，回到 152.3 附近。&lt;/p&gt;

&lt;p&gt;植田指出，日本經濟正在溫和復甦，但也出現了一些疲軟的走勢。必須充分關注金融、外匯市場對日本經濟和價格的影響。外匯對價格的影響比過去更大，因為公司更渴望薪資、價格上漲。&lt;/p&gt;

&lt;p&gt;在談到美國經濟時，植田表示，美國經濟的不確定性仍然很高。&lt;/p&gt;

&lt;p&gt;大和證券首席經濟學家末廣徹指出，日本央行的解釋是「整體而言，我們正在走向正常化」。他表示，由於海外經濟的不確定性，央行決定不升息，但如果日元繼續貶值，央行不否認 12 月升息的可能性。&lt;/p&gt;
",1,1,日本央行總裁和田植男周四 (31 日) 強調，日本經濟復甦和通膨軌跡持續存在不確定性。如果經濟和通膨預測實現，日本央行將繼續提高基準利率，不過官員們對此類行動的時機並沒有先入為主的想法。,1,[],,0,0,"['FX:JPYUSD:FOREX:COMMON', 'FX:USDJPY:FOREX:COMMON']",,0,"['日本央行', '日本經濟', '植田和男', '日元', '利率', '升息']",0,1730359534,"{'xs': {'src': 'https://cimg.cnyes.cool/prod/news/5759307/xs/18b96c7feb6188842da511ee760f2900.jpg', 'width': 100, 'height': 56}, 's': {'src': 'https://cimg.cnyes.cool/prod/news/5759307/s/18b96c7feb6188842da511ee760f2900.jpg', 'width': 180, 'height': 101}, 'm': {'src': 'https://cimg.cnyes.cool/prod/news/5759307/m/18b96c7feb6188842da511ee760f2900.jpg', 'width': 380, 'height': 214}, 'l': {'src': 'https://cimg.cnyes.cool/prod/news/5759307/l/18b96c7feb6188842da511ee760f2900.jpg', 'width': 640, 'height': 360}, 'xl': {'src': 'https://cimg.cnyes.cool/prod/news/5759307/xl/18b96c7feb6188842da511ee760f2900.jpg', 'width': 960, 'height': 540}, 'xxl': {'src': 'https://cimg.cnyes.cool/prod/news/5759307/xxl/18b96c7feb6188842da511ee760f2900.jpg', 'width': 1080, 'height': 608}}",,838,外匯,,[],[],0,0,0,
5759197,中國六大行：明起實施存量房貸利率調整新機制,"&lt;p&gt;中國六大行&mdash;工商銀行 (01398-HK)(601398-CN)、農業銀行 (01288-HK)(601288-CN)、中國銀行 (03988-HK)(601988-CN)、建設銀行 (00939-HK)(601939-CN)、交通銀行 (03328-HK)(601328-CN)、郵儲銀行 (01658-HK)(601658-CN) 六大商業銀行今 (31 日) 發佈公告，將從明天 (11 月 1 日) 起，陸續對商業性個人住房貸款利率實行新的定價機制。&lt;/p&gt;

&lt;p&gt;據中國《央視》報導，這也意味著中國人民銀行一個月前發佈的完善商業性個人住房貸款利率定價機制要求，即將正式落地。&lt;/p&gt;

&lt;p&gt;根據公告，對於以浮動利率，也就是貸款市場報價利率 (LPR) 加減點報價的存量個人房貸，當它的利率加點值高於全國新發放個人房貸利率平均加點值 30 個基點時，借款人可以向銀行申請調整房貸利率 LPR 加點值，調整後的加點為全國新發放個人房貸利率平均加點值加 30 個基點。全國新發放個人房貸利率平均加點值為人民銀行最新發佈的全國新發放個人房貸加權平均利率減去對應季度五年期以上 lpr 均值。如果所在地區有個人房貸利率政策下限，則最終加點值不能低於所在城市房貸利率加點政策下限。&lt;/p&gt;

&lt;p&gt;另外，對於此前不少貸款人認為房貸利率重定價週期統一為一年，不能及時反映市場供需變化，容易造成新老房貸利差過大等情況，六大銀行的公告明確取消了房貸利率重定價週期最短為一年的限制。貸款人可以隨時向銀行提出將重定價週期調整為三個月或六個月，當然還可以保持為一年。需要注意的是，在整個還款週期裡，房貸利率重定價週期只能調整一次。這也意味著，如果貸款人認為未來貸款利率將下行，那麼將房貸利率重定價週期調整為三個月，就可能更早地享受到貸款市場報價利率 (LPR) 下調帶來的優惠；如果貸款人認為未來貸款利率將上漲，那麼將房貸利率重定價週期保持為一年，自己的房貸利率跟隨貸款市場報價利率 (LPR) 上漲就可能會更晚一些。&lt;/p&gt;

&lt;p&gt;此前，中國人民銀行 9 月底發佈公告，為更好地體現市場供求變化，維護借貸雙方的合法權益，將從 11 月 1 日起，完善商業性個人住房貸款利率定價機制。完善的重點一個是浮動利率商業性個人住房貸款與全國新發放商業性個人住房貸款利率偏離達到一定幅度時，借款人可與銀行協商變更房貸利率在 LPR 基礎上的加點幅度。而另一個重點就是取消房貸利率重定價週期最短為一年的限制。&lt;/p&gt;
",1,1,中國六大行—工商銀行 (01389-HK)(601398-CN)、農業銀行 (01288-HK)(601288-CN)、中國銀行 (03988-HK)(601988-CN)、建設銀行 (00939-HK)(601939-CN)、,1,"['HK-01389', 'HK-01288', 'HK-03988', 'HK-00939', 'HK-03328', 'HK-01685', 'CN-601398', 'CN-601288', 'CN-601988', 'CN-601939', 'CN-601328', 'CN-601658']",,0,0,"['CNS:601658:STOCK:COMMON', 'CNS:601328:STOCK:COMMON', 'CNS:601288:STOCK:COMMON', 'CNS:601939:STOCK:COMMON', 'CNS:601988:STOCK:COMMON', 'CNS:601398:STOCK:COMMON', 'HKS:03328:STOCK:COMMON', 'HKS:01685:STOCK:COMMON', 'HKS:01398:STOCK:COMMON', 'HKS:00939:STOCK:COMMON', 'HKS:03988:STOCK:COMMON', 'HKS:01288:STOCK:COMMON', 'HKS:01658:STOCK:COMMON', 'HKS:01389:STOCK:COMMON']",,0,"['中國', '國有銀行', '存量房貸', '住房貸款', '新機制']",0,1730358137,"{'xs': {'src': 'https://cimg.cnyes.cool/prod/news/5759197/xs/562957dc733cdfc675c25cf75db1985e.jpg', 'width': 100, 'height': 56}, 's': {'src': 'https://cimg.cnyes.cool/prod/news/5759197/s/562957dc733cdfc675c25cf75db1985e.jpg', 'width': 180, 'height': 101}, 'm': {'src': 'https://cimg.cnyes.cool/prod/news/5759197/m/562957dc733cdfc675c25cf75db1985e.jpg', 'width': 380, 'height': 214}, 'l': {'src': 'https://cimg.cnyes.cool/prod/news/5759197/l/562957dc733cdfc675c25cf75db1985e.jpg', 'width': 640, 'height': 360}, 'xl': {'src': 'https://cimg.cnyes.cool/prod/news/5759197/xl/562957dc733cdfc675c25cf75db1985e.jpg', 'width': 960, 'height': 539}, 'xxl': {'src': 'https://cimg.cnyes.cool/prod/news/5759197/xxl/562957dc733cdfc675c25cf75db1985e.jpg', 'width': 1080, 'height': 607}}",,837,大陸政經,,[],[],0,0,0,"[{'code': '601658', 'name': '郵儲銀行', 'symbol': 'CNS:601658:STOCK'}, {'code': '601328', 'name': '交通銀行', 'symbol': 'CNS:601328:STOCK'}, {'code': '601288', 'name': '農業銀行', 'symbol': 'CNS:601288:STOCK'}, {'code': '601939', 'name': '建設銀行', 'symbol': 'CNS:601939:STOCK'}, {'code': '601988', 'name': '中國銀行', 'symbol': 'CNS:601988:STOCK'}, {'code': '601398', 'name': '工商銀行', 'symbol': 'CNS:601398:STOCK'}, {'code': '03328', 'name': '交通銀行', 'symbol': 'HKS:03328:STOCK'}, {'code': '01685', 'name': '博耳電力', 'symbol': 'HKS:01685:STOCK'}, {'code': '01398', 'name': '工商銀行', 'symbol': 'HKS:01398:STOCK'}, {'code': '00939', 'name': '建設銀行', 'symbol': 'HKS:00939:STOCK'}, {'code': '03988', 'name': '中國銀行', 'symbol': 'HKS:03988:STOCK'}, {'code': '01288', 'name': '農業銀行', 'symbol': 'HKS:01288:STOCK'}, {'code': '01658', 'name': '郵儲銀行', 'symbol': 'HKS:01658:STOCK'}, {'code': '01389', 'name': '美捷滙控股', 'symbol': 'HKS:01389:STOCK'}]"
5759179,英特爾執行長禍從口出 傳台積電取消3奈米晶圓代工六折優惠,"&lt;p&gt;美國晶片巨頭英特爾 (&lt;a data-symbol-template=&quot;USS:INTC:STOCK:COMMON&quot; href=&quot;#&quot;&gt;INTC-US&lt;/a&gt;) 正處於多事之秋，外媒最新報導指出，該公司交由台積電 (&lt;a data-symbol-template=&quot;TWS:2330:STOCK:COMMON&quot; href=&quot;#&quot;&gt;2330-TW&lt;/a&gt;)(&lt;a data-symbol-template=&quot;USS:TSM:STOCK:COMMON&quot; href=&quot;#&quot;&gt;TSM-US&lt;/a&gt;) 代工晶圓的 6 折折扣已遭取消，必須支付全額費用，導致英特爾利潤遭到壓縮。&lt;/p&gt;

&lt;p&gt;《路透社》周二 (29 日) 引述未具名消息人士報導，原本數年前台積電與英特爾之間的關係良好，當時英特爾將部分晶圓交給台積電代工，台積電向英特爾的 3 奈米晶圓代工價格提供 6 折優惠，但隨著英特爾執行長派季辛格出任後推出「IDM 2.0」戰略，開始大力發展晶圓代工業務，並屢次向美國政府提及不能依賴台灣半導體製造，導致台積電取消折扣優惠。&lt;/p&gt;

&lt;p&gt;2021 年 5 月，季辛格說：「你不會想把所有雞蛋全放在台灣晶圓廠這個籃子裡」。同年 12 月，季辛格也在鼓吹美國政府投資美國晶圓製造商時說：「台灣不是一個穩定之處。」&lt;/p&gt;

&lt;p&gt;消息人士透露，為回應季辛格「無禮」之舉，台積電私底下已經決定取消給英特爾的折扣，也就是不再對原價 2.3 萬美元的 3 奈米晶圓提供 6 折的折扣。台積電在公開場合對季辛格言論輕描淡寫，台積電創辦人張忠謀則稱季辛格「有點無禮」。&lt;/p&gt;

&lt;p&gt;此外，上月還有消息傳出，英特爾 Intel 18A 製程並未通過美國晶圓設計商博通測試。博通是在 8 月收到英特爾返回的 Intel 18A 製程晶圓，經工程師跟高層研究後認為該項製程還無法進入高度量產期。&lt;/p&gt;

&lt;p&gt;根據消息，運用 Intel 18A 製程打造的晶片中，只有不到兩成通過博通初步測試，低於台積電試產階段的製程良率。&lt;/p&gt;

&lt;p&gt;但英特爾隨後表示，仍將按計畫於明年推出 Intel 18A 製程，並透露 Intel 18A 的缺陷密度 (D0) 已達到小於 0.4(def/cm^2)。&nbsp;&lt;/p&gt;

&lt;p&gt;然而，最近一份由英特爾供應商製作的規劃文件暗示，Intel 18A 有延遲跡象，該供應商仍在等待另一份數位設計工具包 (digital design kit) 以便推進該計畫。&lt;/p&gt;

&lt;p&gt;知情人士表示，直到 2026 年以前，客戶幾乎不可能以 Intel 18A 製程大量生產晶片。&lt;/p&gt;
",1,1,,1,[],,0,0,"['GI:SOX:INDEX:COMMON', 'TWS:2330:STOCK:COMMON', 'USS:INTC:STOCK:COMMON', 'USS:TSM:STOCK:COMMON']",,0,"['晶圓代工', '季辛格', '台積電', '折扣優惠', '3奈米']",0,1730357887,"{'xs': {'src': 'https://cimg.cnyes.cool/prod/news/5759179/xs/0ffd154a3e17a6a93e2db3962c6649ce.jpg', 'width': 100, 'height': 56}, 's': {'src': 'https://cimg.cnyes.cool/prod/news/5759179/s/0ffd154a3e17a6a93e2db3962c6649ce.jpg', 'width': 180, 'height': 101}, 'm': {'src': 'https://cimg.cnyes.cool/prod/news/5759179/m/0ffd154a3e17a6a93e2db3962c6649ce.jpg', 'width': 380, 'height': 214}, 'l': {'src': 'https://cimg.cnyes.cool/prod/news/5759179/l/0ffd154a3e17a6a93e2db3962c6649ce.jpg', 'width': 640, 'height': 360}, 'xl': {'src': 'https://cimg.cnyes.cool/prod/news/5759179/xl/0ffd154a3e17a6a93e2db3962c6649ce.jpg', 'width': 960, 'height': 539}, 'xxl': {'src': 'https://cimg.cnyes.cool/prod/news/5759179/xxl/0ffd154a3e17a6a93e2db3962c6649ce.jpg', 'width': 1080, 'height': 607}}",,831,美股雷達,,[],[],0,0,0,"[{'code': '2330', 'name': '台積電', 'symbol': 'TWS:2330:STOCK'}, {'code': 'INTC', 'name': '英特爾', 'symbol': 'USS:INTC:STOCK'}, {'code': 'TSM', 'name': '台積電', 'symbol': 'USS:TSM:STOCK'}]"
5759176,落後5分演出大逆轉 道奇4勝1敗擊退洋基 贏得世界大賽,"&lt;p&gt;洛杉磯道奇隊在一度落後 5 分之下完成大逆轉，在世界大賽第五場以 7:6 擊敗紐約洋基隊，並以 4 勝 1 負拿下今年世界大賽冠軍，連續 4 場比賽擊出全壘打的 Freddie Freeman 被選為 MVP。&lt;/p&gt;

&lt;p&gt;這是道奇隊 5 季以來第 2 個冠軍，也是自 1988 年以來，首次在完整的賽季奪冠。&lt;/p&gt;

&lt;p&gt;洋基隊先發投手 Gerrit Cole 今天主投 6.2 局比賽中表現出色，但包括他本人在內，洋基隊一些糟糕的防守，導致第五局連丟 5 分，揮霍掉原本的領先。隨後雖然重新建立了 6:5 的領勢，但第八局再失 2 分，最終輸掉比賽。&lt;/p&gt;

&lt;p&gt;道奇隊牛棚投手努力守成，Blake Treinen 及 Walker Buehler 合力確保第七、八、九局未再失分，Treinen 贏得勝投，第 3 戰先發表現出色的 Buehler 上場終結比賽，拿下救援成功。&lt;/p&gt;

&lt;p&gt;道奇隊早在去年冬天就展現封王企圖，簽下日籍明星大谷翔平及山本由伸，還進一步補強投手 Tyler Glasnow 與老將外野手 Teoscar Hern&aacute;ndez，與未來的名人堂投手 Clayton Kershaw 重新簽約。&lt;/p&gt;

&lt;p&gt;儘管球季中仍受傷病困擾，但在常規賽中，他們以 98 場勝利領先大聯盟，於 12 年裡第 11 次贏得國家聯盟西部冠軍，大谷更以歷史性的 54 支全壘打和 59 次盜壘創下歷史紀錄。&lt;/p&gt;

&lt;p&gt;然而，他們在季後賽仍面臨艱難，Freeman 因右腳踝嚴重扭傷而受到限制。Mookie Betts 和大谷都經歷了季後賽早期的掙扎。在國聯分區系列賽中，他們一度來到淘汰邊緣，在艱難地連勝兩場後，才擊敗聖地牙哥教士隊，晉級國聯冠軍戰。此後，再以 4 勝 2 敗淘汰紐約大都會隊，才來到世界大賽。&lt;/p&gt;

&lt;p&gt;大谷在世界大賽的表現平平，特別是因滑壘造成左肩受傷之後，雖然帶傷上陣，但沒有太多貢獻。不過從全季來看，如果沒有大谷「50-50」的史詩級表現，道奇能否打進季後賽都很難說。大谷本賽季竭盡全力，他將因此獲得他的第一枚世界大賽戒指。&lt;/p&gt;

&lt;p&gt;大谷也在正式成為道奇隊球員時就表明心跡，他說：「在我腦海中真正突出的一件事是，當我與道奇隊老闆團隊會面時，他們在回顧過去 10 年時說，儘管他們每年都進入季後賽，贏得了世界大賽戒指，這被認為是失敗的，」 「當我聽到這個消息時，我知道他們都是為了勝利，這正是我的感受。」&lt;/p&gt;

&lt;p&gt;世界大賽共斬獲 12 分打點，贏得 MVP 的 Freeman 表示，他上場打擊時，他的許多隊友都在壘上，讓他有機會表現，他很高興能在正確的時間棒子變得發燙起來。&lt;/p&gt;
",1,1,洛杉磯道奇隊在一度落後 5 分之下完成大逆轉，在世界大賽第五場以 7:6 擊敗紐約洋基隊，並以 4 勝 1 負拿下今年世界大賽冠軍，連續 4 場比賽擊出全壘打的 Freddie Freeman 被選為 MVP。,1,[],,0,0,[],,0,"['世界大賽', '道奇', '洋基', '大谷翔平', '棒球', 'MLB']",0,1730357186,"{'xs': {'src': 'https://cimg.cnyes.cool/prod/news/5759176/xs/3c8a28a5d8badeb045428e0c8ca35811.jpg', 'width': 100, 'height': 56}, 's': {'src': 'https://cimg.cnyes.cool/prod/news/5759176/s/3c8a28a5d8badeb045428e0c8ca35811.jpg', 'width': 180, 'height': 101}, 'm': {'src': 'https://cimg.cnyes.cool/prod/news/5759176/m/3c8a28a5d8badeb045428e0c8ca35811.jpg', 'width': 380, 'height': 214}, 'l': {'src': 'https://cimg.cnyes.cool/prod/news/5759176/l/3c8a28a5d8badeb045428e0c8ca35811.jpg', 'width': 640, 'height': 360}, 'xl': {'src': 'https://cimg.cnyes.cool/prod/news/5759176/xl/3c8a28a5d8badeb045428e0c8ca35811.jpg', 'width': 960, 'height': 539}, 'xxl': {'src': 'https://cimg.cnyes.cool/prod/news/5759176/xxl/3c8a28a5d8badeb045428e0c8ca35811.jpg', 'width': 1080, 'height': 607}}",,831,美股雷達,,[],[],0,0,0,
5759088,〈日股盤後〉追隨美股跌勢 日經結束連三漲 但守穩3萬9大關,"&lt;p&gt;日股今 (31) 日自兩周高點回落，日經 225 指數(&lt;a data-symbol-template=&quot;GI:NKY:INDEX:COMMON&quot; href=&quot;#&quot;&gt;NKY&lt;/a&gt;) 追隨美股昨晚科技跌勢，早盤一度失守 3 萬 9 千點大關，終場下跌 0.45% 至 39102.36 點，東證 (TOPIX)(TPX) 亦收低 0.3% 至 2695.51 點，與日經 225 同樣結束連 3 日上漲走勢。&lt;/p&gt;

&lt;p&gt;個股方面，Uniqlo 母公司迅銷下跌 2.21% 至每股 4 萬 9520 日元，泰爾茂公司下跌 1.44% 至每股 2944.5 日元。截至今日下午 2 點 37 分，日元兌美元匯率升值 0.36% 至 152.87，扭轉昨日貶勢。&lt;/p&gt;

&lt;p&gt;日本央行 (BOJ) 在今日貨幣政策會議上決定，作為政策利率的「無擔保隔夜拆借利率」誘導目標維持在 0.25% 左右不變，日元則在 BOJ 宣布按兵不動後走強。&lt;/p&gt;

&lt;p&gt;在按兵不動的同時，BOJ 也在一份展望報告中指出，日本經濟活動和物價存在很大的不確定性，但預期未來兩年日本經濟將繼續成長，通膨將有所緩解。&lt;/p&gt;

&lt;p&gt;SMBC 信託銀行投資研究主管山口正宏說：「這禮拜公布的美國主要科技公司獲利結果在 AI 投資獲利上呈現不同的結果，顯現出意外的疲軟趨勢，導致日本股票面臨賣壓。」&lt;/p&gt;

&lt;p&gt;立花證券也指出，由於晶片股大跌以及市場對企業陸續公布的財報表現感到不安，導致美股周三下跌，加上市場預估日本央行 (BOJ) 今日將維持利率不變。這種氣氛導致日股下跌。&lt;/p&gt;
",1,1,,1,[],,0,0,"['GI:NKY:INDEX:COMMON', 'GI:DXY:INDEX:COMMON', 'FX:JPYUSD:FOREX:COMMON']",,0,"['日股盤後', '美股', '日本央行', '利率決策', 'BOJ']",1,1730356722,"{'xs': {'src': 'https://cimg.cnyes.cool/prod/news/5759088/xs/655094c62669b0280a917f84c18942f3.jpg', 'width': 100, 'height': 56}, 's': {'src': 'https://cimg.cnyes.cool/prod/news/5759088/s/655094c62669b0280a917f84c18942f3.jpg', 'width': 180, 'height': 101}, 'm': {'src': 'https://cimg.cnyes.cool/prod/news/5759088/m/655094c62669b0280a917f84c18942f3.jpg', 'width': 380, 'height': 214}, 'l': {'src': 'https://cimg.cnyes.cool/prod/news/5759088/l/655094c62669b0280a917f84c18942f3.jpg', 'width': 640, 'height': 360}, 'xl': {'src': 'https://cimg.cnyes.cool/prod/news/5759088/xl/655094c62669b0280a917f84c18942f3.jpg', 'width': 960, 'height': 539}, 'xxl': {'src': 'https://cimg.cnyes.cool/prod/news/5759088/xxl/655094c62669b0280a917f84c18942f3.jpg', 'width': 1080, 'height': 607}}",,832,歐亞股,,[],[],0,0,0,
5759231,鉅亨速報 - Factset 最新調查：Meta平台META-US的目標價調升至620元，幅度約3.33%,&lt;p&gt;根據FactSet最新調查，共59位分析師，對Meta平台(META-US)提出目標價估值：中位數由600元上修至620元，調升幅度3.33%。其中最高估值811元，最低估值475元。&lt;/p&gt;&lt;p&gt;綜合評級 - 共有71位分析師給予Meta平台評價：積極樂觀60位、保持中立9位、保守悲觀2位。&lt;/p&gt;&lt;p&gt;Meta平台今(31日)收盤價為591.8元。近5日股價上漲3.33%，標普指數上漲0.8%股價漲幅表現優於大盤。&lt;/p&gt;&lt;p&gt;資料來源：Factset，數據僅供參考，不作為投資建議。&lt;/p&gt;,0,1,FactSet 最新調查：Meta平台META-US目標價調升，最高估值、最低估值、中位數、綜合評級、近5日股價、標普、即時新聞資訊,1,[],,0,0,['USS:META:STOCK:ETF'],,0,"['美股', 'META', '市場預估', '目標價']",0,1730355333,,,917,美股預估,,[],['USS:META:STOCK'],0,0,0,"[{'code': 'META', 'name': 'Ball元宇宙ETF', 'symbol': 'USS:META:STOCK'}]"
5759050,GDP穩健和降息加持美股！瑞銀CIO看好明年標普500漲至6600點,"&lt;p&gt;昨 (30 日) 晚公佈的美國第三季度 GDP 年增 2.8%，繼第二季度增長 3% 之後，又呈現一個表現穩健的季度。雖該數據與市場預期基本一致，市場反應有限。瑞銀財富管理投資總監辦公室（CIO）認為，GDP 穩健增長和美聯儲降息的背景，有望為金融市場帶來支撐，持續看好美國基本面前景有利風險資產，並預計標普 500 指數或將在 2025 年底前上漲至 6600 點，將美國股票評為 &ldquo;具吸引力&rdquo;。&lt;/p&gt;

&lt;p&gt;瑞銀 (CIO) 認為，從細項來看，消費是拉動 GDP 的主要增長點，季環比折年率增長 3.7%。其中商品消費支出尤其強勁，環比折年率增長 6.0%，服務消費支出增長 2.6%。不過，實際商品消費帶來的增長貢獻並沒有這麼多，主要是因為三季度製造業產出偏弱。和上一季度相比，商品進口增加以及私人庫存下滑是三季度 GDP 環比折年率下降的主要原因。&lt;/p&gt;

&lt;p&gt;固定投資低迷，僅增長 1.3%，為 22 年第四季度以來的最低水準。住宅投資和非住宅投資均為負值，但設備投資保持強勁，增長達到 11.1%。國防開支增長 14.9%，對 GDP 增長率的貢獻率為 0.5 個百分點。&lt;/p&gt;

&lt;p&gt;PCE 平減指數放緩至 1.5%，而剔除食品和能源的核心 PCE 指數為 2.2%。瑞銀預計這足以讓美聯儲在即將舉行的 FOMC 會議上繼續降息。經濟的穩健增長和美聯儲降息的大背景有望為金融市場帶來支撐。&lt;/p&gt;

&lt;p&gt;距離美國總統大選僅剩一周，市場已進入最後衝刺階段，不過結果仍然難以預測。最新的民意調查顯示，在一些關鍵搖擺州，兩位候選人的支持率不相上下，儘管最近幾周預測市場上特朗普獲勝的幾率有所上升。&lt;/p&gt;

&lt;p&gt;鑒於潛在的重新計票和法律爭議，大選可能要待 12 月 11 日各州宣佈選舉人團投票結果後才知分曉。但大選一旦塵埃落定，瑞銀認為基本面應重新佔據主導地位，並決定市場走向。&lt;/p&gt;

&lt;p&gt;美國經濟擴張似乎可持續。週二發佈的職位空缺和勞動力流動調查（JOLTS）報告顯示，9 月份職位空缺降至 740 萬，低於市場預期和 8 月份的 790 萬，為 2021 年 1 月以來的最低水準。美國勞動力市場不再顯得過熱，但仍然相當具韌性。同時，昨晚公佈的第三季度美國 GDP 表現仍然穩健，核心 PCE 平減指數為 2.2%。總體而言，最近的數據表明美國經濟比之前想像的更強勁，而通脹廣泛回落的趨勢不變。&lt;/p&gt;

&lt;p&gt;美聯儲或將繼續推進政策寬鬆週期。聯邦公開市場委員會（FOMC）將在美國大選日後一天召開會議，並於 11 月 7 日公佈政策利率決議。隨著美國央行的政策立場繼續轉向中性，美聯儲官員近期的評論表明本次議息會議仍有可能降息 25 個基點。瑞銀預計今年後續或將降息 50 個基點，2025 年或將進一步下調政策利率 100 個基點。美聯儲在非衰退時期降息歷來對股票有利。&lt;/p&gt;

&lt;p&gt;科技企業三季度財報或繼續提示支援人工智能（AI）增長。谷歌母公司 Alphabet 在週二收盤後為大型科技公司的財報季拉開帷幕，其雲計算業務實現了 35% 的同比營收增長，營運利潤率達到 17% 的穩健水準。該公司還將其 2024 年的資本支出指引從之前預測的 480 億美元上調至 510 億美元。微軟、Meta、亞馬遜和蘋果將在接下來的兩天內跟進公佈季報。&lt;/p&gt;

&lt;p&gt;一些知名半導體公司的初步業績顯示，AI 需求健康且可持續，預計這將繼續推動未來幾年的增長。瑞銀相信，大型科技公司今年和明年的資本支出將有利於 AI 行業的發展。&lt;/p&gt;

&lt;p&gt;因此，瑞銀繼續認為基本面前景利好風險資產，並預計標普 500 指數或將在 2025 年底前上漲至 6600 點。瑞銀將美國股票評為 「具吸引力」。&lt;/p&gt;
",1,1,昨 (30 日) 晚公佈的美國第三季度 GDP 年增 2.8%，繼第二季度增長 3% 之後，又呈現一個表現穩健的季度。雖該數據與市場預期基本一致，市場反應有限。瑞銀財富管理投資總監辦公室認為，GDP 穩健增長和美聯儲降,1,[],,0,0,['GI:INX:INDEX:COMMON'],,0,"['美國大選', 'GDP', '小非農', '瑞銀', '標普500', 'S&P 500']",1,1730353324,"{'xs': {'src': 'https://cimg.cnyes.cool/prod/news/5759050/xs/fc1e323ad5e427fe3c0384c95489c15e.jpg', 'width': 100, 'height': 56}, 's': {'src': 'https://cimg.cnyes.cool/prod/news/5759050/s/fc1e323ad5e427fe3c0384c95489c15e.jpg', 'width': 180, 'height': 101}, 'm': {'src': 'https://cimg.cnyes.cool/prod/news/5759050/m/fc1e323ad5e427fe3c0384c95489c15e.jpg', 'width': 380, 'height': 214}, 'l': {'src': 'https://cimg.cnyes.cool/prod/news/5759050/l/fc1e323ad5e427fe3c0384c95489c15e.jpg', 'width': 640, 'height': 360}, 'xl': {'src': 'https://cimg.cnyes.cool/prod/news/5759050/xl/fc1e323ad5e427fe3c0384c95489c15e.jpg', 'width': 960, 'height': 540}, 'xxl': {'src': 'https://cimg.cnyes.cool/prod/news/5759050/xxl/fc1e323ad5e427fe3c0384c95489c15e.jpg', 'width': 1080, 'height': 607}}",,830,美股,,[],[],0,0,0,
5759049,翁朝棟卸任鋼鐵公會理事長 呼籲政府不能只重科技、輕傳產,"&lt;p&gt;鋼鐵公會昨 (30) 日召開會員大會，也是翁朝棟卸任理事長前最後一次主持，他不忘替鋼鐵業發聲，呼籲政府不能只「重科技、輕傳產」；至於碳費議題，翁朝棟直言最終的費率「不滿意但可接受」。&lt;/p&gt;

&lt;p&gt;翁朝棟表示，國內用鋼產業的年產值高達 7 兆元，就業人員約 110 萬人，但半導體業 30 萬人，製造業是國力象徵，台灣要多元發展，不管是經濟安全、國家安全或社會安全，才能有保障，政府不能偏重半導體，獎勵都給高科技產業，資源也要多支持製造業。&lt;/p&gt;

&lt;p&gt;碳費議題方面，翁朝棟指出，鋼鐵、水泥、石化等公會都有透過工總反映，呼籲政府正視問題，為了台灣經濟需均衡發展，不是只聽環團聲音，台灣應該要跟競爭對手日本、韓國、德國相比，而不是一直跟沒有製造業的新加坡比，希望循序漸進與國際接軌。&lt;/p&gt;

&lt;p&gt;翁朝棟強調，碳中和挑戰是不可迴避任責任，碳費只是手段，必須做好節能減碳，日本 10 年內投入 20 兆日元針對氫能冶金、CCUS 碳捕捉再利用技術發展，韓國投入 1500 億韓元、德國 26 億美元開發節能減碳。反觀台灣獎勵都給科技產業。&lt;/p&gt;

&lt;p&gt;針對鋼鐵業目前景氣，翁朝棟直言，政府要收碳費、電費又調漲，鋼鐵業真的很難經營，對此只能「無語問蒼天」。&lt;/p&gt;
",1,1,鋼鐵公會昨 (30) 日召開會員大會，也是翁朝棟卸任理事長前最後一次主持，他不忘替鋼鐵業發聲，呼籲政府不能只「重科技、輕傳產」；至於碳費議題，翁朝棟直言最終的費率「不滿意但可接受」。,1,[],,0,0,"['FX:JPYUSD:FOREX:COMMON', 'FX:KRWUSD:FOREX:COMMON']",,0,"['鋼鐵公會', '翁朝棟', '鋼鐵', '碳費']",1,1730353149,"{'xs': {'src': 'https://cimg.cnyes.cool/prod/news/5759049/xs/21558a771d39b532beb80a91a826a00b.jpg', 'width': 100, 'height': 56}, 's': {'src': 'https://cimg.cnyes.cool/prod/news/5759049/s/21558a771d39b532beb80a91a826a00b.jpg', 'width': 180, 'height': 101}, 'm': {'src': 'https://cimg.cnyes.cool/prod/news/5759049/m/21558a771d39b532beb80a91a826a00b.jpg', 'width': 380, 'height': 214}, 'l': {'src': 'https://cimg.cnyes.cool/prod/news/5759049/l/21558a771d39b532beb80a91a826a00b.jpg', 'width': 640, 'height': 360}, 'xl': {'src': 'https://cimg.cnyes.cool/prod/news/5759049/xl/21558a771d39b532beb80a91a826a00b.jpg', 'width': 960, 'height': 540}, 'xxl': {'src': 'https://cimg.cnyes.cool/prod/news/5759049/xl/21558a771d39b532beb80a91a826a00b.jpg', 'width': 960, 'height': 540}}",,827,台股新聞,,[],[],0,0,0,
5758670,比亞迪Q3告捷 首次銷售額超越特斯拉 唯利潤落後,"&lt;p&gt;在電動車市場的競爭中，特斯拉 (TSLA-US) 與中國電動車領導者比亞迪之間的戰鬥愈演愈烈。根據最新報導，比亞迪在第三季銷售額首次超過特斯拉，達到 282 億美元，而特斯拉的可比銷售額為 252 億美元。&lt;/p&gt;

&lt;p&gt;比亞迪作為中國最大的電動車製造商，其銷售量事實上超過特斯拉，但比亞迪的車輛單價較低。&lt;/p&gt;

&lt;p&gt;比亞迪產品線包括插電式混合動力車和全電動車，而特斯拉僅銷售全電動車。在第三季度，比亞迪交付約 110 萬輛車輛，其中約 44.3 萬輛為全電動車，68.6 萬輛為插電式混合動力車，而特斯拉交付約 46.3 萬輛全電動車。&lt;/p&gt;

&lt;p&gt;儘管數據顯示，比亞迪的銷售表現優於特斯拉，但在利潤方面，特斯拉仍然佔據優勢。&lt;/p&gt;

&lt;p&gt;比亞迪在第三季營業利潤約為 11 億美元，而特斯拉則達到約 28 億美元。然而，這兩者的數據難以直接比較，因為比亞迪和特斯拉在營運費用的計算上存在差異。&lt;/p&gt;

&lt;p&gt;在股市方面，特斯拉的股價周三下跌 0.8%，收於 257.55 美元，而標普 500 指數下跌 0.3%。相比之下，比亞迪 ADR 上漲 0.6%，收於 76.50 美元。儘管比亞迪在香港上市的股票在海外交易中下跌 0.7%，但截至周三，這些股票今年以來已上漲約 38%。&lt;/p&gt;

&lt;p&gt;比亞迪的整體業績符合華爾街的預期，顯示出其穩健的市場表現。而特斯拉周三股價下跌似乎與比亞迪的表現無關，因為市場對其第三季度財報的反應並不意外，而是獲利和技術面仍在影響股價。近期，特斯拉的股價因為超出預期的財報而上漲了約 22%。&lt;/p&gt;

&lt;p&gt;分析師指出，特斯拉的股價在財報公布後達到阻力位，這是技術分析師用來評估過去投資者買賣行為的指標。當前，投資者在特斯拉股價高於 260 美元時選擇獲利了結。儘管如此，特斯拉的股價在今年仍上漲約 4%。&lt;/p&gt;

&lt;p&gt;這一系列數據顯示，電動車市場的競爭正在加劇，特斯拉與比亞迪的差距正在縮小，未來的市場動向值得關注。&lt;/p&gt;
",1,1,在電動車市場的競爭中，特斯拉 (TSLA-US) 與中國電動車領導者比亞迪之間的戰鬥愈演愈烈。根據最新報導，比亞迪在第三季銷售額首次超過特斯拉，達到 282 億美元，而特斯拉的可比銷售額為 252 億美元。,1,['US-TSLA'],,0,0,"['GI:INX:INDEX:COMMON', 'USS:TSLA:STOCK:COMMON']",,0,"['比亞迪', '特斯拉', '美股', '電動車']",0,1730352741,"{'xs': {'src': 'https://cimg.cnyes.cool/prod/news/5758670/xs/465663b5be08d520f39f03203aa83ec5.jpg', 'width': 100, 'height': 56}, 's': {'src': 'https://cimg.cnyes.cool/prod/news/5758670/s/465663b5be08d520f39f03203aa83ec5.jpg', 'width': 180, 'height': 101}, 'm': {'src': 'https://cimg.cnyes.cool/prod/news/5758670/m/465663b5be08d520f39f03203aa83ec5.jpg', 'width': 380, 'height': 214}, 'l': {'src': 'https://cimg.cnyes.cool/prod/news/5758670/l/465663b5be08d520f39f03203aa83ec5.jpg', 'width': 640, 'height': 360}, 'xl': {'src': 'https://cimg.cnyes.cool/prod/news/5758670/xl/465663b5be08d520f39f03203aa83ec5.jpg', 'width': 960, 'height': 539}, 'xxl': {'src': 'https://cimg.cnyes.cool/prod/news/5758670/xxl/465663b5be08d520f39f03203aa83ec5.jpg', 'width': 1080, 'height': 607}}",,831,美股雷達,,"[{'name': '股票-美國大型', 'categoryAbbrId': 'C65'}]",[],0,0,0,"[{'code': 'TSLA', 'name': '特斯拉', 'symbol': 'USS:TSLA:STOCK'}]"
5759137,日本央行調高成長前景後 日元兌美元小幅走高,"&lt;p&gt;日本央行周四 (31 日) 一如預期維持利率不變，但上調了經濟成長預期，幫助日元兌美元匯率在一周內首次上漲。&lt;/p&gt;

&lt;p&gt;截至台北時間下午 13:08，美元兌日元匯率報 152.94，日元上漲 0.31%，這將 10 月份的跌幅縮小至 6.1%。&lt;/p&gt;

&lt;p&gt;日本央行以 9-0 通過利率決議。日本央行表示，鑑於實際利率處於非常低的水準，如果經濟和物價走勢符合其預測，日本央行將繼續提高政策利率。&lt;/p&gt;

&lt;p&gt;此外，央行調高 2025 財年 GDP 成長率預測，下調 2025 財年通膨成長預測。日本央行預計，2024 財年 GDP 成長預期為 0.6%，2025 財年 GDP 成長預期為 1.1%，2026 財年 GDP 成長預期為 1.0%。&lt;/p&gt;

&lt;p&gt;野村證券外匯策略主管 Yujiro Goto 表示，日元小幅上漲可歸因於部位平倉。&lt;/p&gt;

&lt;p&gt;他表示：「在日本政治不確定性加劇的背景下，市場預期日本央行將對未來升息採取更加謹慎的立場，但展望報告並未實現，導致倉位小幅調整。」&lt;/p&gt;

&lt;p&gt;日元觀察人士關注的焦點是日本央行總裁植田和男，是否會針對下次升息給出任何暗示。在日元繼續疲軟下，央行面臨盡早升息的壓力。&lt;/p&gt;

&lt;p&gt;澳洲聯邦銀行貨幣策略師 Carol Kong 表示，今天晚些時候的焦點集中在央行總裁身上，他可能會就日本央行下次升息時間提供更多見解，如果他提出更強有力的升息指引，這將令人意外，可能會提前定價並推高日元。&lt;/p&gt;

&lt;p&gt;日本執政聯盟失去多數席次後，日元周一跌至 7 月以來新低。這引發了日本當局的警告，日本財務大臣加藤勝信周二表示，日本大選後日元大幅貶值，政府將以高度緊迫感關注外匯走勢。&lt;/p&gt;
",1,1,日本央行周四 (31 日) 一如預期維持利率不變，但上調了經濟成長預期，幫助日元兌美元匯率在一周內首次上漲。,1,[],,0,0,"['FX:JPYUSD:FOREX:COMMON', 'FX:USDJPY:FOREX:COMMON']",,0,"['日本央行', '日元', '經濟前景', '利率決策', '日本']",0,1730352002,"{'xs': {'src': 'https://cimg.cnyes.cool/prod/news/5759137/xs/d7160ef1bc520193dc9e23a58b31849d.jpg', 'width': 100, 'height': 56}, 's': {'src': 'https://cimg.cnyes.cool/prod/news/5759137/s/d7160ef1bc520193dc9e23a58b31849d.jpg', 'width': 180, 'height': 101}, 'm': {'src': 'https://cimg.cnyes.cool/prod/news/5759137/m/d7160ef1bc520193dc9e23a58b31849d.jpg', 'width': 380, 'height': 214}, 'l': {'src': 'https://cimg.cnyes.cool/prod/news/5759137/l/d7160ef1bc520193dc9e23a58b31849d.jpg', 'width': 640, 'height': 360}, 'xl': {'src': 'https://cimg.cnyes.cool/prod/news/5759137/xl/d7160ef1bc520193dc9e23a58b31849d.jpg', 'width': 960, 'height': 540}, 'xxl': {'src': 'https://cimg.cnyes.cool/prod/news/5759137/xxl/d7160ef1bc520193dc9e23a58b31849d.jpg', 'width': 1080, 'height': 608}}",,838,外匯,,[],[],0,0,0,
5758866,最快本周六？黎巴嫩總理：有望未來幾小時或數天內跟以色列達停火協議,"&lt;p&gt;黎巴嫩看守總理 Nadschib Mikati 周三 (30 日) 表示，有望在未來幾小時或數日內宣佈與以色列達成停火協議，但與此同時，以色列仍持續空襲黎國東部地區，造成至少 31 人死亡。Mikati 周四將跟美國特使 Amos Hochstein 會面商議以色列與黎巴嫩真主黨的停火協議。&lt;/p&gt;

&lt;p&gt;Mikati 在與 Hochstein 會面前夕接受黎國媒體《Al Jadeed》訪問時說，原本認為在下周二 (11 月 5 日) 美國總統大選之前不可能達成停火協議，但跟 Hochstein 通話後感到樂觀，目前正盡最大努力，並對未來幾小時或幾天內達成停火協議持樂觀態度。&lt;/p&gt;

&lt;p&gt;白宮方面表示，美國特使 Brett McGurk 將於周四與 Hochstein 一起訪問以色列。一位美國官員表示，他們將在那裡討論一系列問題，「包括加薩、黎巴嫩、人質、伊朗和更廣泛的地區問題」。&lt;/p&gt;

&lt;p&gt;《以色列公共廣播公司》(Kan) 公佈了一份據稱是停火協議的草案，並指停火日期是在本周六 (11 月 2 日)，白宮國安發言人 Sean Savett 則稱「目前流傳著許多報導和草案，但它們並未反映目前的談判狀況。」&lt;/p&gt;

&lt;p&gt;真主黨新領導人 Sheikh Naim Qassem 周三稍早表示，若以色列希望停止戰爭，真主黨將同意在一定條件下停火，但以色列迄今尚未同意任何可以討論的提議。&lt;/p&gt;

&lt;p&gt;與此同時，以色列周三繼續擴大針對黎巴嫩境內真主黨的行動，對以羅馬神廟聞名的東部城市巴勒貝克及其附近村莊發動猛烈空襲。以軍在空襲之後向《路透社》表示，攻擊目標是貝卡谷地地區的真主黨燃料庫。&lt;/p&gt;

&lt;p&gt;黎國公共衛生部周三指出，以軍對巴勒貝克地區貝德納耶爾村的攻擊造成 8 人死亡，其中包括 5 名婦女，對巴勒貝克地區拜特薩利比鎮的襲擊造成 11 人死亡，包括 3 名婦女，對東部貝卡地區索赫莫爾鎮的攻擊造成 12 人死亡。&lt;/p&gt;

&lt;p&gt;《新華社》報導，黎巴嫩軍方消息人士表示，以軍戰機和無人機周三共對黎巴嫩南部實施 55 次空襲，對黎巴嫩東部實施 15 次空襲。&lt;/p&gt;

&lt;p&gt;黎國公共衛生部周三公佈的統計數據，自去年 10 月初以來，真主黨與以色列之間的衝突已在黎巴嫩造成 2822 人死亡。&lt;/p&gt;
",1,1,,1,[],,0,0,['EOD:BRENT:EOD:ENERGY'],,0,"['以色列', '停火協議', '真主黨', '美國大選']",0,1730351507,"{'xs': {'src': 'https://cimg.cnyes.cool/prod/news/5758866/xs/92f11eed8b3ba29ad545d58feef8b203.jpg', 'width': 100, 'height': 56}, 's': {'src': 'https://cimg.cnyes.cool/prod/news/5758866/s/92f11eed8b3ba29ad545d58feef8b203.jpg', 'width': 180, 'height': 101}, 'm': {'src': 'https://cimg.cnyes.cool/prod/news/5758866/m/92f11eed8b3ba29ad545d58feef8b203.jpg', 'width': 380, 'height': 214}, 'l': {'src': 'https://cimg.cnyes.cool/prod/news/5758866/l/92f11eed8b3ba29ad545d58feef8b203.jpg', 'width': 640, 'height': 360}, 'xl': {'src': 'https://cimg.cnyes.cool/prod/news/5758866/xl/92f11eed8b3ba29ad545d58feef8b203.jpg', 'width': 960, 'height': 540}, 'xxl': {'src': 'https://cimg.cnyes.cool/prod/news/5758866/xxl/92f11eed8b3ba29ad545d58feef8b203.jpg', 'width': 1080, 'height': 608}}",,833,國際政經,,[],[],0,0,0,
5758680,川普拿關稅威脅「歐洲小可愛們」 歐盟兩大招等著：別敬酒不吃吃罰酒,"&lt;p&gt;美國共和黨總統候選人川普周二在賓州的集會上再次強調了對歐盟的關稅威脅。他表示，如果他在 11 月 5 日的大選中獲勝，歐盟將因未能購買足夠的美國出口產品而「付出巨大代價」。&lt;/p&gt;

&lt;p&gt;川普在集會上指出：「歐盟聽起來很好，很可愛，但他們不拿走我們的汽車和農產品，而是在美國銷售了數百萬輛汽車。他們將不得不為此承擔後果。」&lt;/p&gt;

&lt;p&gt;川普先前已明確表示，一旦當選，他將對來自所有國家的進口產品徵收 10% 至 20% 的關稅，並對部分來自中國的產品徵收高達 60% 的關稅。歐盟官員估計這可能導致歐盟每年的出口額減少約 1500 億歐元。&lt;/p&gt;

&lt;p&gt;然而，經濟學家警告稱，這項政策可能會對全球供應鏈造成衝擊，很可能引發報復性反制措施，並提高美國民眾的生活成本。&lt;/p&gt;

&lt;p&gt;與此同時，川普的競選對手&mdash;&mdash;民主黨人賀錦麗在華盛頓的一場大型集會上對其關稅計劃提出了強烈批評。她對數萬名集會者表示，川普正在尋求不受限制的權力，並稱「這個人的情緒反覆無常，沉迷於復仇，滿腔怨恨，渴望無限權力」。&lt;/p&gt;

&lt;p&gt;由於川普的關稅威脅，歐洲股市已經受到顯著影響。今年，歐洲股市的表現明顯落後美股，分析師指出，川普的政策是造成這一差距的主要因素之一。分析師擔憂，歐洲出口商可能會受到衝擊，同時預期美股企業將因川普的減稅政策而受益。&lt;/p&gt;

&lt;p&gt;根據巴克萊的數據，自今年 9 月底以來，受美國關稅影響的 28 只知名歐洲股票已累計下跌 7%。這些股票包括全球最大的洋酒公司帝亞吉歐、奢侈品巨頭路威酩軒集團和​​汽車製造商大眾等。巴克萊指出，其中有幾家公司超過 30% 的收入來自美國市場。&lt;/p&gt;

&lt;p&gt;摩根大通資產管理公司的全球市場策略師休 ‧ 金伯表示，目前歐洲股市的交易價格比美國市場低 40%，這一現像在一定程度上反映了貿易衝突再度升級的潛在威脅。他表示：「這種負面情緒現在似乎很好地反映在了價格上。」&lt;/p&gt;

&lt;p&gt;美國是歐盟最大的商品出口目的地，佔歐盟出口總額的 19.7%；僅次於中國，美國也是歐盟第二大貨物進口來源國，佔歐盟進口總額的 13.7%。根據歐盟委員會的數據，2023 年歐盟向美國出口了 5,023 億歐元的商品。&lt;/p&gt;

&lt;figure&gt;&lt;img alt=&quot;2023年歐盟成員國對美國的貨物出口的前十名&quot; data-height=&quot;478&quot; data-mime=&quot;image/webp&quot; data-ratio=&quot;1.3535564853556485&quot; data-src-m=&quot;https://cimg.cnyes.cool/prod/news/5758680/m/5aba098a1a4ae8fc471ab0b932c220cc.jpg&quot; data-width=&quot;647&quot; src=&quot;https://cimg.cnyes.cool/prod/news/5758680/l/5aba098a1a4ae8fc471ab0b932c220cc.jpg&quot;&gt;
&lt;figcaption&gt;2023 年歐盟成員國對美國的貨物出口的前十名&lt;/figcaption&gt;
&lt;/figure&gt;

&lt;p&gt;歐洲新聞網（Euronews）30 日分析指出，川普提議對歐盟進口商品徵收 10% 的關稅，這可能會損害歐洲的出口驅動型產業，如汽車與機械（2076 億歐元）、化學品（1374 億歐元）和其他製成品（1037 億歐元）等；德國（1577 億歐元）、義大利（673 億歐元）以及愛爾蘭（516 億歐元）等成員國將會是受影響最嚴重的歐盟國家。同時，歐盟的潛在報復措施可能加劇緊張局勢升級，進一步破壞美歐貿易關係。&lt;/p&gt;

&lt;h6&gt;歐盟胡蘿蔔加大棒應對 貿易協議 + 報復性關稅&lt;/h6&gt;

&lt;p&gt;英媒《金融時報》早前曾披露稱，歐盟正在製定「胡蘿蔔加大棒」的應對策略。&lt;/p&gt;

&lt;p&gt;這項策略具體來說分為兩步驟：如果川普勝選，歐盟的第一步是立即派出談判人員與其接觸，尋求盡快達成貿易協議，增加進口特定美國商品，避免川普對歐盟產品加徵關稅；如果第一步落​​空，而川普選擇施加懲罰性關稅，那麼歐盟也將進行有針對性的報復。&lt;/p&gt;

&lt;p&gt;據報導，歐盟正在擬定一份從美國進口商品的清單，清單內商品可能被徵收 50% 甚至更高的關稅。他們計劃對川普的「核心選民」下手，例如對美國的波本威士忌、哈雷摩托車、動力船舶等施加沉重關稅。&lt;/p&gt;
",1,1,美國共和黨總統候選人川普周二在賓州的集會上再次強調了對歐盟的關稅威脅。他表示，如果他在 11 月 5 日的大選中獲勝，歐盟將因未能購買足夠的美國出口產品而「付出巨大代價」。,1,[],,0,0,['FX:EURUSD:FOREX:COMMON'],,0,"['歐盟', '川普', '賀錦麗', '關稅', '美國大選']",0,1730350873,"{'xs': {'src': 'https://cimg.cnyes.cool/prod/news/5758680/xs/6e8fd4e69e35135c9029cdad6fd2c4ed.jpg', 'width': 100, 'height': 56}, 's': {'src': 'https://cimg.cnyes.cool/prod/news/5758680/s/6e8fd4e69e35135c9029cdad6fd2c4ed.jpg', 'width': 180, 'height': 101}, 'm': {'src': 'https://cimg.cnyes.cool/prod/news/5758680/m/6e8fd4e69e35135c9029cdad6fd2c4ed.jpg', 'width': 380, 'height': 214}, 'l': {'src': 'https://cimg.cnyes.cool/prod/news/5758680/l/6e8fd4e69e35135c9029cdad6fd2c4ed.jpg', 'width': 640, 'height': 360}, 'xl': {'src': 'https://cimg.cnyes.cool/prod/news/5758680/xl/6e8fd4e69e35135c9029cdad6fd2c4ed.jpg', 'width': 960, 'height': 539}, 'xxl': {'src': 'https://cimg.cnyes.cool/prod/news/5758680/xxl/6e8fd4e69e35135c9029cdad6fd2c4ed.jpg', 'width': 1080, 'height': 607}}",,833,國際政經,,"[{'name': '股票-歐洲大型', 'categoryAbbrId': 'C61'}, {'name': '股票-美國大型', 'categoryAbbrId': 'C65'}]",[],0,0,0,
5758664,Wedbush分析師：蘋果市值明年破4兆美元 輝達緊跟,"&lt;p&gt;《Yahoo Finance》周二 (29 日) 報導，根據 Wedbush Securities 分析師 Dan Ives 的預測，蘋果 (Apple)(AAPL-US) 有望在 2025 年成為首間市值達到 4 兆美元的公司，其次是人工智慧 (AI) 領域最受矚目企業輝達(Nvidia)(NVDA-US)。&lt;/p&gt;

&lt;p&gt;Ives 指出，蘋果擁有超過 20 億龐大的 iOS 裝置用戶，並且可能有 3 億支 iPhone 將啟動升級換機潮。&lt;/p&gt;

&lt;p&gt;他強調，蘋果的服務業務估值達 2 兆美元，並在其生態系統中推動消費型人工智慧的發展，預計將帶來更大的增長。&lt;/p&gt;

&lt;p&gt;Wedbush 維持蘋果股票跑贏大盤 (Outperform) 的評級，並將目標價定在 300 美元。受到 AI 相關改進的推動，該公司預計蘋果在 2025 年可能賣出逾 2.4 億支 iPhone，創下 iPhone 銷量的新高紀錄。&lt;/p&gt;

&lt;p&gt;該公司觀察到，光是在中國，就有約 1 億支 iPhone 可能在 2025 年準備升級。蘋果即將推出的 iOS 18.2 版本也標誌著其 AI 驅動裝置的新篇章。&lt;/p&gt;

&lt;p&gt;這並非 Ives 首次對蘋果做出 4 兆美元市值的預測。他曾在 2023 年 12 月預測蘋果將在 2024 年底突破此門檻，並認為蘋果於 2024 年 6 月宣布的 AI 相關消息是實現此目標的重要推動力。&lt;/p&gt;

&lt;p&gt;此外，Wedbush 認為輝達將在 2025 年加入蘋果，成為另一間市值達 4 兆美元的公司。今年 10 月初及 6 月期間，這間 AI 晶片製造商曾一度超越蘋果，躍居全球最有價值企業榜首，但隨後雙雙被微軟 (Microsoft)(MSFT-US) 超越。&lt;/p&gt;
",1,1,據 Wedbush Securities 分析師 Dan Ives 的預測，蘋果有望在 2025 年成為首間市值達到 4 兆美元的公司，其次是人工智慧 (AI) 領域最受矚目企業輝達。,1,"['US-AAPL', 'US-NVDA', 'US-MSFT']",,0,0,"['USS:AAPL:STOCK:COMMON', 'USS:NVDA:STOCK:COMMON', 'USS:MSFT:STOCK:COMMON']",,0,"['蘋果', '市值', '輝達', 'iPhone']",1,1730350804,"{'xs': {'src': 'https://cimg.cnyes.cool/prod/news/5758664/xs/773ad94f5fae94b2f0f461520f7d75ee.jpg', 'width': 100, 'height': 56}, 's': {'src': 'https://cimg.cnyes.cool/prod/news/5758664/s/773ad94f5fae94b2f0f461520f7d75ee.jpg', 'width': 180, 'height': 101}, 'm': {'src': 'https://cimg.cnyes.cool/prod/news/5758664/m/773ad94f5fae94b2f0f461520f7d75ee.jpg', 'width': 380, 'height': 214}, 'l': {'src': 'https://cimg.cnyes.cool/prod/news/5758664/l/773ad94f5fae94b2f0f461520f7d75ee.jpg', 'width': 640, 'height': 360}, 'xl': {'src': 'https://cimg.cnyes.cool/prod/news/5758664/xl/773ad94f5fae94b2f0f461520f7d75ee.jpg', 'width': 960, 'height': 539}, 'xxl': {'src': 'https://cimg.cnyes.cool/prod/news/5758664/xxl/773ad94f5fae94b2f0f461520f7d75ee.jpg', 'width': 1080, 'height': 607}}",,831,美股雷達,,[],[],0,0,0,"[{'code': 'AAPL', 'name': '蘋果', 'symbol': 'USS:AAPL:STOCK'}, {'code': 'NVDA', 'name': '輝達', 'symbol': 'USS:NVDA:STOCK'}, {'code': 'MSFT', 'name': '微軟', 'symbol': 'USS:MSFT:STOCK'}]"
5759089,兩年多首見！韓Q3乘用車出口額衰退4.7% 現代汽車財報早現全球市況複雜端倪,"&lt;p&gt;最新數據顯示，今年第三季南韓乘用車出口額年減 4.7% 至 140 億美元，為 2022 年第一季以來首度出現負成長，主要因為中型燃油車和電動車銷售低迷不振，而這一數據恰好也能解釋該國巨擘現代汽車第三季營收創高利潤卻下滑的情形。&lt;/p&gt;

&lt;p&gt;根據南韓海關今 (31) 日公布的數據，在新能源汽車方面，電動車和插電式混動車出口額大幅減少，油電混合汽車出口額則年增 71.3% 至 30.1 億美元，創歷年同期新高紀錄。與此同時，南韓第三季乘用車進口額年增 12.6% 至 30 億美元，新能源汽車進口額佔 69.3%，佔比創歷史新高。&lt;/p&gt;

&lt;p&gt;上周四 (24 日)，現代汽車公布的第三季財報表現複雜，雖實現歷史最高營收 42.93 兆韓元，年增 4.7%，但季減 4.6% 且營業利潤年減 6.5% 至 3.6 兆韓元，顯示隨著供給變多，全球汽車行業賺錢難度變大了。&lt;/p&gt;

&lt;p&gt;專家表示，現代汽車反映了全球汽車行業當前所面臨的複雜局面，各個車廠的操盤難度正在變大。&lt;/p&gt;

&lt;p&gt;根據現代汽車財報，該公司全球批發銷量在第三季達到 101.2 萬輛，年減 3.2%，主要因為全球經濟放緩對工業需求形成壓制，各個市場的表現並不均衡，北美市場的強勁增長與歐洲的銷量下滑形成了鮮明對比。&lt;/p&gt;

&lt;p&gt;現代汽車在第三季取得的營收成長歸功三大因素，高附加價值車款如 Genesis 系列與混合動力車的暢銷，大大推動整體收入，且匯率的有利波動也助推營收成長。此外，SUV 市場的持續擴展也是一大推動力。&lt;/p&gt;

&lt;p&gt;但由於成本上升，使得現代汽車未能在第三季保持利潤成長，銷售及管理費用上升至 11.5%，與去年同期相比增加 0.2 個百分點，尤其是勞動成本增加對獲利率形成壓力。&lt;/p&gt;

&lt;p&gt;此外，北美市場的 Grand Santa Fe 車款主動保修延長措施，也導致現代汽車提撥約 3200 億韓元資金，帶來直接影響，但若排除資金提撥，營業利潤將達 3.9 兆韓元，與市場預期基本一致。&lt;/p&gt;

&lt;p&gt;現代汽車第三季電動車銷量有所下降，但混合動力電動車銷量成長 40% 以上，現代汽車正重新評估自身在全球電動車市場的定位。&lt;/p&gt;
",1,1,,1,[],,0,0,"['FX:KRWUSD:FOREX:COMMON', 'FX:USDKRW:FOREX:COMMON']",,0,"['乘用車', '南韓', '現代汽車', '財報', '衰退']",0,1730348885,"{'xs': {'src': 'https://cimg.cnyes.cool/prod/news/5759089/xs/036c7ac23bbe483cf85c1edf3e0b3cb6.jpg', 'width': 100, 'height': 56}, 's': {'src': 'https://cimg.cnyes.cool/prod/news/5759089/s/036c7ac23bbe483cf85c1edf3e0b3cb6.jpg', 'width': 180, 'height': 101}, 'm': {'src': 'https://cimg.cnyes.cool/prod/news/5759089/m/036c7ac23bbe483cf85c1edf3e0b3cb6.jpg', 'width': 380, 'height': 214}, 'l': {'src': 'https://cimg.cnyes.cool/prod/news/5759089/l/036c7ac23bbe483cf85c1edf3e0b3cb6.jpg', 'width': 640, 'height': 360}, 'xl': {'src': 'https://cimg.cnyes.cool/prod/news/5759089/xl/036c7ac23bbe483cf85c1edf3e0b3cb6.jpg', 'width': 960, 'height': 539}, 'xxl': {'src': 'https://cimg.cnyes.cool/prod/news/5759089/xxl/036c7ac23bbe483cf85c1edf3e0b3cb6.jpg', 'width': 1080, 'height': 607}}",,832,歐亞股,,[],[],0,0,0,
5758967,歐美網通庫存估年底見底 台網通廠明年迎WiFi 7、10G PON雙主流換機潮,"&lt;p&gt;在經歷一年多的庫存去化後，網通產業即將迎來新一波成長契機，法人指出，隨著全球家戶寬頻網路在 2025 年邁向 WiFi 7 和 10G PON 新世代，國際電信業者已開始啟動設備升級採購，台廠可望受惠。&lt;/p&gt;

&lt;p&gt;根據市場調查，包括美國 Verizon、AT&amp;T、T-Mobile 與 Comcast 等主要電信商近期均表示，將加強固網寬頻與 FWA 業務布局。歐洲大廠瑞典愛立信與芬蘭諾基亞也指出，印度電信設備需求已趨於正常化。&lt;/p&gt;

&lt;p&gt;德國電信率先釋出大單，規劃 2025 至 2027 年大規模投資光纖網路，預計 2027 年前光纖網路可供裝家戶每年淨增 250 萬戶，總戶數將達 1,750 萬戶，智易 (3596-TW) 和達發已搶下德國電信 WiFi 7 的 10G PON 大單，其他包括中磊 (5388-TW)、啟碁 (6285TW-)、合勤控 (3704-TW) 也積極布局。&lt;/p&gt;

&lt;p&gt;法人預期，在 AI 應用逐漸擴大帶動網路需求提升下，網通產業明年將逐步回升。其中，歐洲客戶開始以急單、短單方式回補庫存，包括 WiFi 7、10G PON 等新產品替換需求，，印度寬頻基礎建設也持續推進，5G FWA 出貨可望進一步放大。&lt;/p&gt;

&lt;p&gt;10G PON 上傳及下載傳輸速度可達 10Gbps，WiFi 7 傳輸速度更可望達 40Gbps，是 WiFi 6E 的四倍。因應 AI 等創新應用，傳輸需求從 1Gbps 邁向 10Gbps，2025 年將成為超高速元年。&lt;/p&gt;

&lt;p&gt;中磊表示，企業及網通客戶設備調整將持續至 2024 年底，隨後在 10G PON、DOCSIS 4.0 及 WiFi 7 驅動下，2025 年可望重回成長軌道；合勤控已在 10G PON 累積百萬台出貨實績，WiFi 7 高階產品也已在今年下半年交貨。&lt;/p&gt;

&lt;p&gt;此外，AI 應用逐漸擴大也帶動網路需求提升，從上游晶片、電信設備到資料中心交換器都將受惠。在中企於美國發展受限的情況下，台廠更可望因去中化趨勢搶占美國基建商機。&lt;/p&gt;
",1,1,在經歷一年多的庫存去化後，網通產業即將迎來新一波成長契機，法人指出，隨著全球家戶寬頻網路在 2025 年邁向 WiFi 7 和 10G PON 新世代，國際電信業者已開始啟動設備升級採購，台廠可望受惠。,1,[],,0,0,"['TWS:3596:STOCK:COMMON', 'TWS:5388:STOCK:COMMON', 'TWS:3704:STOCK:COMMON']",,0,"['網通', '中磊', '智易', '啟碁', '合勤控']",1,1730348402,"{'xs': {'src': 'https://cimg.cnyes.cool/prod/news/5758967/xs/13b3f95eda3df959d78a5bba57f8a712.jpg', 'width': 100, 'height': 56}, 's': {'src': 'https://cimg.cnyes.cool/prod/news/5758967/s/13b3f95eda3df959d78a5bba57f8a712.jpg', 'width': 180, 'height': 101}, 'm': {'src': 'https://cimg.cnyes.cool/prod/news/5758967/m/13b3f95eda3df959d78a5bba57f8a712.jpg', 'width': 380, 'height': 214}, 'l': {'src': 'https://cimg.cnyes.cool/prod/news/5758967/l/13b3f95eda3df959d78a5bba57f8a712.jpg', 'width': 640, 'height': 360}, 'xl': {'src': 'https://cimg.cnyes.cool/prod/news/5758967/xl/13b3f95eda3df959d78a5bba57f8a712.jpg', 'width': 960, 'height': 540}, 'xxl': {'src': 'https://cimg.cnyes.cool/prod/news/5758967/xxl/13b3f95eda3df959d78a5bba57f8a712.jpg', 'width': 1080, 'height': 608}}",,827,台股新聞,,[],[],0,0,0,"[{'code': '3596', 'name': '智易', 'symbol': 'TWS:3596:STOCK'}, {'code': '5388', 'name': '中磊', 'symbol': 'TWS:5388:STOCK'}, {'code': '3704', 'name': '合勤控', 'symbol': 'TWS:3704:STOCK'}]"
5758329,資本、獲利令人滿意 中華信評：富壽、富邦金評等展望「穩定」,"&lt;p&gt;中華信評發布報告，確認富邦人壽與富邦金控 (2881-TW) 長期評等的評等展望為「穩定」。中華信評表示，儘管易受資本市場波動的影響，富邦人壽未來 2 年的資本與獲利水準將維持在令人滿意的水準，富壽的投資槓桿與外匯風險高於亞太區同業，但此為台灣壽險業的普遍現象。&lt;/p&gt;

&lt;p&gt;中華信評確認富邦人壽的長期發行體信用評等與財務實力評等均為「twAA+」，並確認該公司無擔保次順位公司債券的長期債務發行信用評等為「twAA」。與此同時，中華信評確認富邦金 (2881-TW) 的長期發行體信用評等為「twAA」，短期發行體信用評等為「twA-1+」。&lt;/p&gt;

&lt;p&gt;中華信評指出，由於股票市場估值增加，富邦人壽的總調整後資本於 2023 年與 2024 年上半年期間有明顯增加。&lt;/p&gt;

&lt;p&gt;中華信評指出，富邦人壽於 2023 年與 2024 年上半年致力於控管避險成本，加上美元持續走強，外匯風險因而升高，2024 年第三季新台幣兌美元升值期間，富壽提高避險比率。中華信評認為，富邦人壽應可維持有效的風險管理機制，以防止資本與獲利出現大幅減降，同時動態的方式管理其外匯風險部位。&lt;/p&gt;

&lt;p&gt;富邦人壽與富邦金控獲得「穩定」的評等展望，中華信評認為，未來一至二年富邦人壽將持續帶動該金控集團的集團信用結構，同時其他主要子公司將維持穩定的信用結構。&lt;/p&gt;

&lt;p&gt;中華信評認為，富壽有所提升的資本強度將有助於其管理市場波動對資本與獲利所造成的負面影響。此外，預期該公司將在其資本與獲利能力未受到削弱的情況下滿足額外的成長所需相關資本需求。&lt;/p&gt;

&lt;p&gt;資本需求可能用於吸收其投資標的之市場價格波動、挹助海外子公司資本、以及追求進一步自身成長。此外，中華信評認為，富壽應可在不影響其資本強度的情況下，藉由主動調整其避險策略管理其外匯風險。&lt;/p&gt;

&lt;p&gt;中華信評將台北富邦銀行合併後的資本與獲利能力評估結果由「強健」調整至「允當」等級，可能因為該行積極的風險性資產累積，特別是在風險較高的市場 (如中國) 或是股票投資部位增加。若北富銀的獲利不足以支持成長，則該行的資本與獲利能力亦可有能惡化之虞。&lt;/p&gt;
",1,1,中華信評發布報告，確認富邦人壽與富邦金控 (2881-TW) 長期評等的評等展望為「穩定」。中華信評表示，儘管易受資本市場波動的影響，富邦人壽未來 2 年的資本與獲利水準將維持在令人滿意的水準,1,['2881'],,0,0,"['TWS:2881:STOCK:COMMON', 'FX:USDTWD:FOREX:COMMON']",,0,"['富邦金', '富邦人壽', '中華信評']",1,1730347802,"{'xs': {'src': 'https://cimg.cnyes.cool/prod/news/5758329/xs/2a88a29c4ce8fde1f192833e654d781c.jpg', 'width': 100, 'height': 56}, 's': {'src': 'https://cimg.cnyes.cool/prod/news/5758329/s/2a88a29c4ce8fde1f192833e654d781c.jpg', 'width': 180, 'height': 101}, 'm': {'src': 'https://cimg.cnyes.cool/prod/news/5758329/m/2a88a29c4ce8fde1f192833e654d781c.jpg', 'width': 380, 'height': 214}, 'l': {'src': 'https://cimg.cnyes.cool/prod/news/5758329/l/2a88a29c4ce8fde1f192833e654d781c.jpg', 'width': 640, 'height': 360}, 'xl': {'src': 'https://cimg.cnyes.cool/prod/news/5758329/l/2a88a29c4ce8fde1f192833e654d781c.jpg', 'width': 640, 'height': 360}, 'xxl': {'src': 'https://cimg.cnyes.cool/prod/news/5758329/l/2a88a29c4ce8fde1f192833e654d781c.jpg', 'width': 640, 'height': 360}}",,827,台股新聞,,[],[],0,0,0,"[{'code': '2881', 'name': '富邦金', 'symbol': 'TWS:2881:STOCK'}]"
5758870,獎勵措施多、基礎設施增 美國電動車銷量超越歐盟,"&lt;p&gt;New AutoMotive 全球電動車追蹤器 (GEVT) 數據顯示，美國車廠在 2024 年第三季創下了 34.4 萬輛電動車的銷售紀錄。該里程碑反映了全球電動車市場的轉變，因為美國加快了電氣化，電動車銷量超過了歐盟。&lt;/p&gt;

&lt;p&gt;美國車市在某種程度上回到了自然秩序，愈來愈多消費者開始接受電動車，最近銷售數據反映了大幅成長。這表明電動車不再只是利基產品，而是成為主流。&lt;/p&gt;

&lt;p&gt;而歐盟雄心勃勃的排放標準愈來愈受爭議。雖然因有力的獎勵措施、支持性政策和更高的燃料成本，歐洲歷來在電動車購買方面處於領先，但最近的一些變化，例如補貼減少與中國的貿易緊張，影響了歐洲車廠的供應鏈和成本結構，使其難以與更便宜的中國進口車競爭。&lt;/p&gt;

&lt;p&gt;據 Tavares 等公司，比亞迪、蔚來、上汽、長城和奇瑞等中國製造商正在製造更先進的電動車，成本比歐洲汽車製造商低 30%，售價接近燃油車。&lt;/p&gt;

&lt;p&gt;中國成熟電動車品牌的崛起，推動歐洲製造商重新評估其策略。這正是包括福斯、Stellantis 和 Mercedes-Benz 在內的歐洲大型車廠在電動車生產和獲利能力方面面臨挫折，導致計劃中的電動車推廣延遲甚至停止的原因。&lt;/p&gt;

&lt;p&gt;對消費者來說，更高的電動車價格和基礎設施問題產生了猶豫。雖然歐洲的充電網絡很大，但分布不均勻，農村和較不富裕地區持續存在基礎設施差距。&lt;/p&gt;

&lt;p&gt;&lt;em&gt;&lt;strong&gt;美國電動車迎來轉折&lt;/strong&gt;&lt;/em&gt;&lt;/p&gt;

&lt;p&gt;儘管圍繞電動車有各種政治噪音，也有負面新聞，但美國製造商在銷售其電動車方面正迎來轉折。據 Cox Automotive，2024 年第三季美國估計售出 344,086 輛電動車，比第二季增加了 5%。第三季銷售額達到 8.9%，創下最高水平，高於 2023 年第三季的 7.8%。&lt;/p&gt;

&lt;p&gt;在第三季，美國電動車的獎勵和折扣有所提高，這有助於推動銷售。如果汽車是租賃而非購買，任何車型都有資格獲得 7,500 美元的稅收抵免，這促進了電動車租賃。在第三季度，獎勵措施平均超過平均交易價格的 12%，遠高於產業平均約 7%。&lt;/p&gt;

&lt;p&gt;Cox Automotive 產業洞察總監 Stephanie Valdez Streaty 表示，「雖然年比增長放緩，但美國的電動車銷量持續上升。成長部分受到獎勵和折扣的推動；但隨著更實惠的電動車進入市場和基礎設施的改善，我們可以期待未來幾年更多消費者購買電動車。」&lt;/p&gt;

&lt;p&gt;美國正處於電動車採用的轉折點，尤其是像通用汽車這樣的傳統製造商取得了顯著進展。特斯拉、通用、現代汽車的電動車成為美國電動車市的亮點。&lt;/p&gt;

&lt;p&gt;美國銷量之所以能超過歐洲，其更大的車市規模也扮演重要角色。與歐盟相比，2023 年美國銷量要多出 300 多萬輛，更大的規模可以推動電動車的銷量更高，即使電動車的總銷量占比較小。&lt;/p&gt;

&lt;p&gt;此外，美國消費者情緒的轉變可能受到多種因素的影響，包括增加車型可用性、改善充電基礎設施及旨在降低電動車擁有成本的政府獎勵措施。美國在電池生產、充電基礎設施和政策方面進行了大量投資，這似乎使其有能力保持在電動車銷售方面的領先地位。&lt;/p&gt;

&lt;p&gt;不過，市場研究公司 Rho Motion 數據經理 Charles Lester 表示，由於美國將於 11 月 5 日舉行大選，雙方對電動車態度不一，電動車的未來走勢也會有變數。&lt;/p&gt;

&lt;p&gt;歐洲方面，儘管多年來一直對電動車持友善態度，但最近也遇到一些問題，電動車的未來發展前景似乎更加複雜。雖然預計銷量將繼續上升，但經濟和政治壓力，以及來自中國電動車的競爭，正在為該行業大型汽車公司帶來挑戰，從而影響電動車的普及速度。&lt;/p&gt;

&lt;p&gt;據 ACEA 的數據，今年第三季，歐盟電動車的註冊量為 335,034 輛，比去年同期低 5.8%。&lt;/p&gt;

&lt;p&gt;其實，歐洲大部地區的銷量仍在成長。 9 月多個歐洲國家的電動車銷量實現了 30% 以上的年增長，包括比利時、丹麥、義大利和葡萄牙等國。其中，匈牙利、馬爾他、荷蘭和西班牙的增幅更高，較去年同期上漲 50%。德國在今年稍早取消電動車補貼後，銷量年增幅相對較小，僅 8.7%。&lt;/p&gt;

&lt;p&gt;此外，歐盟監管環境也增加了電動車發展的不確定性。歐盟 2035 年禁止銷售燃油車的政策正面臨一些歐洲最大經濟體的抵制，這些經濟體主張採取較溫和的排放標準。如果這些努力獲得支持，歐洲可能會看到電動車成長放緩或更不均衡。&lt;/p&gt;
",1,1,美國車廠在 2024 年第三季創下了 34.4 萬輛電動車的銷售紀錄。該里程碑反映了全球電動車市場的轉變，因為美國加快了電氣化，電動車銷量超過了歐盟。,1,[],,0,0,[],,0,"['電動車', '歐盟', '美國']",0,1730347204,"{'xs': {'src': 'https://cimg.cnyes.cool/prod/news/5758870/xs/249eed9e89a85bfab7cda8ff741cb475.jpg', 'width': 100, 'height': 56}, 's': {'src': 'https://cimg.cnyes.cool/prod/news/5758870/s/249eed9e89a85bfab7cda8ff741cb475.jpg', 'width': 180, 'height': 101}, 'm': {'src': 'https://cimg.cnyes.cool/prod/news/5758870/m/249eed9e89a85bfab7cda8ff741cb475.jpg', 'width': 380, 'height': 214}, 'l': {'src': 'https://cimg.cnyes.cool/prod/news/5758870/l/249eed9e89a85bfab7cda8ff741cb475.jpg', 'width': 640, 'height': 360}, 'xl': {'src': 'https://cimg.cnyes.cool/prod/news/5758870/xl/249eed9e89a85bfab7cda8ff741cb475.jpg', 'width': 960, 'height': 540}, 'xxl': {'src': 'https://cimg.cnyes.cool/prod/news/5758870/xxl/249eed9e89a85bfab7cda8ff741cb475.jpg', 'width': 1080, 'height': 608}}",,831,美股雷達,,[],[],0,0,0,
5759048,鈺齊擬發行CB籌資逾10億元 交易所競拍系統今天起接受投標,"&lt;p&gt;在品牌客戶庫存調節已告一段落，帶動製鞋廠訂單回升，預期各家鞋廠下半年營運可望優於上半年，包括志強 - KY(6768-TW) 及鈺齊 - KY(9802-TW) 在下半年都有積極籌資動作，其中鈺齊擬發行國內第六次無擔保轉換公司債，將對外發行 1 萬張，募集金額逾 10 億元，此一可轉債將採競價拍賣方式承銷，今 (31) 日起開始競價拍賣。&lt;/p&gt;

&lt;p&gt;今天台灣金融市場因康芮來襲而休市，但鈺齊擬發行國內第六次無擔保轉換公司債券商國票證券則指出，競價拍賣期間如遇颱風致集中交易市場休市時，欲參與投標的投資人仍可透過證交所的有價證券競價拍賣系統進行投標。&lt;/p&gt;

&lt;p&gt;「鈺齊六 KY」於 10 月 31 日起開始受理競價拍賣作業，投標期間為 10 月 31 日至 11 月 4 日共三日，11 月 6 日開標，11 月 15 日掛牌。&lt;/p&gt;

&lt;p&gt;「鈺齊六 KY」發行總張數為 1 萬張，依法扣除承銷團自行認購 1500 張外，其餘 8,500 張將採競價拍賣方式承銷，競拍底價為 100 元，轉換溢價率 102%，轉換價格為 112.9 元，每人最高得標張數合計不超過 850 張。&lt;/p&gt;

&lt;p&gt;同時，鈺齊另以發行 1 萬張張現增股籌資，將在 11 月 11 日除權交易，暫訂以每股 100 元溢價發行，也將自市場募集 10 億元，原股東及特定人繳款結束時間在 2025 年 1 月 6 日；等於鈺齊 &ndash; KY 此次的現增加上 CB，將自市場籌資逾 20 億元，鈺齊籌資預計資金將用於償還銀行借款及充實營運資金。&lt;/p&gt;

&lt;p&gt;鈺齊 - KY 自結 2024 年前三季營收 102.23 元，毛利率 18.5%，年減 0.7 個百分點， 2024 年前三季稅後純益 7.92 億元，年減 44.8%，每股純益達 4.16 元。&lt;/p&gt;

&lt;p&gt;鈺齊集團成立近三十年，已跟五十餘家國際知名品牌建立起堅實合作夥伴關係，在多元運動休閒領域，共同協力開發多樣式鞋款，以滿足各種品牌愛好者需求，目前鈺齊主要開發代工品牌計有 Altra、Engelbert Strauss、La Sportiva、Meindl、MERRELL、NNormal、ON Running、Salewa、The North Face、Timberland、VANS 等。&lt;/p&gt;
",1,1,鞋廠包括志強 - KY 及鈺齊 - KY 在下半年都有積極籌資動作，其中鈺齊擬發行國內第六次無擔保轉換公司債，將對外發行 1 萬張，募集金額逾 10 億元，此一可可轉債將採競價拍賣方式承銷，今 (31) 日起開始競價拍賣。,1,"['6768', '9802']",,0,0,"['TWS:6768:STOCK:COMMON', 'TWS:9802:STOCK:COMMON']",,0,"['志強-KY', '鈺齊-KY', 'CB', '籌資', '競拍']",1,1730346633,"{'xs': {'src': 'https://cimg.cnyes.cool/prod/news/5759048/xs/8a97e28c0d3c0d56eeb99a8de233fad1.jpg', 'width': 100, 'height': 56}, 's': {'src': 'https://cimg.cnyes.cool/prod/news/5759048/s/8a97e28c0d3c0d56eeb99a8de233fad1.jpg', 'width': 180, 'height': 101}, 'm': {'src': 'https://cimg.cnyes.cool/prod/news/5759048/m/8a97e28c0d3c0d56eeb99a8de233fad1.jpg', 'width': 380, 'height': 214}, 'l': {'src': 'https://cimg.cnyes.cool/prod/news/5759048/l/8a97e28c0d3c0d56eeb99a8de233fad1.jpg', 'width': 640, 'height': 360}, 'xl': {'src': 'https://cimg.cnyes.cool/prod/news/5759048/xl/8a97e28c0d3c0d56eeb99a8de233fad1.jpg', 'width': 960, 'height': 540}, 'xxl': {'src': 'https://cimg.cnyes.cool/prod/news/5759048/xl/8a97e28c0d3c0d56eeb99a8de233fad1.jpg', 'width': 960, 'height': 540}}",,827,台股新聞,,[],[],0,0,0,"[{'code': '6768', 'name': '志強-KY', 'symbol': 'TWS:6768:STOCK'}, {'code': '9802', 'name': '鈺齊-KY', 'symbol': 'TWS:9802:STOCK'}]"
5758966,馬斯克專訪：4年後AI能力相當全人類 未來2年內發射無人Starship去火星 10年內登陸火星,"&lt;p&gt;10 月 29 日，利雅德的阿卜杜勒阿齊茲國王國際會議中心，第八屆未來投資倡議峰會期間舉辦了特別對話會「AI 的未來」，特斯拉 (TSLA-US) 執行長馬斯克 (Elon Muck)作為演講嘉賓與 XPRIZE 基金會創辦人兼執行主席彼得 &middot; 戴曼迪斯博士展開了一場對話。對話中，馬斯克分享了人工智慧、機器人和自動駕駛等前沿科技的發展預測。&lt;/p&gt;

&lt;h6&gt;AI 進展 &amp; 人形機器人&lt;/h6&gt;

&lt;p&gt;根據馬斯克的分析，AI 運算能力每年提升約 10 倍，預計 4 年後將達到萬倍量級的提升。在技​​術路徑上，預計 1-2 年內 AI 將達到匹配單一人類能力的水平，到 2028-2029 年有望實現相當於全人類 (80 億) 綜合能力的技術突破。他強調，AI 有 80% 到 90% 的可能性能夠造福人類，但同時也警告人們不可忽視其潛在風險。&lt;/p&gt;

&lt;p&gt;在系統架構方面，馬斯克強調了建構「最大程度追求真實性」的 AI 系統的重要性，這也是其創立 XAI 的核心技術概念。&lt;/p&gt;

&lt;p&gt;馬斯克指出，AI 發展目前主要受限於晶片供應，但隨著產業規模擴大，限制因素將轉向電力基礎設施，特別是變壓器安裝和能源供應。從能源利用效率來看，根據卡爾達肖夫文明等級評估，當前人類文明的能源利用水準可能不到一級文明標準的 1%。長期來看，運算力將成為能源分配的主要方向，而太陽能因其巨大潛力將成為算力基礎設施的核心能源來源。在基礎設施佈局方面，AI 計算集群將成為與電網同等重要的國家基礎設施。&lt;/p&gt;

&lt;p&gt;關於人形機器人，馬斯克預測 2040 年，人形機器人數量將超過人類數量，可能達到至少 100 億個，每台機器人的價格預計將降至 2-2.5 萬美元。 Tesla 計畫從 2025 年開始小規模生產 Optimus 機器人，2026 年實現規模化生產。&lt;/p&gt;

&lt;h6&gt;自動駕駛技術&nbsp;CyberCab 無人駕駛計程車&lt;/h6&gt;

&lt;p&gt;特斯拉預計在 2025 年第二季實現超越人類安全水平的無人監督全自動駕駛，並計劃從加州和德州開始推廣。&lt;/p&gt;

&lt;p&gt;特斯拉的全自動駕駛技術預計明年在美國應用於 Model 3 和 Model Y。所以無需專門等待無人計程車或 Cyber​​Cab，特斯拉很快就會推出完全自動駕駛功能。&lt;/p&gt;

&lt;p&gt;到 2024 年底，特斯拉預計將有 90-950 萬輛汽車在路上行駛，新型無方向盤和踏板的 Cyber​​Cab 預計在 2026 年實現量產，並強調自動駕駛技術將在明年實現商業應用。馬斯克預測自動駕駛技術最終將比人類駕駛安全 10 倍。&lt;/p&gt;

&lt;h6&gt;SpaceX 火星計畫&lt;/h6&gt;

&lt;p&gt;關於 SpaceX 的火星計畫，馬斯克表示 SpaceX 計劃利用約 26-27 個月後的火星發射窗口期，發射無人駕駛的 Starship 飛往火星，若一切順利，之後再過兩年內計劃載人登陸火星。技術挑戰主要集中在發射系統最佳化和著陸精度控制等方面。十年結束前登上火星，聽起來是個合理的目標。&lt;/p&gt;
",1,1,10 月 29 日，利雅德的阿卜杜勒阿齊茲國王國際會議中心，第八屆未來投資倡議峰會期間舉辦了特別對話會「AI 的未來」，特斯拉 (TSLA-US) 執行長馬斯克分享了人工智慧、機器人和自動駕駛等前沿科技的發展預測。,1,['US-TSLA'],,0,0,['USS:TSLA:STOCK:COMMON'],,0,"['馬斯克', '自動駕駛', 'spacex', '美股', '科技', 'AI']",0,1730346443,"{'xs': {'src': 'https://cimg.cnyes.cool/prod/news/5758966/xs/45d4a854558575b3fd098dbe80ed278f.jpg', 'width': 100, 'height': 56}, 's': {'src': 'https://cimg.cnyes.cool/prod/news/5758966/s/45d4a854558575b3fd098dbe80ed278f.jpg', 'width': 180, 'height': 101}, 'm': {'src': 'https://cimg.cnyes.cool/prod/news/5758966/m/45d4a854558575b3fd098dbe80ed278f.jpg', 'width': 380, 'height': 214}, 'l': {'src': 'https://cimg.cnyes.cool/prod/news/5758966/l/45d4a854558575b3fd098dbe80ed278f.jpg', 'width': 640, 'height': 360}, 'xl': {'src': 'https://cimg.cnyes.cool/prod/news/5758966/xl/45d4a854558575b3fd098dbe80ed278f.jpg', 'width': 960, 'height': 539}, 'xxl': {'src': 'https://cimg.cnyes.cool/prod/news/5758966/xxl/45d4a854558575b3fd098dbe80ed278f.jpg', 'width': 1080, 'height': 607}}",,831,美股雷達,,"[{'name': '股票-美國大型', 'categoryAbbrId': 'C65'}, {'name': '產業-科技', 'categoryAbbrId': 'C37'}]",[],0,0,0,"[{'code': 'TSLA', 'name': '特斯拉', 'symbol': 'USS:TSLA:STOCK'}]"
5759115,中國車企財報「冰火兩重天」：迪王首超特斯拉 傳統車企黯淡,"&lt;p&gt;10 月 30 日晚間，比亞迪 (002594-CN)(01211-HK)、賽力斯 (601127-CN)、上汽集團 (600104-CN)、廣汽集團等中國車企公布第三季業績報告，呈現出冰火兩重天的態勢。&lt;/p&gt;

&lt;p&gt;比亞迪憑藉強勁的銷量，實現營收、淨利潤雙雙增長。第三季實現營收 2011.25 億元，超同期特斯拉的 251.82 億美元（約合 1800 億元人民幣），這是比亞迪季度營收首次超過特斯拉。&lt;/p&gt;

&lt;p&gt;比亞迪公告顯示，今年前三季實現營收 5022.5 億元，同比增長 18.94%；淨利潤 252.4 億元，同比增長 18.1%。其中第三季實現營收 2011.25 億元，同比增長 24.04%；淨利潤為 116.07 億元，同比增長 11.47%。&lt;/p&gt;

&lt;p&gt;賽力斯前三季實現營收 1066.27 億元，同比增長 539.24%；淨利潤為 40.38 億元，同比扭虧為盈。其中第三季營收為 415.82 億元，同比增長 636.25%；淨利潤 24.13 億元，同比扭虧為盈。&lt;/p&gt;

&lt;p&gt;在華為加持下，賽力斯實現了 2019 年以來的首次第三季盈利，並保持著可觀的銷量規模。&lt;/p&gt;

&lt;p&gt;相比於賽力斯的亮眼業績，當晚披露三季報的上汽集團、廣汽集團略顯遜色。受燃油車業務拖累，上汽集團和廣汽集團業績下滑。&lt;/p&gt;

&lt;p&gt;上汽集團三季報顯示，今年前三季公司實現營業收入 4196.46 億元，同比下降 17.39%；淨利潤 69.07 億元，同比下降 39.45%。&lt;/p&gt;

&lt;p&gt;其中，上汽集團第三季實現營業收入 1425.6 億元，同比下滑 25.58%；淨利潤為 2.8 億元，同比下滑 93.53%。&lt;/p&gt;

&lt;p&gt;同日，廣汽集團也披露三季報，前三季實現營收 740.4 億元，同比下降 24.18%；淨利潤 1.2 億元，同比下降 97.34%。其中，第三季營收 282.33 億元，同比下降 21.73%；淨利潤虧損 13.96 億元。&lt;/p&gt;

&lt;p&gt;對於業績的下滑，廣汽集團表示，主要是報告期汽車銷量同比下滑、盈利下降，合營企業優化冗餘產能一次性開支，匯率變動引起匯兌損失增加等導致淨利潤同比減少等綜合所致。&lt;/p&gt;
",1,1,10 月 30 日晚間，比亞迪 (002594-CN)(01211-HK)、賽力斯 (601127-CN)、上汽集團 (600104-CN)、廣汽集團等中國車企公布第三季業績報告，呈現出冰火兩重天的態勢。,1,"['HK-01211', 'CN-002594', 'CN-601127', 'CN-600104']",,0,0,"['CNS:002594:STOCK:COMMON', 'CNS:601127:STOCK:COMMON', 'CNS:600104:STOCK:COMMON', 'HKS:01211:STOCK:COMMON', 'FX:CNYUSD:FOREX:COMMON']",,0,"['比亞迪', '上汽', '廣汽', '賽力斯', '中國車企', '財報']",0,1730365203,"{'xs': {'src': 'https://cimg.cnyes.cool/prod/news/5759115/xs/365034e185bcf062b9fb43c3bd20e5f0.jpg', 'width': 100, 'height': 56}, 's': {'src': 'https://cimg.cnyes.cool/prod/news/5759115/s/365034e185bcf062b9fb43c3bd20e5f0.jpg', 'width': 180, 'height': 101}, 'm': {'src': 'https://cimg.cnyes.cool/prod/news/5759115/m/365034e185bcf062b9fb43c3bd20e5f0.jpg', 'width': 380, 'height': 214}, 'l': {'src': 'https://cimg.cnyes.cool/prod/news/5759115/l/365034e185bcf062b9fb43c3bd20e5f0.jpg', 'width': 640, 'height': 360}, 'xl': {'src': 'https://cimg.cnyes.cool/prod/news/5759115/xl/365034e185bcf062b9fb43c3bd20e5f0.jpg', 'width': 960, 'height': 539}, 'xxl': {'src': 'https://cimg.cnyes.cool/prod/news/5759115/xxl/365034e185bcf062b9fb43c3bd20e5f0.jpg', 'width': 1080, 'height': 607}}",,835,A股,,[],[],0,0,0,"[{'code': '002594', 'name': '比亞迪', 'symbol': 'CNS:002594:STOCK'}, {'code': '601127', 'name': '小康股份', 'symbol': 'CNS:601127:STOCK'}, {'code': '600104', 'name': '上汽集團', 'symbol': 'CNS:600104:STOCK'}, {'code': '01211', 'name': '比亞迪股份', 'symbol': 'HKS:01211:STOCK'}]"
5759360,債券ETF持債票息比一比！前3名都是非投等債 00953B逾8%最高,"&lt;p&gt;搶降息投資契機，債券 ETF 近期交易熱絡持續火熱，根據 CMONEY 統計資料顯示，近期上市櫃成交量前十名中，債券 ETF 就占了一半。進一步觀察投信發行的 95 檔債券 ETF 持債票息 (成分債息率)，平均有 4.61%，再以單檔排行來看，有 27 檔持債票息在 5% 以上，其中，群益優選非投等債 (00953B-TW)8.24% 最佳，表現出色，前三名皆為非投等債相關 ETF。&lt;/p&gt;

&lt;figure&gt;&lt;img data-height=&quot;503&quot; data-mime=&quot;image/jpeg&quot; data-ratio=&quot;1.510934393638171&quot; data-src-m=&quot;https://cimg.cnyes.cool/prod/news/5759360/m/7bcd68458f216a4d6e1681b58a62828c.jpg&quot; data-width=&quot;760&quot; src=&quot;https://cimg.cnyes.cool/prod/news/5759360/l/7bcd68458f216a4d6e1681b58a62828c.jpg&quot;&gt;&lt;/figure&gt;

&lt;p&gt;觀察債券 ETF 持債票息前十名，00953B 以&nbsp;8.24% 奪冠，凱基美國非投等債 (00945B-TW) 亦在 8% 以上居次，第三則是富邦全球非投等債 (00741B-TW)，票息為 7.08%。此外，00959B、00726B、00727B、00950B、00710B 等五檔債券 ETF 票息均在 6% 以上，表現也不俗。&lt;/p&gt;

&lt;p&gt;據了解，00953B 是台灣首檔票面利率鎖定 6% 以上的債券 ETF 新兵，將在 11 月 7 日進行首次配息，預計每股配發 0.07 元，若以 10/30 收盤價來看，預估年化配息率有 8.28%，想參與 00953B 本次領息的投資人，最後買進日為 11 月 6 日。&lt;/p&gt;

&lt;p&gt;大華投等美債 15Y+(00959B-TW) 為每月配息，每單位 0.055 元，以 29 日收盤價 9.9 元計算，單次配息率約為 0.56%，年化配息率為 6.69%。不過，00959B 原定 10/31 進行除息，因適逢颱風假，台北股市休市，將順延一日除息，投資人預計可在 11/22 領到收益分配。&lt;/p&gt;

&lt;p&gt;群益優選非投等債 ETF 經理人李忠泰指出，目前市場仍預期美國經濟陷入衰退機率不高，而在美國經濟溫和或軟著陸的情況下，搭配聯準會展開有序的預防性降息階段，按照歷史經驗，非投等債的期望報酬與配息能力將優於其他固定收益商品，後市來看，在殖利率仍具吸引力下，穩健資金仍有望持續流入債市，而市場也偏好鎖高利率的券種，當中又以 BB-B 級、鎖定票面利率 6% 以上的成份券、選債機制納入信用因子加權之非投資等級債 ETF 最值得留意。&lt;/p&gt;

&lt;p&gt;美國總統大選在即，債券市場開始反映美國政治及財政方面的不確定性風險，10 月以來 10 年期美債殖利率已經上升超過 40 個基點 (0.40%)。凱基 A 級公司債 (00950B-TW) 基金經理人李暢表示，00950B 能在近期債市逆風中受傷較輕，主要是因存續期間較短，對利率敏感度相對較低，所以在公債殖利率反彈回升走勢中受到的影響可以相對較小。&lt;/p&gt;
",1,1,搶降息投資契機，債券 ETF 近期交易熱絡持續火熱，根據 CMONEY 統計資料顯示，近期上市櫃成交量前十名中，債券 ETF 就占了一半。進一步觀察投信發行的 95 檔債券 ETF 持債票息 (成分債息率),1,[],,0,0,"['GF:US10YY:FUTURES:BOUND', 'TWS:00953B:STOCK:ETF', 'TWS:00945B:STOCK:ETF', 'TWS:00741B:STOCK:ETF', 'TWS:00959B:STOCK:ETF', 'TWS:00950B:STOCK:ETF']",,0,"['債券', 'ETF', '票息', '降息']",1,1730365013,"{'xs': {'src': 'https://cimg.cnyes.cool/prod/news/5759360/xs/fc5d4e784ec73335cb788c717f4314b5.jpg', 'width': 100, 'height': 56}, 's': {'src': 'https://cimg.cnyes.cool/prod/news/5759360/s/fc5d4e784ec73335cb788c717f4314b5.jpg', 'width': 180, 'height': 101}, 'm': {'src': 'https://cimg.cnyes.cool/prod/news/5759360/m/fc5d4e784ec73335cb788c717f4314b5.jpg', 'width': 380, 'height': 214}, 'l': {'src': 'https://cimg.cnyes.cool/prod/news/5759360/l/fc5d4e784ec73335cb788c717f4314b5.jpg', 'width': 640, 'height': 360}, 'xl': {'src': 'https://cimg.cnyes.cool/prod/news/5759360/xl/fc5d4e784ec73335cb788c717f4314b5.jpg', 'width': 960, 'height': 540}, 'xxl': {'src': 'https://cimg.cnyes.cool/prod/news/5759360/xl/fc5d4e784ec73335cb788c717f4314b5.jpg', 'width': 960, 'height': 540}}",,914,ETF,,[],"['TWS:00953B:STOCK', 'TWS:00945B:STOCK', 'TWS:00741B:STOCK', 'TWS:00959B:STOCK', 'TWS:00950B:STOCK']",0,0,0,"[{'code': '00953B', 'name': '群益優選非投等債', 'symbol': 'TWS:00953B:STOCK'}, {'code': '00945B', 'name': '凱基美國非投等債', 'symbol': 'TWS:00945B:STOCK'}, {'code': '00741B', 'name': '富邦全球非投等債', 'symbol': 'TWS:00741B:STOCK'}, {'code': '00959B', 'name': '大華投等美債15Y+', 'symbol': 'TWS:00959B:STOCK'}, {'code': '00950B', 'name': '凱基A級公司債', 'symbol': 'TWS:00950B:STOCK'}]"
5759342,〈房產〉房仲估10月房市交易量年減逾2成起跳 恐較6月高點腰斬,"&lt;p&gt;房市買氣連四降，10 月交易量較 9 月量縮，房仲業者估 10 月全台房市交易量年減逾 2 成起跳，中信房屋總經理張世宗指出， 第七波選擇性信用管制持續發酵，銀行房貸水位依然緊繃，再加上月初山陀兒颱風干擾民眾外出看屋計劃，種種因素共同導致 10 月成交量出現顯著下滑。預計最快要等到明年房貸塞車問題有所改善後，房市才有望回溫。&lt;/p&gt;

&lt;p&gt;據永慶房產集團統計，9 月相比，全台門市交易量月減 7%，台北月減 13%，新北減少 2%，桃園月減 11%，新竹縣市量縮 4%，台中略減 3%，台南與高雄分別月減 5% 與 13%，若以 10 月交易量與 6 月高點相比已腰斬。&lt;/p&gt;

&lt;p&gt;而在與 2023 年；年 10 月同期相比，永慶房屋研展中心副理陳金萍說明，全台房市交易量年減 32%，台北年減 38%，新北量縮 37%，桃園年減 33%，新竹縣市減少 35%，台中年減 36%，台南與高雄則分別年減 11% 與 33%。&lt;/p&gt;

&lt;p&gt;陳金萍表示，8 月銀行房貸緊縮影響，民眾因擔心房貸撥貸不如預期，購屋態度轉趨保守觀望，房市買氣瞬間凍結，較 7 月大減逾二成，加上 9 月央行祭出第七波選擇性信用管制，將不動產貸款資源優先提供給無房的真首購，房市交易持續降溫。雖然，央行為了避免錯殺無辜，於 10 月 9 日補充協處措施，將繼承者與換屋非豪宅可排除在信用管制範圍，此外，若是已簽購屋合約、即將申貸，符合繼承、換屋條件的也不受限制。&lt;/p&gt;

&lt;p&gt;整體而言，銀行房貸滿水位的狀況未解，民眾仍須面臨貸款利率拉高、成數降低的情形，須額外籌措資金補足頭期款缺口，對整體買氣衝擊仍大。&lt;/p&gt;

&lt;p&gt;中信房屋統計內部成交件數，10 月全台交易量相較於上月減少約 17.8%，較去年同期減少約 21.1%。進一步觀察六都的成交量數據變化，台北市月減 12.5%、年減 25.5%；新北市月減 19.8%、年減 17.2%；桃園市月減 25.4%、年減 22.6%；台中市月減 15.3%、年減 21.4%；台南市月減 15.8%、年減 22%；高雄市月減 15.1%、年減 13.3%。&lt;/p&gt;

&lt;p&gt;中信房屋總經理張世宗指出， 第七波選擇性信用管制持續發酵，銀行房貸水位依然緊繃，再加上月初山陀兒颱風干擾民眾外出看屋計劃，種種因素共同導致 10 月份的成交量出現顯著下滑。目前房市正處於多空對峙的局面，市場交易逐漸回歸到剛需基本面，雖然帶看量有所減少，但出門看屋的民眾多為自住需求者，且具備一定的資金實力。惟受到大環境的影響，現階段的買方變得更加謹慎，決策速度明顯放緩，追價意願降低，交易週期也因此拉長，交易量自然隨之下滑。&lt;/p&gt;

&lt;p&gt;張世宗並指出，在房貸排隊潮尚未緩解的前提下，房市的交易量恐將繼續走低，特別是一些新案供給量較大、投資氛圍較重的新興重劃區，更將首當其衝，而且若此趨勢持續，房價不排除出現下跌的可能性。預計最快要等到明年房貸塞車問題有所改善後，房市才有望回溫。&lt;/p&gt;

&lt;p&gt;住商機構統計，9 月全台交易量月減 6.1%，比起去年同期減少 31.2%，區域表現遠不如去年同期。住商不動產企劃研究室執行總監徐佳馨表示，9 月 19 日央行理監事會後的選擇性信用管制，成屋交易雪上加霜，雖有零星個案降價求售，但買盤因貸款受限制，以及期待賣方價格修正心態下，第一線狀況艱辛。目前許多銀行房貸庫存已經滿水位，各地災情頻傳，第四季交易很難表現。&lt;/p&gt;

&lt;p&gt;台灣房屋集團統計內部成交行情，觀察 2024 年 10 月價量變化，六都和新竹縣市，唯桃園交易量增 5.3%，其餘各都皆量縮，又以高雄減幅最大，達 27.1%，整體交易量月減 12.8%，年減 22.6%。&lt;/p&gt;

&lt;p&gt;台灣房屋集團趨勢中心執行長張旭嵐指出，房市限貸令限縮多屋族和置產族的金流，換屋族也有一年內出售前一屋的時間壓力，除了新青安身分購屋者，現在購屋舉步維艱，高總價區和推案量大的重劃區買氣消退最為明顯。而通膨考量下，市場資金逐漸轉向商用不動產，近月桃園和台中中低總價的店面、商辦和土地的成交浮現，也降低了對交易量的衝擊。&lt;/p&gt;
",1,1,房市買氣連四降，10 月交易量較 9 月量縮，房仲業者估 10 月全台房市交易量年減逾 2 成起跳，中信房屋總經理張世宗指出，選擇性信用管制持續發酵，銀行房貸水位依然緊繃，再加上月初颱風干擾民眾外出看屋計劃，預計最快要等到明年回溫。,1,[],,0,0,[],,0,"['房市', '房產', '永慶', '住商', '房仲']",1,1730364556,"{'xs': {'src': 'https://cimg.cnyes.cool/prod/news/5759342/xs/2aecdab7b2baef71252a8d503bf8ad08.jpg', 'width': 100, 'height': 56}, 's': {'src': 'https://cimg.cnyes.cool/prod/news/5759342/s/2aecdab7b2baef71252a8d503bf8ad08.jpg', 'width': 180, 'height': 101}, 'm': {'src': 'https://cimg.cnyes.cool/prod/news/5759342/m/2aecdab7b2baef71252a8d503bf8ad08.jpg', 'width': 380, 'height': 214}, 'l': {'src': 'https://cimg.cnyes.cool/prod/news/5759342/l/2aecdab7b2baef71252a8d503bf8ad08.jpg', 'width': 640, 'height': 360}, 'xl': {'src': 'https://cimg.cnyes.cool/prod/news/5759342/xl/2aecdab7b2baef71252a8d503bf8ad08.jpg', 'width': 960, 'height': 540}, 'xxl': {'src': 'https://cimg.cnyes.cool/prod/news/5759342/xl/2aecdab7b2baef71252a8d503bf8ad08.jpg', 'width': 960, 'height': 540}}",,827,台股新聞,,[],[],0,0,0,
5759136,〈港股盤後〉 恒指收跌 內房股、中資券商走強 科指下挫,"&lt;p&gt;港股周四 (31 日) 開高一度漲 172 點，但此後轉弱，午盤走跌，截至收盤，恒生指數跌 0.31%，報 20317.33 點，恒生科技指數跌 0.32%，報 4499 點。&lt;/p&gt;

&lt;p&gt;盤面上，科網股普遍走低，騰訊、網易、阿里巴巴、美團跌超 1%，內房股集體上漲，中資券商股也普遍走高。&lt;/p&gt;

&lt;p&gt;券商龍頭中信證券漲近 6%。財報顯示，A 股 50 家上市券商中只有 3 家前三季度業績虧損，盈利比例達 94%，有 13 家上市券商前三季度營業收入超百億元。具體來看，龍頭中信證券第三季度實現營業收入人民幣 159.58 億元，同比增長 11.54%；淨利潤 62.29 億元，同比增長 21.94%。&lt;/p&gt;

&lt;p&gt;半導體芯片股普遍上漲，中芯國際漲約 2%。消息面上，多家半導體設備企業三季報呈現穩增態勢，其中，中微公司第三季度實現營業收入 20.59 億元，同比增長 35.96%；歸母淨利潤爲 3.96 億元，同比增長約 152.63%。&lt;/p&gt;

&lt;p&gt;值得一提的是，台積電將提高 5nm 以下工藝報價最高 10%，2nm 價格或超 3 萬美元。分析人士指出，作爲全球最大的芯片代工廠，台積電 &ldquo;超預期&rdquo; 漲價可能預示着全球半導體產業鏈的需求仍非常旺盛。&lt;/p&gt;

&lt;p&gt;天風證券指出，短期來看下半年進入傳統旺季，受益於新款旗艦手機發布、雙十一等消費節等因素影響預計行業終端銷售額環比持續增長，該行認爲應該提高對需求端創新的敏銳度，優先被消費者接受的 AI 終端，有望成爲新的爆款應用，長期來看天風電子團隊已覆蓋的半導體藍籌股當前已經處於估值的較低水位，經營上持續優化迭代的公司在下一輪週期高點有望取得更好的市場份額和盈利水平。&lt;/p&gt;

&lt;p&gt;內房股集體上漲，中國金茂漲 10%。消息方面，中國六大行&mdash;工商銀行、農業銀行、中國銀行、建設銀行、交通銀行、郵儲銀行六大商業銀行今 (31 日) 發佈公告，將從明天 (11 月 1 日) 起，陸續對商業性個人住房貸款利率實行新的定價機制。&lt;/p&gt;

&lt;p&gt;投資者正在密切關注美國大選，並權衡其帶來的潛在衝擊。一些市場分析師認為，若川普重返白宮並實施高關稅，中國未來的外貿會受到重大挑戰，中國必將加大內需方面的財政刺激政策。&lt;/p&gt;
",1,1,港股周四 (31 日) 開高一度漲 172 點，但此後轉弱，午盤走跌，截至收盤，恒生指數跌 0.31%，報 20317.33 點，恒生科技指數跌 0.32%，報 4499 點。,1,[],,0,0,['FX:CNYUSD:FOREX:COMMON'],,0,"['半導體', '科網股', '內房股', '中資券商', '港股盤後', '中國股市', '救市']",0,1730363705,"{'xs': {'src': 'https://cimg.cnyes.cool/prod/news/5759136/xs/961fd71329ff6414048b0c8ba72bd334.jpg', 'width': 100, 'height': 56}, 's': {'src': 'https://cimg.cnyes.cool/prod/news/5759136/s/961fd71329ff6414048b0c8ba72bd334.jpg', 'width': 180, 'height': 101}, 'm': {'src': 'https://cimg.cnyes.cool/prod/news/5759136/m/961fd71329ff6414048b0c8ba72bd334.jpg', 'width': 380, 'height': 214}, 'l': {'src': 'https://cimg.cnyes.cool/prod/news/5759136/l/961fd71329ff6414048b0c8ba72bd334.jpg', 'width': 640, 'height': 360}, 'xl': {'src': 'https://cimg.cnyes.cool/prod/news/5759136/xl/961fd71329ff6414048b0c8ba72bd334.jpg', 'width': 960, 'height': 539}, 'xxl': {'src': 'https://cimg.cnyes.cool/prod/news/5759136/xxl/961fd71329ff6414048b0c8ba72bd334.jpg', 'width': 1080, 'height': 607}}",,836,港股,,[],[],0,0,0,
5759268,增速史上最快！貝萊德比特幣現貨ETF僅花293天衝破3百億美元規模,"&lt;p&gt;全球最大加密貨幣比特幣 (&lt;a data-symbol-template=&quot;CC:BTC:FOREX:COMMON&quot; href=&quot;#&quot;&gt;BTC&lt;/a&gt;) 本周大幅上漲至接近歷史高點，今 (31) 日則小幅走升，因市場對美國共和黨總統候選人川普將在下周二 (11 月 5 日) 大選中勝出押注增加，而同一時間，比特幣現貨 ETF 也有所上漲。&lt;/p&gt;

&lt;p&gt;由於川普勝選可能預示著未來幾年將出現更友善的加密貨幣監管，比特幣本周跟其他加密貨幣齊步走漲。截至台灣時間今日下午 15 點 33 分，比特幣在 7 萬 2445.8 美元持穩表現。&lt;/p&gt;

&lt;p&gt;《彭博資訊》報導，貝萊德 (&lt;a data-symbol-template=&quot;USS:BLK:STOCK:COMMON&quot; href=&quot;#&quot;&gt;BLK-US&lt;/a&gt;) iShares Bitcoin Trust(IBIT) 已成為史上成長最快的 ETF，規模超過 300 億美元。彭博資深 ETF 分析師 Eric Balchunas 表示，該檔比特幣現貨 ETF 僅用 293 天就達到 300 億，創造新的紀錄，明年 1 月時料將超過黃金 ETF。這一速度超過摩根大通 JEPI 和主要黃金 ETF 的成長速度，它們分別花了 1272 天和 1790 天達到 300 億美元門檻。&lt;/p&gt;

&lt;p&gt;彭博數據顯示，隨著大量資金周二 (29 日) 流入，加上比特幣價格上漲，iShares Bitcoin Trust 的市值突破 300 億美元。該 ETF 目前持有超過 41.7 萬枚比特幣，約佔比特幣總供應量的 2%。&lt;/p&gt;

&lt;p&gt;比特幣社區成員 Sani 指出，若 iShares Bitcoin Trust 繼續保持當前成長動能，該 ETF 今年底可能會累積多達 50 萬枚比特幣，iShares Bitcoin Trust 將成為全球第三大比特幣持有者，僅次於 Coinbase 和幣安。&lt;/p&gt;

&lt;p&gt;研究公司 Crypto Quant 創辦人兼執行長 Ki Young Ju 表示，這些令人印象深刻的數字反映了機構對比特幣興趣的廣泛趨勢。過去一年，約有 27.8 萬枚比特幣流入美國現貨 ETF，主要來自散戶，同期約有 67 萬枚流入持有逾千枚比特幣的「鯨魚」錢包，這還不包括交易所和 mining 中的錢包。&lt;/p&gt;

&lt;p&gt;Crypto Quant 指出，這一趨勢顯示機構對託管錢包的需求大約是散戶的兩倍。這一增幅凸顯機構投資人在比特幣市場中不斷擴大的作用，貝萊德的 iShares Bitcoin Trust 等大型 ETF 在其中扮演了領導角色。&lt;/p&gt;
",1,1,,1,[],,0,0,"['GI:XAUUSDOZ:INDEX:COMMON', 'USS:BLK:STOCK:COMMON', 'CC:BTC:FOREX:COMMON', 'CC:ETH:FOREX:COMMON']",,0,"['現貨ETF', '比特幣', '資產規模']",0,1730363429,"{'xs': {'src': 'https://cimg.cnyes.cool/prod/news/5759268/xs/b5129f4869caabec116b4c5d2e1d0009.jpg', 'width': 100, 'height': 56}, 's': {'src': 'https://cimg.cnyes.cool/prod/news/5759268/s/b5129f4869caabec116b4c5d2e1d0009.jpg', 'width': 180, 'height': 101}, 'm': {'src': 'https://cimg.cnyes.cool/prod/news/5759268/m/b5129f4869caabec116b4c5d2e1d0009.jpg', 'width': 380, 'height': 214}, 'l': {'src': 'https://cimg.cnyes.cool/prod/news/5759268/l/b5129f4869caabec116b4c5d2e1d0009.jpg', 'width': 640, 'height': 360}, 'xl': {'src': 'https://cimg.cnyes.cool/prod/news/5759268/xl/b5129f4869caabec116b4c5d2e1d0009.jpg', 'width': 960, 'height': 540}, 'xxl': {'src': 'https://cimg.cnyes.cool/prod/news/5759268/xxl/b5129f4869caabec116b4c5d2e1d0009.jpg', 'width': 1080, 'height': 608}}",,896,幣圈,,[],[],0,0,0,"[{'code': 'BLK', 'name': '貝萊德投資管理公司', 'symbol': 'USS:BLK:STOCK'}]"
5759341,地緣政治及高利率衝擊 上半年金融科技交易大減100億美元創5年來同期新低,"&lt;p&gt;KPMG 安侯建業昨 (30) 日發布「全球金融科技脈動 2024 上半年報告」。報告中顯示，受到地緣政治的不確定性及高利率的持續影響，2024 年全球金融科技市場投資總額從 2023 年下半年的 623 億美元下降至 2024 年上半年的 519 億美元，這是自 2020 年上半年以來金融科技投資總額最低的 6 個月。&lt;/p&gt;

&lt;p&gt;綜觀 2024 年全球各地區金融科技投資額均顯著下降的情況下，以歐非及中東地區的降幅尤為顯著，從 2023 年下半年的 192 億美元縮減至 2024 年上半年的 114 億美元。&lt;/p&gt;

&lt;p&gt;KPMG 安侯建業金融服務產業主持會計師李逢暉表示，儘管金融科技投資總額仍低迷，但交易量的穩定也為金融科技市場帶來一絲樂觀。2024 年上半年全球金融科技交易量依然達到 2,255 筆，維持穩定；其中，2024 上半年美洲 (包括美國) 和亞太地區的交易量在 2023 年下半年至 2024 年上半年皆有增長，其中美洲從 1,066 筆增加至 1,123 筆，亞太地區同期交易量則是從 406 筆小幅上升至 438 筆。&lt;/p&gt;

&lt;p&gt;報告指出， 2024 上半年全球金融科技領域僅有 5 筆超過 10 億美元的交易，且均為收購案。其中 4 筆交易來自美洲，包括美國的 Worldpay(125 億美元) 和 EngageSmart(40 億美元)，以及加拿大的 Nuvei(63 億美元) 和 Plusgrade(10 億美元)。第 5 筆交易則在英國， 來自 IRIS Software 集團的 40 億美元收購案。同時，英國還見證了 2024 上半年以金融科技為重點的最大創投交易&mdash;Abound 的 9.99 億美元融資。&lt;/p&gt;

&lt;p&gt;李逢暉指出，亞太地區的金融科技投資在 2024 年上半年仍疲軟，中國、印度、新加坡、澳洲與日本的總投資額均有所下降。2024 年上半年此地區的併購和私募股權投資尤顯乏力，併購交易額僅達 3 億美元，私募股權投資額僅 780 萬美元。金融科技投資者依然相當謹慎，尤其是企業，他們在本季嚴重傾向成本和風險管理，而不是金融科技投資。&lt;/p&gt;

&lt;p&gt;KPMG 安侯建業數位長賴偉晏表示，從產業面來看，支付服務於 2024 上半年吸引 214 億美元，佔全球金融科技投資額的 4 成，為最大比例，而監理科技則是 2024 年上半年唯一一個投資增加的主要金融科技子產業，投資額達 53 億美元，並超過 2023 年全年的投資總額。以技術層面分析，人工智慧繼續受到投資者的高度關注，尤其是在美國。&lt;/p&gt;

&lt;p&gt;賴偉晏說明，人們對 AI 的興趣持續增加，支付領域的投資者和金融科技公司都希望以不同的 AI 運用方式來解決支付所帶來的挑戰。例如，2024 年上半年萬事達卡宣布使用生成式 AI 加速信用卡的詐欺偵測，而 Swift 則宣布與會員銀行進行一項基於人工智慧的試行計畫，探索新興科技應如何幫助企業應對跨境支付的欺詐問題。這些創新技術不僅簡化支付流程，也可提高效率、降低成本與增強安全性。放眼未來，此領域可能會在未來 6 至 12 個月內將受到廣泛關注。&lt;/p&gt;

&lt;p&gt;展望 2024 下半年，金融科技投資仍充滿挑戰，預期人工智慧的投資未來將持續增加，而監管科技將吸引更多關注，在監管制度的不斷演變以及規範要求日益複雜的推動下，監管科技將吸引投資人的興趣。此外，傳統金融 (trad-fi) 與去中心化金融 (de-fi) 將加速融合，各國家與區域將持續探索與鬆綁限制，例如運用實物資產的代幣化以及運用傳統金融基礎設施來支持加密領域的投資等。&lt;/p&gt;
",1,1,KPMG 安侯建業昨 (30) 日發布「全球金融科技脈動 2024 上半年報告」。報告中顯示，受到地緣政治的不確定性及高利率的持續影響，2024 年全球金融科技市場投資總額從 2023 年下半年的 623 億美元下降至 2024 年上半年的 51,1,[],,0,0,[],,0,"['金融科技', 'KPMG', '調查', '支付服務']",0,1730363408,"{'xs': {'src': 'https://cimg.cnyes.cool/prod/news/5759341/xs/0883d12457d02840b7622b387c866977.jpg', 'width': 100, 'height': 56}, 's': {'src': 'https://cimg.cnyes.cool/prod/news/5759341/s/0883d12457d02840b7622b387c866977.jpg', 'width': 180, 'height': 101}, 'm': {'src': 'https://cimg.cnyes.cool/prod/news/5759341/m/0883d12457d02840b7622b387c866977.jpg', 'width': 380, 'height': 214}, 'l': {'src': 'https://cimg.cnyes.cool/prod/news/5759341/l/0883d12457d02840b7622b387c866977.jpg', 'width': 640, 'height': 360}, 'xl': {'src': 'https://cimg.cnyes.cool/prod/news/5759341/xl/0883d12457d02840b7622b387c866977.jpg', 'width': 960, 'height': 540}, 'xxl': {'src': 'https://cimg.cnyes.cool/prod/news/5759341/xl/0883d12457d02840b7622b387c866977.jpg', 'width': 960, 'height': 540}}",,852,基金,,[],[],0,0,0,
5759339,〈友達法說〉連10季虧損 前三季EPS -0.61元 旺季備貨告段落 Q4進入淡季,"&lt;p&gt;面板大廠友達 (2409-TW) 今 (31) 日公告第三季財報，稅後淨損 9.26 億元、每股損失 0.12 元，連續 10 季虧損；累計前三季稅後淨損 46.84 億元，每股損失 0.61 元。&lt;/p&gt;

&lt;p&gt;展望第四季，友達表示，旺季備貨需求告一段落，且部分客戶需求提前到第三季，顯示科技預期將進入傳統淡季，營收將呈現季節性衰退，幅度估與去年相近。&lt;/p&gt;

&lt;p&gt;智慧移動及垂直場域方面，友達表示，需求雖然受到總經不確定性與季節性影響，但營收動能相對穩定、均估持平上季，可以減緩顯示科技季節性衰退帶來的影響。&lt;/p&gt;

&lt;p&gt;友達第三季營收 777.48 億元，季增 4.6%、年增 10.9%；毛利率 10.9%、季減 0.3 個百分點、年增 3.3 個百分點；營業淨損 3.1 億元、較上季轉虧，EBITDA 獲利率為 10.6%。&lt;/p&gt;

&lt;p&gt;累計友達前三季營收 2115.55 億元，年增 14.6%、毛利率 8.9%、營業淨損 51.43 億。友達表示，公司整體財務結構穩健，存貨天數 44 天，淨負債比 33.4%，仍維持在相對健康的水位。&lt;/p&gt;

&lt;p&gt;友達表示，第三季品牌客戶為年底銷售旺季備貨，拉貨力道較預期強勁，帶動顯示科技營收季增 9%；智慧移動營收亦穩健成長，季增 4.1%，二大事業體推升單季合併營收向上。&lt;/p&gt;

&lt;p&gt;各事業體營收比重來看，友達表示，第三季顯示科技 (Display) 佔 55%、智慧移動 (Mobility&nbsp;Solution) 佔 26%、垂直場域 (Vertical Solution) 佔 13%、其他約 6%。&lt;/p&gt;
",1,1,Q3 續虧前三季每股虧 0.61 元 Q4 面板淡季、車用及垂直領域估持穩,1,['2409'],,0,0,['TWS:2409:STOCK:COMMON'],,0,"['友達', '面板', '財報']",1,1730363179,"{'xs': {'src': 'https://cimg.cnyes.cool/prod/news/5759339/xs/d6c17c139ee48928abc2de444b548aaf.jpg', 'width': 100, 'height': 56}, 's': {'src': 'https://cimg.cnyes.cool/prod/news/5759339/s/d6c17c139ee48928abc2de444b548aaf.jpg', 'width': 180, 'height': 101}, 'm': {'src': 'https://cimg.cnyes.cool/prod/news/5759339/m/d6c17c139ee48928abc2de444b548aaf.jpg', 'width': 380, 'height': 214}, 'l': {'src': 'https://cimg.cnyes.cool/prod/news/5759339/l/d6c17c139ee48928abc2de444b548aaf.jpg', 'width': 640, 'height': 360}, 'xl': {'src': 'https://cimg.cnyes.cool/prod/news/5759339/xl/d6c17c139ee48928abc2de444b548aaf.jpg', 'width': 960, 'height': 540}, 'xxl': {'src': 'https://cimg.cnyes.cool/prod/news/5759339/xl/d6c17c139ee48928abc2de444b548aaf.jpg', 'width': 960, 'height': 540}}",,827,台股新聞,,[],[],0,0,0,"[{'code': '2409', 'name': '友達', 'symbol': 'TWS:2409:STOCK'}]"
5759340,「IR 議合服務平台」11/1上線 為上市櫃提供三大服務,"&lt;p&gt;金管會推動建構亞洲資產管理中心，為助證交所壯大臺灣資本市場價值計畫，臺灣指數公司 (TIP) 建置「IR 議合服務平台 (IR ENGAGE)」，將於 11 月 1 日上線試行，為上市櫃公司及機構投資人提供「法說會服務」、「ESG 加值資訊」、「議合媒合」等三大服務，目標增進企業曝光、鼓勵溝通、深化投資人關係及推動永續發展。&lt;/p&gt;

&lt;p&gt;臺灣指數公司整合 ESG 資料庫與資訊服務之業務發展經驗，分階段建置 IR 議合服務平台，11 月 1 日上線試營運「法說會服務」、「ESG 加值資訊」、「議合媒合」三大服務，首波提供基本功能，開放上市公司與機構投資人註冊，預計 2025 年 1 月起進一步擴大推廣至上櫃公司，並持續蒐集使用者需求與意見，進行平台功能擴充及優化。&lt;/p&gt;

&lt;p&gt;&lt;em&gt;&nbsp;1. 「法說會服務」包括「場地預約」及「法說會行事曆」兩項功能。&lt;/em&gt;「場地預約」主要整合證交所集團及證券商資源，提供上市櫃公司多間會議室場地自辦法說會，希望協助企業降低 IR 工作負擔，以期提升法說會辦理頻率，增加企業曝光與深化投資人關係。「法說會行事曆」以行事曆之友善介面，揭示各上市櫃公司申報之法說會中英文簡報、辦理時間、地點、影音連結等重要資訊，方便各界使用中英文雙語系、電腦或手機等多裝置便利查看。&lt;/p&gt;

&lt;p&gt;&lt;em&gt;2. 「ESG 加值資訊服務」&lt;/em&gt;提供臺灣指數公司「台灣永續評鑑」SEED 模型 (社會 - S、經濟 - E、環境 - E、揭露 - D) 之多層次 ESG 資料庫，對焦機構投資人與上市櫃公司 ESG 議合主題，運用 ESG 資訊支援議合。&lt;/p&gt;

&lt;p&gt;&lt;em&gt;3. 「議合媒合服務」&lt;/em&gt;平台以電子化方式媒合機構投資人與上市櫃公司議合會議，提高上市櫃公司與機構投資人雙向溝通機會。註冊會員可發起議合會議邀請，或藉由系統訊息功能進行溝通、追蹤議合紀錄等服務，提升議合工作成效。&lt;/p&gt;

&lt;p&gt;臺灣指數公司表示，希望藉由 IR 議合服務平台成為上市櫃公司、特別是中小型公司自辦法說會之優先選項，一方面協助企業提高曝光度，展現價值及吸引資金，一方面鼓勵上市櫃公司與投資人溝通、議合、深化永續發展，以利協助達成建構亞洲資產管理中心與證交所集團壯大資本市場價值、提升資本市場競爭力之發展目標。&lt;/p&gt;
",1,1,金管會推動建構亞洲資產管理中心，為助證交所壯大臺灣資本市場價值計畫，臺灣指數公司 (TIP) 建置「IR 議合服務平台 (IR ENGAGE)」，將於 11 月 1 日上線試行，,1,[],,0,0,[],,0,"['證交所', '上市', '上櫃', 'ESG', '亞洲資產管理中心']",1,1730362632,"{'xs': {'src': 'https://cimg.cnyes.cool/prod/news/5759340/xs/8971b3b1f5178f43d445b3d4241c20c4.jpg', 'width': 100, 'height': 56}, 's': {'src': 'https://cimg.cnyes.cool/prod/news/5759340/s/8971b3b1f5178f43d445b3d4241c20c4.jpg', 'width': 180, 'height': 101}, 'm': {'src': 'https://cimg.cnyes.cool/prod/news/5759340/m/8971b3b1f5178f43d445b3d4241c20c4.jpg', 'width': 380, 'height': 214}, 'l': {'src': 'https://cimg.cnyes.cool/prod/news/5759340/l/8971b3b1f5178f43d445b3d4241c20c4.jpg', 'width': 640, 'height': 360}, 'xl': {'src': 'https://cimg.cnyes.cool/prod/news/5759340/xl/8971b3b1f5178f43d445b3d4241c20c4.jpg', 'width': 960, 'height': 540}, 'xxl': {'src': 'https://cimg.cnyes.cool/prod/news/5759340/xxl/8971b3b1f5178f43d445b3d4241c20c4.jpg', 'width': 1080, 'height': 607}}",,827,台股新聞,,[],[],0,0,0,
5759415,鉅亨速報 - Factset 最新調查：Meta平台(META-US)EPS預估上修至21.83元，預估目標價為630.00元,"&lt;p&gt;根據FactSet最新調查，共63位分析師，對Meta平台(META-US)做出2024年EPS預估：中位數由21.39元上修至21.83元，其中最高估值23.19元，最低估值19.29元，預估目標價為630.00元。&lt;/p&gt;&lt;p&gt;※本篇提及EPS與營收的單位均為「美元」&lt;/p&gt;&lt;p&gt;&lt;em&gt;市場預估EPS&lt;/em&gt;&lt;/p&gt;&lt;table&gt;&lt;tbody&gt;&lt;tr&gt;&lt;td&gt;預估值&lt;/td&gt;&lt;td&gt;&lt;em&gt;2024年&lt;/em&gt;&lt;/td&gt;&lt;td&gt;&lt;em&gt;2025年&lt;/em&gt;&lt;/td&gt;&lt;td&gt;&lt;em&gt;2026年&lt;/em&gt;&lt;/td&gt;&lt;td&gt;&lt;em&gt;2027年&lt;/em&gt;&lt;/td&gt;&lt;/tr&gt;&lt;tr&gt;&lt;td&gt;最高值&lt;/td&gt;&lt;td&gt;23.19(23.19)&lt;/td&gt;&lt;td&gt;27.63&lt;/td&gt;&lt;td&gt;33.3&lt;/td&gt;&lt;td&gt;37.98&lt;/td&gt;&lt;/tr&gt;&lt;tr&gt;&lt;td&gt;最低值&lt;/td&gt;&lt;td&gt;19.29(19.29)&lt;/td&gt;&lt;td&gt;20.28&lt;/td&gt;&lt;td&gt;22.07&lt;/td&gt;&lt;td&gt;25.26&lt;/td&gt;&lt;/tr&gt;&lt;tr&gt;&lt;td&gt;平均值&lt;/td&gt;&lt;td&gt;21.72(21.38)&lt;/td&gt;&lt;td&gt;24.69&lt;/td&gt;&lt;td&gt;28.08&lt;/td&gt;&lt;td&gt;32.14&lt;/td&gt;&lt;/tr&gt;&lt;tr&gt;&lt;td&gt;中位數&lt;/td&gt;&lt;td&gt;21.83(21.39)&lt;/td&gt;&lt;td&gt;24.95&lt;/td&gt;&lt;td&gt;28.04&lt;/td&gt;&lt;td&gt;31.51&lt;/td&gt;&lt;/tr&gt;&lt;/tbody&gt;&lt;/table&gt;&lt;p&gt;&lt;em&gt;市場預估營收&lt;/em&gt;&lt;/p&gt;&lt;table&gt;&lt;tbody&gt;&lt;tr&gt;&lt;td&gt;&lt;em&gt;預估值&lt;/em&gt;&lt;/td&gt;&lt;td&gt;&lt;em&gt;2024年&lt;/em&gt;&lt;/td&gt;&lt;td&gt;&lt;em&gt;2025年&lt;/em&gt;&lt;/td&gt;&lt;td&gt;&lt;em&gt;2026年&lt;/em&gt;&lt;/td&gt;&lt;td&gt;&lt;em&gt;2027年&lt;/em&gt;&lt;/td&gt;&lt;/tr&gt;&lt;tr&gt;&lt;td&gt;最高值&lt;/td&gt;&lt;td&gt;1,648.60億&lt;/td&gt;&lt;td&gt;1,930.43億&lt;/td&gt;&lt;td&gt;2,242.32億&lt;/td&gt;&lt;td&gt;2,469.13億&lt;/td&gt;&lt;/tr&gt;&lt;tr&gt;&lt;td&gt;最低值&lt;/td&gt;&lt;td&gt;1,517.49億&lt;/td&gt;&lt;td&gt;1,654.06億&lt;/td&gt;&lt;td&gt;1,802.93億&lt;/td&gt;&lt;td&gt;2,147.72億&lt;/td&gt;&lt;/tr&gt;&lt;tr&gt;&lt;td&gt;平均值&lt;/td&gt;&lt;td&gt;1,620.16億&lt;/td&gt;&lt;td&gt;1,846.88億&lt;/td&gt;&lt;td&gt;2,072.98億&lt;/td&gt;&lt;td&gt;2,330.59億&lt;/td&gt;&lt;/tr&gt;&lt;tr&gt;&lt;td&gt;中位數&lt;/td&gt;&lt;td&gt;1,626.31億&lt;/td&gt;&lt;td&gt;1,850.49億&lt;/td&gt;&lt;td&gt;2,068.69億&lt;/td&gt;&lt;td&gt;2,281.13億&lt;/td&gt;&lt;/tr&gt;&lt;/tbody&gt;&lt;/table&gt;&lt;p&gt;&lt;em&gt;歷史獲利表現&lt;/em&gt;&lt;/p&gt;&lt;table&gt;&lt;tbody&gt;&lt;tr&gt;&lt;td&gt;項目&lt;/td&gt;&lt;td&gt;&lt;em&gt;2019年&lt;/em&gt;&lt;/td&gt;&lt;td&gt;&lt;em&gt;2020年&lt;/em&gt;&lt;/td&gt;&lt;td&gt;&lt;em&gt;2021年&lt;/em&gt;&lt;/td&gt;&lt;td&gt;&lt;em&gt;2022年&lt;/em&gt;&lt;/td&gt;&lt;td&gt;&lt;em&gt;2023年&lt;/em&gt;&lt;/td&gt;&lt;/tr&gt;&lt;tr&gt;&lt;td&gt;EPS&lt;/td&gt;&lt;td&gt;6.48&lt;/td&gt;&lt;td&gt;10.22&lt;/td&gt;&lt;td&gt;13.77&lt;/td&gt;&lt;td&gt;8.59&lt;/td&gt;&lt;td&gt;14.87&lt;/td&gt;&lt;/tr&gt;&lt;tr&gt;&lt;td&gt;營業收入&lt;/td&gt;&lt;td&gt;706.97億&lt;/td&gt;&lt;td&gt;859.65億&lt;/td&gt;&lt;td&gt;1,179.29億&lt;/td&gt;&lt;td&gt;1,166.09億&lt;/td&gt;&lt;td&gt;1,349.02億&lt;/td&gt;&lt;/tr&gt;&lt;/tbody&gt;&lt;/table&gt;&lt;p&gt;詳細資訊請看美股內頁：&lt;br&gt;Meta平台(META-US)&lt;/p&gt;&lt;p&gt;資料來源：Factset，數據僅供參考，不作為投資建議。&lt;/p&gt;",0,1,FactSet 最新調查：Meta平台(META-US)EPS預估上修，預估EPS、預估營收、目標價、歷史獲利表現、即時新聞資訊,1,[],,0,0,['USS:META:STOCK:ETF'],,0,"['美股', '市場預估', 'EPS', 'META']",0,1730362538,,,917,美股預估,,[],['USS:META:STOCK'],0,0,0,"[{'code': 'META', 'name': 'Ball元宇宙ETF', 'symbol': 'USS:META:STOCK'}]"
5759407,鉅亨速報 - Factset 最新調查：繽客控股BKNG-US的目標價調升至4400元，幅度約4.33%,&lt;p&gt;根據FactSet最新調查，共32位分析師，對繽客控股(BKNG-US)提出目標價估值：中位數由4217.5元上修至4400元，調升幅度4.33%。其中最高估值5500元，最低估值3590元。&lt;/p&gt;&lt;p&gt;綜合評級 - 共有38位分析師給予繽客控股評價：積極樂觀24位、保持中立14位、保守悲觀0位。&lt;/p&gt;&lt;p&gt;繽客控股今(31日)收盤價為4463.93元。近5日股價上漲4.33%，標普指數上漲0.8%股價漲幅表現優於大盤。&lt;/p&gt;&lt;p&gt;資料來源：Factset，數據僅供參考，不作為投資建議。&lt;/p&gt;,0,1,FactSet 最新調查：繽客控股BKNG-US目標價調升，最高估值、最低估值、中位數、綜合評級、近5日股價、標普、即時新聞資訊,1,[],,0,0,['USS:BKNG:STOCK:COMMON'],,0,"['美股', 'BKNG', '市場預估', '目標價']",0,1730362524,,,917,美股預估,,[],[],0,0,0,"[{'code': 'BKNG', 'name': 'Booking Holdings Inc', 'symbol': 'USS:BKNG:STOCK'}]"
5759114,A股三季報收官 近八成上市公司盈利 長盈精密為「增長王」,"&lt;p&gt;A 股 2024 年第三季財報收官，Wind 數據顯示，截至 10 月 30 日，共有 5347 家 A 股上市公司披露三季報，其中有 4114 家上市公司前三季度實現盈利，佔比近八成; 2466 家公司淨利潤較 2023 年前三季度實現增長，佔比近五成。前三季度，上市公司整體實現營業收入約 52 兆元人民幣，實現淨利潤 4.41 兆元，營收、淨利潤的中位數分別為 12.57 億元、6418.61 萬元，分別同比變動 1.71%、-5.29%。&lt;/p&gt;

&lt;p&gt;分行業看，申萬 31 個一級行業中，約九成行業整體盈利，15 個行業淨利潤增長。其中，農林牧漁、非銀金融、電子、社會服務等行業淨利潤增幅居前，同比增速達 507%、42%、37%、30%。&lt;/p&gt;

&lt;p&gt;各板塊業績呈現分化，主板淨利潤增速強於雙創和北交所。2024 年前三季度主板歸母淨利潤同比增速較中報較回升 2.94 個百分點，為未來整體增長奠定更加穩固的基礎。&lt;/p&gt;

&lt;p&gt;近八成上市公司前三季度實現盈利，近五成實現淨利潤正增長。消費品行業呈現明顯修復態勢，半導體等高技術製造業經營具有韌性，可選消費、日常消費、非銀金融三大行業前三季度歸母淨利潤增速創近 5 年同期新高。&lt;/p&gt;

&lt;h6&gt;個股表現&lt;/h6&gt;

&lt;p&gt;個股表現部分，剔除金融股後，中國石油暫列 A 股「盈利王」，長盈精密暫列 A 股「增長王」。&lt;/p&gt;

&lt;p&gt;淨利潤數值方面，前三季度歸屬於上市公司股東的淨利潤超過 1 億元的有 2201 家，超過 10 億元的有 476 家，超過 50 億元的有 101 家，超過 100 億元的有 64 家。&lt;/p&gt;

&lt;p&gt;剔除金融股後，中國石油、中國海油、中國移動、貴州茅台、中國神華、中國石化、中國建築、中遠海控、寧德時代、美的集團前三季度歸屬於上市公司股東的淨利潤居前，暫列 A 股十大「盈利王」。&lt;/p&gt;

&lt;p&gt;淨利潤增幅方面，1844 家上市公司歸屬於上市公司股東的淨利潤同比增幅超過 10%，1228 家上市公司同比增幅超過 30%，512 家上市公司同比增幅超過 100%。&lt;/p&gt;

&lt;p&gt;剔除扭虧公司後，長盈精密、長川科技、志特新材、元琛科技、隆利科技、匯頂科技、金安國紀、正丹股份、天地源、龍泉股份前三季度歸屬於上市公司股東的淨利潤增幅居前，暫列 A 股十大「增長王」。&lt;/p&gt;

&lt;p&gt;淨利潤增幅居首的長盈精密披露的 2024 年三季報顯示，公司前三季度共實現營業收入約 120.97 億元，同比增長 23.56%；實現歸屬於上市公司股東的淨利潤約 5.94 億元，同比增長 38159.1%。&lt;/p&gt;
",1,1,A 股 2024 年第三季財報收官，Wind 數據顯示，截至 10 月 30 日，共有 5347 家 A 股上市公司披露三季報，其中有 4114 家上市公司前三季度實現盈利，佔比近八成; 2466 家公司淨利潤較 2023 年前三季度實現增長，佔比近五成。,1,[],,0,0,['FX:CNYUSD:FOREX:COMMON'],,0,"['A股', '中國股市', '財報季', '獲利', '增長']",0,1730361003,"{'xs': {'src': 'https://cimg.cnyes.cool/prod/news/5759114/xs/67933bc966698dfabac9ca1f22d00f49.jpg', 'width': 100, 'height': 56}, 's': {'src': 'https://cimg.cnyes.cool/prod/news/5759114/s/67933bc966698dfabac9ca1f22d00f49.jpg', 'width': 180, 'height': 101}, 'm': {'src': 'https://cimg.cnyes.cool/prod/news/5759114/m/67933bc966698dfabac9ca1f22d00f49.jpg', 'width': 380, 'height': 214}, 'l': {'src': 'https://cimg.cnyes.cool/prod/news/5759114/l/67933bc966698dfabac9ca1f22d00f49.jpg', 'width': 640, 'height': 360}, 'xl': {'src': 'https://cimg.cnyes.cool/prod/news/5759114/xl/67933bc966698dfabac9ca1f22d00f49.jpg', 'width': 960, 'height': 539}, 'xxl': {'src': 'https://cimg.cnyes.cool/prod/news/5759114/xxl/67933bc966698dfabac9ca1f22d00f49.jpg', 'width': 1080, 'height': 607}}",,835,A股,,[],[],0,0,0,
5759112,〈陸股盤後〉三大指數齊步揚 滬指結束連二黑 成交量重返2兆人民幣,"&lt;p&gt;中國 A 股市場三大指數周四 (31 日) 齊步小漲作收，房地產、證券與光電類股領漲，上證指數(&lt;a data-symbol-template=&quot;GI:SSEC:INDEX:COMMON&quot; href=&quot;#&quot;&gt;SSEC&lt;/a&gt;) 結束連 2 日走跌頹勢，科創 50 指數漲逾 1%，成交量重返 2 兆人民幣大關。&lt;/p&gt;

&lt;p&gt;滬指周四收高 0.42% 至 3279.82 點，深證成指 (&lt;a data-symbol-template=&quot;GI:SZI:INDEX:COMMON&quot; href=&quot;#&quot;&gt;SZI&lt;/a&gt;) 漲 0.57% 至 10591.22 點，創業板指漲 0.6% 至 2164.46 點，科創 50 指數漲 1.11%，北證 50 指數跌 1.68%，滬深北三市合計成交 2 兆 2629 億人民幣。&lt;/p&gt;

&lt;p&gt;大盤方面，半導體、券商類股大幅走高，新相微、至純科技、通富微電、張江高科等晶片類股漲停，國民技術等股亦漲超 10%，哈投股份、第一創業、天風證券、渤海租賃等券商亦漲停。房地產族群亦大漲，華夏幸福等多股漲停。&lt;/p&gt;

&lt;p&gt;此外，多元金融、光刻機、互聯金融、太陽能、風電概念股也相當活躍，光電概念股全天大漲，晶澳科技、鈞達股份、雙良節能、清源股、協鑫整合等漲停。化債概念股表現活躍，蒙草生態、中恆集團、光大嘉寶、青島金王等漲停。低空經濟概念股維持強勢，東安動力、萬豐奧威、立航科技、王子新材等漲停。&lt;/p&gt;

&lt;p&gt;下跌類股方面，豬肉、飯店餐飲、家用電器、煤炭等類股則跌幅居前，洋河股下跌超 5%。整體而言，整個市場個股漲多跌少，逾 3500 檔收漲。&lt;/p&gt;

&lt;p&gt;根據 Choice 統計數據，今日滬深兩市可交易 A 股中，上漲個股有 3468 檔，下跌個股有 1509 檔，平盤個股 118 檔。不含當日上市新股後共有 209 檔個股漲停，14 檔個股跌停。以所屬產業來看，漲停個股主要集中在建築裝飾、電子、機械設備、電腦、電力設備、房地產、汽車、醫藥生物等產業。&lt;/p&gt;

&lt;p&gt;光大證券指出，歷史來看，短期市場迅速上行之後，市場通常會轉為震盪上行，在各類政策積極表態下，市場整體仍有上漲機會，但投資機會或將逐步從&beta;轉向&alpha;，未來一段時間投資結構的選擇可能將更為關鍵。&lt;/p&gt;

&lt;p&gt;個股配置上，光大證券建議關注政策相關產業 + 風險偏好提升主線。未來一段時間，政策陸續落地情況或將是市場交易的重要主線，建議關注可望受益於政策落地的泛地產基建相關資產如白酒、地產、建材，以及併購重組相關方向。此外，市場風險偏好回升也將有助於成長個股的估值修復，軍工、TMT、新能源的部分個股或將有反彈機會。&lt;/p&gt;
",1,1,,1,[],,0,0,"['GI:SSEC:INDEX:COMMON', 'GI:SZI:INDEX:COMMON', 'GI:CSI300:INDEX:COMMON', 'FX:CNYUSD:FOREX:COMMON']",,0,"['陸股盤後', '成交量', '中國房市', '救市', '樓市']",1,1730360943,"{'xs': {'src': 'https://cimg.cnyes.cool/prod/news/5759112/xs/8f2f961a40059ad470c0d40e11104554.jpg', 'width': 100, 'height': 56}, 's': {'src': 'https://cimg.cnyes.cool/prod/news/5759112/s/8f2f961a40059ad470c0d40e11104554.jpg', 'width': 180, 'height': 101}, 'm': {'src': 'https://cimg.cnyes.cool/prod/news/5759112/m/8f2f961a40059ad470c0d40e11104554.jpg', 'width': 380, 'height': 214}, 'l': {'src': 'https://cimg.cnyes.cool/prod/news/5759112/l/8f2f961a40059ad470c0d40e11104554.jpg', 'width': 640, 'height': 360}, 'xl': {'src': 'https://cimg.cnyes.cool/prod/news/5759112/xl/8f2f961a40059ad470c0d40e11104554.jpg', 'width': 960, 'height': 540}, 'xxl': {'src': 'https://cimg.cnyes.cool/prod/news/5759112/xxl/8f2f961a40059ad470c0d40e11104554.jpg', 'width': 1080, 'height': 608}}",,835,A股,,[],[],0,0,0,
5759315,〈日月光法說〉Q3純益近97億元寫7季高點 前三季賺逾半股本,"&lt;p&gt;全球封測龍頭日月光投控 (3711-TW)(ASX-US) 今 (31) 日召開法說會，並公布第三季財報，受惠產能稼動率提升、先進封裝業績增長以及匯率有利因素，單季毛利率提升至 16.5%，創下七季來新高，稅後純益 96.66 億元，季增 24%，年增 10%，每股稅後純益 2.24 元，雙雙改寫七季高點，累計前三季每股稅後純益 5.35 元。&lt;/p&gt;

&lt;p&gt;日月光投控第三季營收 1601.05 億元，季增 14%，年增 4%，毛利率 16.5%，季增 0.1 個百分點，年增 0.3 個百分點，營益率 7.2%，季增 0.8 個百分點，年減 0.2 個百分點，稅後純益 96.66 億元，季增 24%，年增 10%，每股稅後純益 2.24 元。&lt;/p&gt;

&lt;p&gt;日月光投控前三季營收 4331.46 億元，年增 2.8%，毛利率 16.23%，年增 0.57 個百分點，營益率 6.46%，年減 0.3 個百分點，稅後純益 231.04 億元，年增 3.45%，每股稅後純益 5.35 元。&lt;/p&gt;

&lt;p&gt;以封測業務來看，日月光投控封裝、測試業績第三季皆呈現成長，季增超過 10%，隨著產能稼動率提升，整體封測業務毛利率也提升至 23.1%，季增 1 個百分點，年增 0.9 個百分點，營業淨利達 92.25 億元。&lt;/p&gt;
",1,1,全球封測龍頭日月光投控 (3711-TW) 今 (31) 日召開法說會，並公布第三季財報，受惠產能稼動率提升，加上匯率有利因素，毛利率提升至 16.5%，創下七季來新高，稅後純益 96.66 億元，季增 24%，年增 10%，每股稅後純益,1,"['3711', 'US-ASX']",,0,0,"['TWS:3711:STOCK:COMMON', 'USS:ASX:STOCK:COMMON']",,0,"['日月光投控', '先進封裝', 'AI', '財報']",1,1730360311,"{'xs': {'src': 'https://cimg.cnyes.cool/prod/news/5759315/xs/3eb65d320549e6985f5fce32b3cd9421.jpg', 'width': 100, 'height': 56}, 's': {'src': 'https://cimg.cnyes.cool/prod/news/5759315/s/3eb65d320549e6985f5fce32b3cd9421.jpg', 'width': 180, 'height': 101}, 'm': {'src': 'https://cimg.cnyes.cool/prod/news/5759315/m/3eb65d320549e6985f5fce32b3cd9421.jpg', 'width': 380, 'height': 214}, 'l': {'src': 'https://cimg.cnyes.cool/prod/news/5759315/l/3eb65d320549e6985f5fce32b3cd9421.jpg', 'width': 640, 'height': 360}, 'xl': {'src': 'https://cimg.cnyes.cool/prod/news/5759315/xl/3eb65d320549e6985f5fce32b3cd9421.jpg', 'width': 960, 'height': 539}, 'xxl': {'src': 'https://cimg.cnyes.cool/prod/news/5759315/xxl/3eb65d320549e6985f5fce32b3cd9421.jpg', 'width': 1080, 'height': 607}}",,827,台股新聞,,[],[],0,0,0,"[{'code': '3711', 'name': '日月光投控', 'symbol': 'TWS:3711:STOCK'}, {'code': 'ASX', 'name': '日月光', 'symbol': 'USS:ASX:STOCK'}]"
5759307,日銀總裁：若經濟和通膨符合預測 將繼續升息,"&lt;p&gt;日本央行總裁和田植男周四 (31 日) 強調，日本經濟復甦和通膨軌跡持續存在不確定性。如果經濟和通膨預測實現，日本央行將繼續提高基準利率，不過官員們對此類行動的時機並沒有先入為主的想法。&lt;/p&gt;

&lt;p&gt;植田在記者會上表明，央行在任何政策調整中都會保持謹慎，同時補充說，日本經濟面臨複雜的風險，日本央行將繼續監控這些風險，以避免密切擾亂脆弱的經濟穩定。&lt;/p&gt;

&lt;p&gt;植田強調，圍繞日本經濟和物價的不確定性仍然很高，並保留了 12 月會議上升息的可能性。&lt;/p&gt;

&lt;p&gt;日元在今天日本央行發表利率決議後走強，植田的記者會後漲勢一度加大，兌美元一度逼近 152 關口，此後漲勢略有縮小，回到 152.3 附近。&lt;/p&gt;

&lt;p&gt;植田指出，日本經濟正在溫和復甦，但也出現了一些疲軟的走勢。必須充分關注金融、外匯市場對日本經濟和價格的影響。外匯對價格的影響比過去更大，因為公司更渴望薪資、價格上漲。&lt;/p&gt;

&lt;p&gt;在談到美國經濟時，植田表示，美國經濟的不確定性仍然很高。&lt;/p&gt;

&lt;p&gt;大和證券首席經濟學家末廣徹指出，日本央行的解釋是「整體而言，我們正在走向正常化」。他表示，由於海外經濟的不確定性，央行決定不升息，但如果日元繼續貶值，央行不否認 12 月升息的可能性。&lt;/p&gt;
",1,1,日本央行總裁和田植男周四 (31 日) 強調，日本經濟復甦和通膨軌跡持續存在不確定性。如果經濟和通膨預測實現，日本央行將繼續提高基準利率，不過官員們對此類行動的時機並沒有先入為主的想法。,1,[],,0,0,"['FX:JPYUSD:FOREX:COMMON', 'FX:USDJPY:FOREX:COMMON']",,0,"['日本央行', '日本經濟', '植田和男', '日元', '利率', '升息']",0,1730359534,"{'xs': {'src': 'https://cimg.cnyes.cool/prod/news/5759307/xs/18b96c7feb6188842da511ee760f2900.jpg', 'width': 100, 'height': 56}, 's': {'src': 'https://cimg.cnyes.cool/prod/news/5759307/s/18b96c7feb6188842da511ee760f2900.jpg', 'width': 180, 'height': 101}, 'm': {'src': 'https://cimg.cnyes.cool/prod/news/5759307/m/18b96c7feb6188842da511ee760f2900.jpg', 'width': 380, 'height': 214}, 'l': {'src': 'https://cimg.cnyes.cool/prod/news/5759307/l/18b96c7feb6188842da511ee760f2900.jpg', 'width': 640, 'height': 360}, 'xl': {'src': 'https://cimg.cnyes.cool/prod/news/5759307/xl/18b96c7feb6188842da511ee760f2900.jpg', 'width': 960, 'height': 540}, 'xxl': {'src': 'https://cimg.cnyes.cool/prod/news/5759307/xxl/18b96c7feb6188842da511ee760f2900.jpg', 'width': 1080, 'height': 608}}",,838,外匯,,[],[],0,0,0,
5759197,中國六大行：明起實施存量房貸利率調整新機制,"&lt;p&gt;中國六大行&mdash;工商銀行 (01398-HK)(601398-CN)、農業銀行 (01288-HK)(601288-CN)、中國銀行 (03988-HK)(601988-CN)、建設銀行 (00939-HK)(601939-CN)、交通銀行 (03328-HK)(601328-CN)、郵儲銀行 (01658-HK)(601658-CN) 六大商業銀行今 (31 日) 發佈公告，將從明天 (11 月 1 日) 起，陸續對商業性個人住房貸款利率實行新的定價機制。&lt;/p&gt;

&lt;p&gt;據中國《央視》報導，這也意味著中國人民銀行一個月前發佈的完善商業性個人住房貸款利率定價機制要求，即將正式落地。&lt;/p&gt;

&lt;p&gt;根據公告，對於以浮動利率，也就是貸款市場報價利率 (LPR) 加減點報價的存量個人房貸，當它的利率加點值高於全國新發放個人房貸利率平均加點值 30 個基點時，借款人可以向銀行申請調整房貸利率 LPR 加點值，調整後的加點為全國新發放個人房貸利率平均加點值加 30 個基點。全國新發放個人房貸利率平均加點值為人民銀行最新發佈的全國新發放個人房貸加權平均利率減去對應季度五年期以上 lpr 均值。如果所在地區有個人房貸利率政策下限，則最終加點值不能低於所在城市房貸利率加點政策下限。&lt;/p&gt;

&lt;p&gt;另外，對於此前不少貸款人認為房貸利率重定價週期統一為一年，不能及時反映市場供需變化，容易造成新老房貸利差過大等情況，六大銀行的公告明確取消了房貸利率重定價週期最短為一年的限制。貸款人可以隨時向銀行提出將重定價週期調整為三個月或六個月，當然還可以保持為一年。需要注意的是，在整個還款週期裡，房貸利率重定價週期只能調整一次。這也意味著，如果貸款人認為未來貸款利率將下行，那麼將房貸利率重定價週期調整為三個月，就可能更早地享受到貸款市場報價利率 (LPR) 下調帶來的優惠；如果貸款人認為未來貸款利率將上漲，那麼將房貸利率重定價週期保持為一年，自己的房貸利率跟隨貸款市場報價利率 (LPR) 上漲就可能會更晚一些。&lt;/p&gt;

&lt;p&gt;此前，中國人民銀行 9 月底發佈公告，為更好地體現市場供求變化，維護借貸雙方的合法權益，將從 11 月 1 日起，完善商業性個人住房貸款利率定價機制。完善的重點一個是浮動利率商業性個人住房貸款與全國新發放商業性個人住房貸款利率偏離達到一定幅度時，借款人可與銀行協商變更房貸利率在 LPR 基礎上的加點幅度。而另一個重點就是取消房貸利率重定價週期最短為一年的限制。&lt;/p&gt;
",1,1,中國六大行—工商銀行 (01389-HK)(601398-CN)、農業銀行 (01288-HK)(601288-CN)、中國銀行 (03988-HK)(601988-CN)、建設銀行 (00939-HK)(601939-CN)、,1,"['HK-01389', 'HK-01288', 'HK-03988', 'HK-00939', 'HK-03328', 'HK-01685', 'CN-601398', 'CN-601288', 'CN-601988', 'CN-601939', 'CN-601328', 'CN-601658']",,0,0,"['CNS:601658:STOCK:COMMON', 'CNS:601328:STOCK:COMMON', 'CNS:601288:STOCK:COMMON', 'CNS:601939:STOCK:COMMON', 'CNS:601988:STOCK:COMMON', 'CNS:601398:STOCK:COMMON', 'HKS:03328:STOCK:COMMON', 'HKS:01685:STOCK:COMMON', 'HKS:01398:STOCK:COMMON', 'HKS:00939:STOCK:COMMON', 'HKS:03988:STOCK:COMMON', 'HKS:01288:STOCK:COMMON', 'HKS:01658:STOCK:COMMON', 'HKS:01389:STOCK:COMMON']",,0,"['中國', '國有銀行', '存量房貸', '住房貸款', '新機制']",0,1730358137,"{'xs': {'src': 'https://cimg.cnyes.cool/prod/news/5759197/xs/562957dc733cdfc675c25cf75db1985e.jpg', 'width': 100, 'height': 56}, 's': {'src': 'https://cimg.cnyes.cool/prod/news/5759197/s/562957dc733cdfc675c25cf75db1985e.jpg', 'width': 180, 'height': 101}, 'm': {'src': 'https://cimg.cnyes.cool/prod/news/5759197/m/562957dc733cdfc675c25cf75db1985e.jpg', 'width': 380, 'height': 214}, 'l': {'src': 'https://cimg.cnyes.cool/prod/news/5759197/l/562957dc733cdfc675c25cf75db1985e.jpg', 'width': 640, 'height': 360}, 'xl': {'src': 'https://cimg.cnyes.cool/prod/news/5759197/xl/562957dc733cdfc675c25cf75db1985e.jpg', 'width': 960, 'height': 539}, 'xxl': {'src': 'https://cimg.cnyes.cool/prod/news/5759197/xxl/562957dc733cdfc675c25cf75db1985e.jpg', 'width': 1080, 'height': 607}}",,837,大陸政經,,[],[],0,0,0,"[{'code': '601658', 'name': '郵儲銀行', 'symbol': 'CNS:601658:STOCK'}, {'code': '601328', 'name': '交通銀行', 'symbol': 'CNS:601328:STOCK'}, {'code': '601288', 'name': '農業銀行', 'symbol': 'CNS:601288:STOCK'}, {'code': '601939', 'name': '建設銀行', 'symbol': 'CNS:601939:STOCK'}, {'code': '601988', 'name': '中國銀行', 'symbol': 'CNS:601988:STOCK'}, {'code': '601398', 'name': '工商銀行', 'symbol': 'CNS:601398:STOCK'}, {'code': '03328', 'name': '交通銀行', 'symbol': 'HKS:03328:STOCK'}, {'code': '01685', 'name': '博耳電力', 'symbol': 'HKS:01685:STOCK'}, {'code': '01398', 'name': '工商銀行', 'symbol': 'HKS:01398:STOCK'}, {'code': '00939', 'name': '建設銀行', 'symbol': 'HKS:00939:STOCK'}, {'code': '03988', 'name': '中國銀行', 'symbol': 'HKS:03988:STOCK'}, {'code': '01288', 'name': '農業銀行', 'symbol': 'HKS:01288:STOCK'}, {'code': '01658', 'name': '郵儲銀行', 'symbol': 'HKS:01658:STOCK'}, {'code': '01389', 'name': '美捷滙控股', 'symbol': 'HKS:01389:STOCK'}]"
5759179,英特爾執行長禍從口出 傳台積電取消3奈米晶圓代工六折優惠,"&lt;p&gt;美國晶片巨頭英特爾 (&lt;a data-symbol-template=&quot;USS:INTC:STOCK:COMMON&quot; href=&quot;#&quot;&gt;INTC-US&lt;/a&gt;) 正處於多事之秋，外媒最新報導指出，該公司交由台積電 (&lt;a data-symbol-template=&quot;TWS:2330:STOCK:COMMON&quot; href=&quot;#&quot;&gt;2330-TW&lt;/a&gt;)(&lt;a data-symbol-template=&quot;USS:TSM:STOCK:COMMON&quot; href=&quot;#&quot;&gt;TSM-US&lt;/a&gt;) 代工晶圓的 6 折折扣已遭取消，必須支付全額費用，導致英特爾利潤遭到壓縮。&lt;/p&gt;

&lt;p&gt;《路透社》周二 (29 日) 引述未具名消息人士報導，原本數年前台積電與英特爾之間的關係良好，當時英特爾將部分晶圓交給台積電代工，台積電向英特爾的 3 奈米晶圓代工價格提供 6 折優惠，但隨著英特爾執行長派季辛格出任後推出「IDM 2.0」戰略，開始大力發展晶圓代工業務，並屢次向美國政府提及不能依賴台灣半導體製造，導致台積電取消折扣優惠。&lt;/p&gt;

&lt;p&gt;2021 年 5 月，季辛格說：「你不會想把所有雞蛋全放在台灣晶圓廠這個籃子裡」。同年 12 月，季辛格也在鼓吹美國政府投資美國晶圓製造商時說：「台灣不是一個穩定之處。」&lt;/p&gt;

&lt;p&gt;消息人士透露，為回應季辛格「無禮」之舉，台積電私底下已經決定取消給英特爾的折扣，也就是不再對原價 2.3 萬美元的 3 奈米晶圓提供 6 折的折扣。台積電在公開場合對季辛格言論輕描淡寫，台積電創辦人張忠謀則稱季辛格「有點無禮」。&lt;/p&gt;

&lt;p&gt;此外，上月還有消息傳出，英特爾 Intel 18A 製程並未通過美國晶圓設計商博通測試。博通是在 8 月收到英特爾返回的 Intel 18A 製程晶圓，經工程師跟高層研究後認為該項製程還無法進入高度量產期。&lt;/p&gt;

&lt;p&gt;根據消息，運用 Intel 18A 製程打造的晶片中，只有不到兩成通過博通初步測試，低於台積電試產階段的製程良率。&lt;/p&gt;

&lt;p&gt;但英特爾隨後表示，仍將按計畫於明年推出 Intel 18A 製程，並透露 Intel 18A 的缺陷密度 (D0) 已達到小於 0.4(def/cm^2)。&nbsp;&lt;/p&gt;

&lt;p&gt;然而，最近一份由英特爾供應商製作的規劃文件暗示，Intel 18A 有延遲跡象，該供應商仍在等待另一份數位設計工具包 (digital design kit) 以便推進該計畫。&lt;/p&gt;

&lt;p&gt;知情人士表示，直到 2026 年以前，客戶幾乎不可能以 Intel 18A 製程大量生產晶片。&lt;/p&gt;
",1,1,,1,[],,0,0,"['GI:SOX:INDEX:COMMON', 'TWS:2330:STOCK:COMMON', 'USS:INTC:STOCK:COMMON', 'USS:TSM:STOCK:COMMON']",,0,"['晶圓代工', '季辛格', '台積電', '折扣優惠', '3奈米']",0,1730357887,"{'xs': {'src': 'https://cimg.cnyes.cool/prod/news/5759179/xs/0ffd154a3e17a6a93e2db3962c6649ce.jpg', 'width': 100, 'height': 56}, 's': {'src': 'https://cimg.cnyes.cool/prod/news/5759179/s/0ffd154a3e17a6a93e2db3962c6649ce.jpg', 'width': 180, 'height': 101}, 'm': {'src': 'https://cimg.cnyes.cool/prod/news/5759179/m/0ffd154a3e17a6a93e2db3962c6649ce.jpg', 'width': 380, 'height': 214}, 'l': {'src': 'https://cimg.cnyes.cool/prod/news/5759179/l/0ffd154a3e17a6a93e2db3962c6649ce.jpg', 'width': 640, 'height': 360}, 'xl': {'src': 'https://cimg.cnyes.cool/prod/news/5759179/xl/0ffd154a3e17a6a93e2db3962c6649ce.jpg', 'width': 960, 'height': 539}, 'xxl': {'src': 'https://cimg.cnyes.cool/prod/news/5759179/xxl/0ffd154a3e17a6a93e2db3962c6649ce.jpg', 'width': 1080, 'height': 607}}",,831,美股雷達,,[],[],0,0,0,"[{'code': '2330', 'name': '台積電', 'symbol': 'TWS:2330:STOCK'}, {'code': 'INTC', 'name': '英特爾', 'symbol': 'USS:INTC:STOCK'}, {'code': 'TSM', 'name': '台積電', 'symbol': 'USS:TSM:STOCK'}]"
5759176,落後5分演出大逆轉 道奇4勝1敗擊退洋基 贏得世界大賽,"&lt;p&gt;洛杉磯道奇隊在一度落後 5 分之下完成大逆轉，在世界大賽第五場以 7:6 擊敗紐約洋基隊，並以 4 勝 1 負拿下今年世界大賽冠軍，連續 4 場比賽擊出全壘打的 Freddie Freeman 被選為 MVP。&lt;/p&gt;

&lt;p&gt;這是道奇隊 5 季以來第 2 個冠軍，也是自 1988 年以來，首次在完整的賽季奪冠。&lt;/p&gt;

&lt;p&gt;洋基隊先發投手 Gerrit Cole 今天主投 6.2 局比賽中表現出色，但包括他本人在內，洋基隊一些糟糕的防守，導致第五局連丟 5 分，揮霍掉原本的領先。隨後雖然重新建立了 6:5 的領勢，但第八局再失 2 分，最終輸掉比賽。&lt;/p&gt;

&lt;p&gt;道奇隊牛棚投手努力守成，Blake Treinen 及 Walker Buehler 合力確保第七、八、九局未再失分，Treinen 贏得勝投，第 3 戰先發表現出色的 Buehler 上場終結比賽，拿下救援成功。&lt;/p&gt;

&lt;p&gt;道奇隊早在去年冬天就展現封王企圖，簽下日籍明星大谷翔平及山本由伸，還進一步補強投手 Tyler Glasnow 與老將外野手 Teoscar Hern&aacute;ndez，與未來的名人堂投手 Clayton Kershaw 重新簽約。&lt;/p&gt;

&lt;p&gt;儘管球季中仍受傷病困擾，但在常規賽中，他們以 98 場勝利領先大聯盟，於 12 年裡第 11 次贏得國家聯盟西部冠軍，大谷更以歷史性的 54 支全壘打和 59 次盜壘創下歷史紀錄。&lt;/p&gt;

&lt;p&gt;然而，他們在季後賽仍面臨艱難，Freeman 因右腳踝嚴重扭傷而受到限制。Mookie Betts 和大谷都經歷了季後賽早期的掙扎。在國聯分區系列賽中，他們一度來到淘汰邊緣，在艱難地連勝兩場後，才擊敗聖地牙哥教士隊，晉級國聯冠軍戰。此後，再以 4 勝 2 敗淘汰紐約大都會隊，才來到世界大賽。&lt;/p&gt;

&lt;p&gt;大谷在世界大賽的表現平平，特別是因滑壘造成左肩受傷之後，雖然帶傷上陣，但沒有太多貢獻。不過從全季來看，如果沒有大谷「50-50」的史詩級表現，道奇能否打進季後賽都很難說。大谷本賽季竭盡全力，他將因此獲得他的第一枚世界大賽戒指。&lt;/p&gt;

&lt;p&gt;大谷也在正式成為道奇隊球員時就表明心跡，他說：「在我腦海中真正突出的一件事是，當我與道奇隊老闆團隊會面時，他們在回顧過去 10 年時說，儘管他們每年都進入季後賽，贏得了世界大賽戒指，這被認為是失敗的，」 「當我聽到這個消息時，我知道他們都是為了勝利，這正是我的感受。」&lt;/p&gt;

&lt;p&gt;世界大賽共斬獲 12 分打點，贏得 MVP 的 Freeman 表示，他上場打擊時，他的許多隊友都在壘上，讓他有機會表現，他很高興能在正確的時間棒子變得發燙起來。&lt;/p&gt;
",1,1,洛杉磯道奇隊在一度落後 5 分之下完成大逆轉，在世界大賽第五場以 7:6 擊敗紐約洋基隊，並以 4 勝 1 負拿下今年世界大賽冠軍，連續 4 場比賽擊出全壘打的 Freddie Freeman 被選為 MVP。,1,[],,0,0,[],,0,"['世界大賽', '道奇', '洋基', '大谷翔平', '棒球', 'MLB']",0,1730357186,"{'xs': {'src': 'https://cimg.cnyes.cool/prod/news/5759176/xs/3c8a28a5d8badeb045428e0c8ca35811.jpg', 'width': 100, 'height': 56}, 's': {'src': 'https://cimg.cnyes.cool/prod/news/5759176/s/3c8a28a5d8badeb045428e0c8ca35811.jpg', 'width': 180, 'height': 101}, 'm': {'src': 'https://cimg.cnyes.cool/prod/news/5759176/m/3c8a28a5d8badeb045428e0c8ca35811.jpg', 'width': 380, 'height': 214}, 'l': {'src': 'https://cimg.cnyes.cool/prod/news/5759176/l/3c8a28a5d8badeb045428e0c8ca35811.jpg', 'width': 640, 'height': 360}, 'xl': {'src': 'https://cimg.cnyes.cool/prod/news/5759176/xl/3c8a28a5d8badeb045428e0c8ca35811.jpg', 'width': 960, 'height': 539}, 'xxl': {'src': 'https://cimg.cnyes.cool/prod/news/5759176/xxl/3c8a28a5d8badeb045428e0c8ca35811.jpg', 'width': 1080, 'height': 607}}",,831,美股雷達,,[],[],0,0,0,
5759088,〈日股盤後〉追隨美股跌勢 日經結束連三漲 但守穩3萬9大關,"&lt;p&gt;日股今 (31) 日自兩周高點回落，日經 225 指數(&lt;a data-symbol-template=&quot;GI:NKY:INDEX:COMMON&quot; href=&quot;#&quot;&gt;NKY&lt;/a&gt;) 追隨美股昨晚科技跌勢，早盤一度失守 3 萬 9 千點大關，終場下跌 0.45% 至 39102.36 點，東證 (TOPIX)(TPX) 亦收低 0.3% 至 2695.51 點，與日經 225 同樣結束連 3 日上漲走勢。&lt;/p&gt;

&lt;p&gt;個股方面，Uniqlo 母公司迅銷下跌 2.21% 至每股 4 萬 9520 日元，泰爾茂公司下跌 1.44% 至每股 2944.5 日元。截至今日下午 2 點 37 分，日元兌美元匯率升值 0.36% 至 152.87，扭轉昨日貶勢。&lt;/p&gt;

&lt;p&gt;日本央行 (BOJ) 在今日貨幣政策會議上決定，作為政策利率的「無擔保隔夜拆借利率」誘導目標維持在 0.25% 左右不變，日元則在 BOJ 宣布按兵不動後走強。&lt;/p&gt;

&lt;p&gt;在按兵不動的同時，BOJ 也在一份展望報告中指出，日本經濟活動和物價存在很大的不確定性，但預期未來兩年日本經濟將繼續成長，通膨將有所緩解。&lt;/p&gt;

&lt;p&gt;SMBC 信託銀行投資研究主管山口正宏說：「這禮拜公布的美國主要科技公司獲利結果在 AI 投資獲利上呈現不同的結果，顯現出意外的疲軟趨勢，導致日本股票面臨賣壓。」&lt;/p&gt;

&lt;p&gt;立花證券也指出，由於晶片股大跌以及市場對企業陸續公布的財報表現感到不安，導致美股周三下跌，加上市場預估日本央行 (BOJ) 今日將維持利率不變。這種氣氛導致日股下跌。&lt;/p&gt;
",1,1,,1,[],,0,0,"['GI:NKY:INDEX:COMMON', 'GI:DXY:INDEX:COMMON', 'FX:JPYUSD:FOREX:COMMON']",,0,"['日股盤後', '美股', '日本央行', '利率決策', 'BOJ']",1,1730356722,"{'xs': {'src': 'https://cimg.cnyes.cool/prod/news/5759088/xs/655094c62669b0280a917f84c18942f3.jpg', 'width': 100, 'height': 56}, 's': {'src': 'https://cimg.cnyes.cool/prod/news/5759088/s/655094c62669b0280a917f84c18942f3.jpg', 'width': 180, 'height': 101}, 'm': {'src': 'https://cimg.cnyes.cool/prod/news/5759088/m/655094c62669b0280a917f84c18942f3.jpg', 'width': 380, 'height': 214}, 'l': {'src': 'https://cimg.cnyes.cool/prod/news/5759088/l/655094c62669b0280a917f84c18942f3.jpg', 'width': 640, 'height': 360}, 'xl': {'src': 'https://cimg.cnyes.cool/prod/news/5759088/xl/655094c62669b0280a917f84c18942f3.jpg', 'width': 960, 'height': 539}, 'xxl': {'src': 'https://cimg.cnyes.cool/prod/news/5759088/xxl/655094c62669b0280a917f84c18942f3.jpg', 'width': 1080, 'height': 607}}",,832,歐亞股,,[],[],0,0,0,
5759231,鉅亨速報 - Factset 最新調查：Meta平台META-US的目標價調升至620元，幅度約3.33%,&lt;p&gt;根據FactSet最新調查，共59位分析師，對Meta平台(META-US)提出目標價估值：中位數由600元上修至620元，調升幅度3.33%。其中最高估值811元，最低估值475元。&lt;/p&gt;&lt;p&gt;綜合評級 - 共有71位分析師給予Meta平台評價：積極樂觀60位、保持中立9位、保守悲觀2位。&lt;/p&gt;&lt;p&gt;Meta平台今(31日)收盤價為591.8元。近5日股價上漲3.33%，標普指數上漲0.8%股價漲幅表現優於大盤。&lt;/p&gt;&lt;p&gt;資料來源：Factset，數據僅供參考，不作為投資建議。&lt;/p&gt;,0,1,FactSet 最新調查：Meta平台META-US目標價調升，最高估值、最低估值、中位數、綜合評級、近5日股價、標普、即時新聞資訊,1,[],,0,0,['USS:META:STOCK:ETF'],,0,"['美股', 'META', '市場預估', '目標價']",0,1730355333,,,917,美股預估,,[],['USS:META:STOCK'],0,0,0,"[{'code': 'META', 'name': 'Ball元宇宙ETF', 'symbol': 'USS:META:STOCK'}]"
5759050,GDP穩健和降息加持美股！瑞銀CIO看好明年標普500漲至6600點,"&lt;p&gt;昨 (30 日) 晚公佈的美國第三季度 GDP 年增 2.8%，繼第二季度增長 3% 之後，又呈現一個表現穩健的季度。雖該數據與市場預期基本一致，市場反應有限。瑞銀財富管理投資總監辦公室（CIO）認為，GDP 穩健增長和美聯儲降息的背景，有望為金融市場帶來支撐，持續看好美國基本面前景有利風險資產，並預計標普 500 指數或將在 2025 年底前上漲至 6600 點，將美國股票評為 &ldquo;具吸引力&rdquo;。&lt;/p&gt;

&lt;p&gt;瑞銀 (CIO) 認為，從細項來看，消費是拉動 GDP 的主要增長點，季環比折年率增長 3.7%。其中商品消費支出尤其強勁，環比折年率增長 6.0%，服務消費支出增長 2.6%。不過，實際商品消費帶來的增長貢獻並沒有這麼多，主要是因為三季度製造業產出偏弱。和上一季度相比，商品進口增加以及私人庫存下滑是三季度 GDP 環比折年率下降的主要原因。&lt;/p&gt;

&lt;p&gt;固定投資低迷，僅增長 1.3%，為 22 年第四季度以來的最低水準。住宅投資和非住宅投資均為負值，但設備投資保持強勁，增長達到 11.1%。國防開支增長 14.9%，對 GDP 增長率的貢獻率為 0.5 個百分點。&lt;/p&gt;

&lt;p&gt;PCE 平減指數放緩至 1.5%，而剔除食品和能源的核心 PCE 指數為 2.2%。瑞銀預計這足以讓美聯儲在即將舉行的 FOMC 會議上繼續降息。經濟的穩健增長和美聯儲降息的大背景有望為金融市場帶來支撐。&lt;/p&gt;

&lt;p&gt;距離美國總統大選僅剩一周，市場已進入最後衝刺階段，不過結果仍然難以預測。最新的民意調查顯示，在一些關鍵搖擺州，兩位候選人的支持率不相上下，儘管最近幾周預測市場上特朗普獲勝的幾率有所上升。&lt;/p&gt;

&lt;p&gt;鑒於潛在的重新計票和法律爭議，大選可能要待 12 月 11 日各州宣佈選舉人團投票結果後才知分曉。但大選一旦塵埃落定，瑞銀認為基本面應重新佔據主導地位，並決定市場走向。&lt;/p&gt;

&lt;p&gt;美國經濟擴張似乎可持續。週二發佈的職位空缺和勞動力流動調查（JOLTS）報告顯示，9 月份職位空缺降至 740 萬，低於市場預期和 8 月份的 790 萬，為 2021 年 1 月以來的最低水準。美國勞動力市場不再顯得過熱，但仍然相當具韌性。同時，昨晚公佈的第三季度美國 GDP 表現仍然穩健，核心 PCE 平減指數為 2.2%。總體而言，最近的數據表明美國經濟比之前想像的更強勁，而通脹廣泛回落的趨勢不變。&lt;/p&gt;

&lt;p&gt;美聯儲或將繼續推進政策寬鬆週期。聯邦公開市場委員會（FOMC）將在美國大選日後一天召開會議，並於 11 月 7 日公佈政策利率決議。隨著美國央行的政策立場繼續轉向中性，美聯儲官員近期的評論表明本次議息會議仍有可能降息 25 個基點。瑞銀預計今年後續或將降息 50 個基點，2025 年或將進一步下調政策利率 100 個基點。美聯儲在非衰退時期降息歷來對股票有利。&lt;/p&gt;

&lt;p&gt;科技企業三季度財報或繼續提示支援人工智能（AI）增長。谷歌母公司 Alphabet 在週二收盤後為大型科技公司的財報季拉開帷幕，其雲計算業務實現了 35% 的同比營收增長，營運利潤率達到 17% 的穩健水準。該公司還將其 2024 年的資本支出指引從之前預測的 480 億美元上調至 510 億美元。微軟、Meta、亞馬遜和蘋果將在接下來的兩天內跟進公佈季報。&lt;/p&gt;

&lt;p&gt;一些知名半導體公司的初步業績顯示，AI 需求健康且可持續，預計這將繼續推動未來幾年的增長。瑞銀相信，大型科技公司今年和明年的資本支出將有利於 AI 行業的發展。&lt;/p&gt;

&lt;p&gt;因此，瑞銀繼續認為基本面前景利好風險資產，並預計標普 500 指數或將在 2025 年底前上漲至 6600 點。瑞銀將美國股票評為 「具吸引力」。&lt;/p&gt;
",1,1,昨 (30 日) 晚公佈的美國第三季度 GDP 年增 2.8%，繼第二季度增長 3% 之後，又呈現一個表現穩健的季度。雖該數據與市場預期基本一致，市場反應有限。瑞銀財富管理投資總監辦公室認為，GDP 穩健增長和美聯儲降,1,[],,0,0,['GI:INX:INDEX:COMMON'],,0,"['美國大選', 'GDP', '小非農', '瑞銀', '標普500', 'S&P 500']",1,1730353324,"{'xs': {'src': 'https://cimg.cnyes.cool/prod/news/5759050/xs/fc1e323ad5e427fe3c0384c95489c15e.jpg', 'width': 100, 'height': 56}, 's': {'src': 'https://cimg.cnyes.cool/prod/news/5759050/s/fc1e323ad5e427fe3c0384c95489c15e.jpg', 'width': 180, 'height': 101}, 'm': {'src': 'https://cimg.cnyes.cool/prod/news/5759050/m/fc1e323ad5e427fe3c0384c95489c15e.jpg', 'width': 380, 'height': 214}, 'l': {'src': 'https://cimg.cnyes.cool/prod/news/5759050/l/fc1e323ad5e427fe3c0384c95489c15e.jpg', 'width': 640, 'height': 360}, 'xl': {'src': 'https://cimg.cnyes.cool/prod/news/5759050/xl/fc1e323ad5e427fe3c0384c95489c15e.jpg', 'width': 960, 'height': 540}, 'xxl': {'src': 'https://cimg.cnyes.cool/prod/news/5759050/xxl/fc1e323ad5e427fe3c0384c95489c15e.jpg', 'width': 1080, 'height': 607}}",,830,美股,,[],[],0,0,0,
5759049,翁朝棟卸任鋼鐵公會理事長 呼籲政府不能只重科技、輕傳產,"&lt;p&gt;鋼鐵公會昨 (30) 日召開會員大會，也是翁朝棟卸任理事長前最後一次主持，他不忘替鋼鐵業發聲，呼籲政府不能只「重科技、輕傳產」；至於碳費議題，翁朝棟直言最終的費率「不滿意但可接受」。&lt;/p&gt;

&lt;p&gt;翁朝棟表示，國內用鋼產業的年產值高達 7 兆元，就業人員約 110 萬人，但半導體業 30 萬人，製造業是國力象徵，台灣要多元發展，不管是經濟安全、國家安全或社會安全，才能有保障，政府不能偏重半導體，獎勵都給高科技產業，資源也要多支持製造業。&lt;/p&gt;

&lt;p&gt;碳費議題方面，翁朝棟指出，鋼鐵、水泥、石化等公會都有透過工總反映，呼籲政府正視問題，為了台灣經濟需均衡發展，不是只聽環團聲音，台灣應該要跟競爭對手日本、韓國、德國相比，而不是一直跟沒有製造業的新加坡比，希望循序漸進與國際接軌。&lt;/p&gt;

&lt;p&gt;翁朝棟強調，碳中和挑戰是不可迴避任責任，碳費只是手段，必須做好節能減碳，日本 10 年內投入 20 兆日元針對氫能冶金、CCUS 碳捕捉再利用技術發展，韓國投入 1500 億韓元、德國 26 億美元開發節能減碳。反觀台灣獎勵都給科技產業。&lt;/p&gt;

&lt;p&gt;針對鋼鐵業目前景氣，翁朝棟直言，政府要收碳費、電費又調漲，鋼鐵業真的很難經營，對此只能「無語問蒼天」。&lt;/p&gt;
",1,1,鋼鐵公會昨 (30) 日召開會員大會，也是翁朝棟卸任理事長前最後一次主持，他不忘替鋼鐵業發聲，呼籲政府不能只「重科技、輕傳產」；至於碳費議題，翁朝棟直言最終的費率「不滿意但可接受」。,1,[],,0,0,"['FX:JPYUSD:FOREX:COMMON', 'FX:KRWUSD:FOREX:COMMON']",,0,"['鋼鐵公會', '翁朝棟', '鋼鐵', '碳費']",1,1730353149,"{'xs': {'src': 'https://cimg.cnyes.cool/prod/news/5759049/xs/21558a771d39b532beb80a91a826a00b.jpg', 'width': 100, 'height': 56}, 's': {'src': 'https://cimg.cnyes.cool/prod/news/5759049/s/21558a771d39b532beb80a91a826a00b.jpg', 'width': 180, 'height': 101}, 'm': {'src': 'https://cimg.cnyes.cool/prod/news/5759049/m/21558a771d39b532beb80a91a826a00b.jpg', 'width': 380, 'height': 214}, 'l': {'src': 'https://cimg.cnyes.cool/prod/news/5759049/l/21558a771d39b532beb80a91a826a00b.jpg', 'width': 640, 'height': 360}, 'xl': {'src': 'https://cimg.cnyes.cool/prod/news/5759049/xl/21558a771d39b532beb80a91a826a00b.jpg', 'width': 960, 'height': 540}, 'xxl': {'src': 'https://cimg.cnyes.cool/prod/news/5759049/xl/21558a771d39b532beb80a91a826a00b.jpg', 'width': 960, 'height': 540}}",,827,台股新聞,,[],[],0,0,0,
5758670,比亞迪Q3告捷 首次銷售額超越特斯拉 唯利潤落後,"&lt;p&gt;在電動車市場的競爭中，特斯拉 (TSLA-US) 與中國電動車領導者比亞迪之間的戰鬥愈演愈烈。根據最新報導，比亞迪在第三季銷售額首次超過特斯拉，達到 282 億美元，而特斯拉的可比銷售額為 252 億美元。&lt;/p&gt;

&lt;p&gt;比亞迪作為中國最大的電動車製造商，其銷售量事實上超過特斯拉，但比亞迪的車輛單價較低。&lt;/p&gt;

&lt;p&gt;比亞迪產品線包括插電式混合動力車和全電動車，而特斯拉僅銷售全電動車。在第三季度，比亞迪交付約 110 萬輛車輛，其中約 44.3 萬輛為全電動車，68.6 萬輛為插電式混合動力車，而特斯拉交付約 46.3 萬輛全電動車。&lt;/p&gt;

&lt;p&gt;儘管數據顯示，比亞迪的銷售表現優於特斯拉，但在利潤方面，特斯拉仍然佔據優勢。&lt;/p&gt;

&lt;p&gt;比亞迪在第三季營業利潤約為 11 億美元，而特斯拉則達到約 28 億美元。然而，這兩者的數據難以直接比較，因為比亞迪和特斯拉在營運費用的計算上存在差異。&lt;/p&gt;

&lt;p&gt;在股市方面，特斯拉的股價周三下跌 0.8%，收於 257.55 美元，而標普 500 指數下跌 0.3%。相比之下，比亞迪 ADR 上漲 0.6%，收於 76.50 美元。儘管比亞迪在香港上市的股票在海外交易中下跌 0.7%，但截至周三，這些股票今年以來已上漲約 38%。&lt;/p&gt;

&lt;p&gt;比亞迪的整體業績符合華爾街的預期，顯示出其穩健的市場表現。而特斯拉周三股價下跌似乎與比亞迪的表現無關，因為市場對其第三季度財報的反應並不意外，而是獲利和技術面仍在影響股價。近期，特斯拉的股價因為超出預期的財報而上漲了約 22%。&lt;/p&gt;

&lt;p&gt;分析師指出，特斯拉的股價在財報公布後達到阻力位，這是技術分析師用來評估過去投資者買賣行為的指標。當前，投資者在特斯拉股價高於 260 美元時選擇獲利了結。儘管如此，特斯拉的股價在今年仍上漲約 4%。&lt;/p&gt;

&lt;p&gt;這一系列數據顯示，電動車市場的競爭正在加劇，特斯拉與比亞迪的差距正在縮小，未來的市場動向值得關注。&lt;/p&gt;
",1,1,在電動車市場的競爭中，特斯拉 (TSLA-US) 與中國電動車領導者比亞迪之間的戰鬥愈演愈烈。根據最新報導，比亞迪在第三季銷售額首次超過特斯拉，達到 282 億美元，而特斯拉的可比銷售額為 252 億美元。,1,['US-TSLA'],,0,0,"['GI:INX:INDEX:COMMON', 'USS:TSLA:STOCK:COMMON']",,0,"['比亞迪', '特斯拉', '美股', '電動車']",0,1730352741,"{'xs': {'src': 'https://cimg.cnyes.cool/prod/news/5758670/xs/465663b5be08d520f39f03203aa83ec5.jpg', 'width': 100, 'height': 56}, 's': {'src': 'https://cimg.cnyes.cool/prod/news/5758670/s/465663b5be08d520f39f03203aa83ec5.jpg', 'width': 180, 'height': 101}, 'm': {'src': 'https://cimg.cnyes.cool/prod/news/5758670/m/465663b5be08d520f39f03203aa83ec5.jpg', 'width': 380, 'height': 214}, 'l': {'src': 'https://cimg.cnyes.cool/prod/news/5758670/l/465663b5be08d520f39f03203aa83ec5.jpg', 'width': 640, 'height': 360}, 'xl': {'src': 'https://cimg.cnyes.cool/prod/news/5758670/xl/465663b5be08d520f39f03203aa83ec5.jpg', 'width': 960, 'height': 539}, 'xxl': {'src': 'https://cimg.cnyes.cool/prod/news/5758670/xxl/465663b5be08d520f39f03203aa83ec5.jpg', 'width': 1080, 'height': 607}}",,831,美股雷達,,"[{'name': '股票-美國大型', 'categoryAbbrId': 'C65'}]",[],0,0,0,"[{'code': 'TSLA', 'name': '特斯拉', 'symbol': 'USS:TSLA:STOCK'}]"
5759137,日本央行調高成長前景後 日元兌美元小幅走高,"&lt;p&gt;日本央行周四 (31 日) 一如預期維持利率不變，但上調了經濟成長預期，幫助日元兌美元匯率在一周內首次上漲。&lt;/p&gt;

&lt;p&gt;截至台北時間下午 13:08，美元兌日元匯率報 152.94，日元上漲 0.31%，這將 10 月份的跌幅縮小至 6.1%。&lt;/p&gt;

&lt;p&gt;日本央行以 9-0 通過利率決議。日本央行表示，鑑於實際利率處於非常低的水準，如果經濟和物價走勢符合其預測，日本央行將繼續提高政策利率。&lt;/p&gt;

&lt;p&gt;此外，央行調高 2025 財年 GDP 成長率預測，下調 2025 財年通膨成長預測。日本央行預計，2024 財年 GDP 成長預期為 0.6%，2025 財年 GDP 成長預期為 1.1%，2026 財年 GDP 成長預期為 1.0%。&lt;/p&gt;

&lt;p&gt;野村證券外匯策略主管 Yujiro Goto 表示，日元小幅上漲可歸因於部位平倉。&lt;/p&gt;

&lt;p&gt;他表示：「在日本政治不確定性加劇的背景下，市場預期日本央行將對未來升息採取更加謹慎的立場，但展望報告並未實現，導致倉位小幅調整。」&lt;/p&gt;

&lt;p&gt;日元觀察人士關注的焦點是日本央行總裁植田和男，是否會針對下次升息給出任何暗示。在日元繼續疲軟下，央行面臨盡早升息的壓力。&lt;/p&gt;

&lt;p&gt;澳洲聯邦銀行貨幣策略師 Carol Kong 表示，今天晚些時候的焦點集中在央行總裁身上，他可能會就日本央行下次升息時間提供更多見解，如果他提出更強有力的升息指引，這將令人意外，可能會提前定價並推高日元。&lt;/p&gt;

&lt;p&gt;日本執政聯盟失去多數席次後，日元周一跌至 7 月以來新低。這引發了日本當局的警告，日本財務大臣加藤勝信周二表示，日本大選後日元大幅貶值，政府將以高度緊迫感關注外匯走勢。&lt;/p&gt;
",1,1,日本央行周四 (31 日) 一如預期維持利率不變，但上調了經濟成長預期，幫助日元兌美元匯率在一周內首次上漲。,1,[],,0,0,"['FX:JPYUSD:FOREX:COMMON', 'FX:USDJPY:FOREX:COMMON']",,0,"['日本央行', '日元', '經濟前景', '利率決策', '日本']",0,1730352002,"{'xs': {'src': 'https://cimg.cnyes.cool/prod/news/5759137/xs/d7160ef1bc520193dc9e23a58b31849d.jpg', 'width': 100, 'height': 56}, 's': {'src': 'https://cimg.cnyes.cool/prod/news/5759137/s/d7160ef1bc520193dc9e23a58b31849d.jpg', 'width': 180, 'height': 101}, 'm': {'src': 'https://cimg.cnyes.cool/prod/news/5759137/m/d7160ef1bc520193dc9e23a58b31849d.jpg', 'width': 380, 'height': 214}, 'l': {'src': 'https://cimg.cnyes.cool/prod/news/5759137/l/d7160ef1bc520193dc9e23a58b31849d.jpg', 'width': 640, 'height': 360}, 'xl': {'src': 'https://cimg.cnyes.cool/prod/news/5759137/xl/d7160ef1bc520193dc9e23a58b31849d.jpg', 'width': 960, 'height': 540}, 'xxl': {'src': 'https://cimg.cnyes.cool/prod/news/5759137/xxl/d7160ef1bc520193dc9e23a58b31849d.jpg', 'width': 1080, 'height': 608}}",,838,外匯,,[],[],0,0,0,
5758866,最快本周六？黎巴嫩總理：有望未來幾小時或數天內跟以色列達停火協議,"&lt;p&gt;黎巴嫩看守總理 Nadschib Mikati 周三 (30 日) 表示，有望在未來幾小時或數日內宣佈與以色列達成停火協議，但與此同時，以色列仍持續空襲黎國東部地區，造成至少 31 人死亡。Mikati 周四將跟美國特使 Amos Hochstein 會面商議以色列與黎巴嫩真主黨的停火協議。&lt;/p&gt;

&lt;p&gt;Mikati 在與 Hochstein 會面前夕接受黎國媒體《Al Jadeed》訪問時說，原本認為在下周二 (11 月 5 日) 美國總統大選之前不可能達成停火協議，但跟 Hochstein 通話後感到樂觀，目前正盡最大努力，並對未來幾小時或幾天內達成停火協議持樂觀態度。&lt;/p&gt;

&lt;p&gt;白宮方面表示，美國特使 Brett McGurk 將於周四與 Hochstein 一起訪問以色列。一位美國官員表示，他們將在那裡討論一系列問題，「包括加薩、黎巴嫩、人質、伊朗和更廣泛的地區問題」。&lt;/p&gt;

&lt;p&gt;《以色列公共廣播公司》(Kan) 公佈了一份據稱是停火協議的草案，並指停火日期是在本周六 (11 月 2 日)，白宮國安發言人 Sean Savett 則稱「目前流傳著許多報導和草案，但它們並未反映目前的談判狀況。」&lt;/p&gt;

&lt;p&gt;真主黨新領導人 Sheikh Naim Qassem 周三稍早表示，若以色列希望停止戰爭，真主黨將同意在一定條件下停火，但以色列迄今尚未同意任何可以討論的提議。&lt;/p&gt;

&lt;p&gt;與此同時，以色列周三繼續擴大針對黎巴嫩境內真主黨的行動，對以羅馬神廟聞名的東部城市巴勒貝克及其附近村莊發動猛烈空襲。以軍在空襲之後向《路透社》表示，攻擊目標是貝卡谷地地區的真主黨燃料庫。&lt;/p&gt;

&lt;p&gt;黎國公共衛生部周三指出，以軍對巴勒貝克地區貝德納耶爾村的攻擊造成 8 人死亡，其中包括 5 名婦女，對巴勒貝克地區拜特薩利比鎮的襲擊造成 11 人死亡，包括 3 名婦女，對東部貝卡地區索赫莫爾鎮的攻擊造成 12 人死亡。&lt;/p&gt;

&lt;p&gt;《新華社》報導，黎巴嫩軍方消息人士表示，以軍戰機和無人機周三共對黎巴嫩南部實施 55 次空襲，對黎巴嫩東部實施 15 次空襲。&lt;/p&gt;

&lt;p&gt;黎國公共衛生部周三公佈的統計數據，自去年 10 月初以來，真主黨與以色列之間的衝突已在黎巴嫩造成 2822 人死亡。&lt;/p&gt;
",1,1,,1,[],,0,0,['EOD:BRENT:EOD:ENERGY'],,0,"['以色列', '停火協議', '真主黨', '美國大選']",0,1730351507,"{'xs': {'src': 'https://cimg.cnyes.cool/prod/news/5758866/xs/92f11eed8b3ba29ad545d58feef8b203.jpg', 'width': 100, 'height': 56}, 's': {'src': 'https://cimg.cnyes.cool/prod/news/5758866/s/92f11eed8b3ba29ad545d58feef8b203.jpg', 'width': 180, 'height': 101}, 'm': {'src': 'https://cimg.cnyes.cool/prod/news/5758866/m/92f11eed8b3ba29ad545d58feef8b203.jpg', 'width': 380, 'height': 214}, 'l': {'src': 'https://cimg.cnyes.cool/prod/news/5758866/l/92f11eed8b3ba29ad545d58feef8b203.jpg', 'width': 640, 'height': 360}, 'xl': {'src': 'https://cimg.cnyes.cool/prod/news/5758866/xl/92f11eed8b3ba29ad545d58feef8b203.jpg', 'width': 960, 'height': 540}, 'xxl': {'src': 'https://cimg.cnyes.cool/prod/news/5758866/xxl/92f11eed8b3ba29ad545d58feef8b203.jpg', 'width': 1080, 'height': 608}}",,833,國際政經,,[],[],0,0,0,
5758680,川普拿關稅威脅「歐洲小可愛們」 歐盟兩大招等著：別敬酒不吃吃罰酒,"&lt;p&gt;美國共和黨總統候選人川普周二在賓州的集會上再次強調了對歐盟的關稅威脅。他表示，如果他在 11 月 5 日的大選中獲勝，歐盟將因未能購買足夠的美國出口產品而「付出巨大代價」。&lt;/p&gt;

&lt;p&gt;川普在集會上指出：「歐盟聽起來很好，很可愛，但他們不拿走我們的汽車和農產品，而是在美國銷售了數百萬輛汽車。他們將不得不為此承擔後果。」&lt;/p&gt;

&lt;p&gt;川普先前已明確表示，一旦當選，他將對來自所有國家的進口產品徵收 10% 至 20% 的關稅，並對部分來自中國的產品徵收高達 60% 的關稅。歐盟官員估計這可能導致歐盟每年的出口額減少約 1500 億歐元。&lt;/p&gt;

&lt;p&gt;然而，經濟學家警告稱，這項政策可能會對全球供應鏈造成衝擊，很可能引發報復性反制措施，並提高美國民眾的生活成本。&lt;/p&gt;

&lt;p&gt;與此同時，川普的競選對手&mdash;&mdash;民主黨人賀錦麗在華盛頓的一場大型集會上對其關稅計劃提出了強烈批評。她對數萬名集會者表示，川普正在尋求不受限制的權力，並稱「這個人的情緒反覆無常，沉迷於復仇，滿腔怨恨，渴望無限權力」。&lt;/p&gt;

&lt;p&gt;由於川普的關稅威脅，歐洲股市已經受到顯著影響。今年，歐洲股市的表現明顯落後美股，分析師指出，川普的政策是造成這一差距的主要因素之一。分析師擔憂，歐洲出口商可能會受到衝擊，同時預期美股企業將因川普的減稅政策而受益。&lt;/p&gt;

&lt;p&gt;根據巴克萊的數據，自今年 9 月底以來，受美國關稅影響的 28 只知名歐洲股票已累計下跌 7%。這些股票包括全球最大的洋酒公司帝亞吉歐、奢侈品巨頭路威酩軒集團和​​汽車製造商大眾等。巴克萊指出，其中有幾家公司超過 30% 的收入來自美國市場。&lt;/p&gt;

&lt;p&gt;摩根大通資產管理公司的全球市場策略師休 ‧ 金伯表示，目前歐洲股市的交易價格比美國市場低 40%，這一現像在一定程度上反映了貿易衝突再度升級的潛在威脅。他表示：「這種負面情緒現在似乎很好地反映在了價格上。」&lt;/p&gt;

&lt;p&gt;美國是歐盟最大的商品出口目的地，佔歐盟出口總額的 19.7%；僅次於中國，美國也是歐盟第二大貨物進口來源國，佔歐盟進口總額的 13.7%。根據歐盟委員會的數據，2023 年歐盟向美國出口了 5,023 億歐元的商品。&lt;/p&gt;

&lt;figure&gt;&lt;img alt=&quot;2023年歐盟成員國對美國的貨物出口的前十名&quot; data-height=&quot;478&quot; data-mime=&quot;image/webp&quot; data-ratio=&quot;1.3535564853556485&quot; data-src-m=&quot;https://cimg.cnyes.cool/prod/news/5758680/m/5aba098a1a4ae8fc471ab0b932c220cc.jpg&quot; data-width=&quot;647&quot; src=&quot;https://cimg.cnyes.cool/prod/news/5758680/l/5aba098a1a4ae8fc471ab0b932c220cc.jpg&quot;&gt;
&lt;figcaption&gt;2023 年歐盟成員國對美國的貨物出口的前十名&lt;/figcaption&gt;
&lt;/figure&gt;

&lt;p&gt;歐洲新聞網（Euronews）30 日分析指出，川普提議對歐盟進口商品徵收 10% 的關稅，這可能會損害歐洲的出口驅動型產業，如汽車與機械（2076 億歐元）、化學品（1374 億歐元）和其他製成品（1037 億歐元）等；德國（1577 億歐元）、義大利（673 億歐元）以及愛爾蘭（516 億歐元）等成員國將會是受影響最嚴重的歐盟國家。同時，歐盟的潛在報復措施可能加劇緊張局勢升級，進一步破壞美歐貿易關係。&lt;/p&gt;

&lt;h6&gt;歐盟胡蘿蔔加大棒應對 貿易協議 + 報復性關稅&lt;/h6&gt;

&lt;p&gt;英媒《金融時報》早前曾披露稱，歐盟正在製定「胡蘿蔔加大棒」的應對策略。&lt;/p&gt;

&lt;p&gt;這項策略具體來說分為兩步驟：如果川普勝選，歐盟的第一步是立即派出談判人員與其接觸，尋求盡快達成貿易協議，增加進口特定美國商品，避免川普對歐盟產品加徵關稅；如果第一步落​​空，而川普選擇施加懲罰性關稅，那麼歐盟也將進行有針對性的報復。&lt;/p&gt;

&lt;p&gt;據報導，歐盟正在擬定一份從美國進口商品的清單，清單內商品可能被徵收 50% 甚至更高的關稅。他們計劃對川普的「核心選民」下手，例如對美國的波本威士忌、哈雷摩托車、動力船舶等施加沉重關稅。&lt;/p&gt;
",1,1,美國共和黨總統候選人川普周二在賓州的集會上再次強調了對歐盟的關稅威脅。他表示，如果他在 11 月 5 日的大選中獲勝，歐盟將因未能購買足夠的美國出口產品而「付出巨大代價」。,1,[],,0,0,['FX:EURUSD:FOREX:COMMON'],,0,"['歐盟', '川普', '賀錦麗', '關稅', '美國大選']",0,1730350873,"{'xs': {'src': 'https://cimg.cnyes.cool/prod/news/5758680/xs/6e8fd4e69e35135c9029cdad6fd2c4ed.jpg', 'width': 100, 'height': 56}, 's': {'src': 'https://cimg.cnyes.cool/prod/news/5758680/s/6e8fd4e69e35135c9029cdad6fd2c4ed.jpg', 'width': 180, 'height': 101}, 'm': {'src': 'https://cimg.cnyes.cool/prod/news/5758680/m/6e8fd4e69e35135c9029cdad6fd2c4ed.jpg', 'width': 380, 'height': 214}, 'l': {'src': 'https://cimg.cnyes.cool/prod/news/5758680/l/6e8fd4e69e35135c9029cdad6fd2c4ed.jpg', 'width': 640, 'height': 360}, 'xl': {'src': 'https://cimg.cnyes.cool/prod/news/5758680/xl/6e8fd4e69e35135c9029cdad6fd2c4ed.jpg', 'width': 960, 'height': 539}, 'xxl': {'src': 'https://cimg.cnyes.cool/prod/news/5758680/xxl/6e8fd4e69e35135c9029cdad6fd2c4ed.jpg', 'width': 1080, 'height': 607}}",,833,國際政經,,"[{'name': '股票-歐洲大型', 'categoryAbbrId': 'C61'}, {'name': '股票-美國大型', 'categoryAbbrId': 'C65'}]",[],0,0,0,
5758664,Wedbush分析師：蘋果市值明年破4兆美元 輝達緊跟,"&lt;p&gt;《Yahoo Finance》周二 (29 日) 報導，根據 Wedbush Securities 分析師 Dan Ives 的預測，蘋果 (Apple)(AAPL-US) 有望在 2025 年成為首間市值達到 4 兆美元的公司，其次是人工智慧 (AI) 領域最受矚目企業輝達(Nvidia)(NVDA-US)。&lt;/p&gt;

&lt;p&gt;Ives 指出，蘋果擁有超過 20 億龐大的 iOS 裝置用戶，並且可能有 3 億支 iPhone 將啟動升級換機潮。&lt;/p&gt;

&lt;p&gt;他強調，蘋果的服務業務估值達 2 兆美元，並在其生態系統中推動消費型人工智慧的發展，預計將帶來更大的增長。&lt;/p&gt;

&lt;p&gt;Wedbush 維持蘋果股票跑贏大盤 (Outperform) 的評級，並將目標價定在 300 美元。受到 AI 相關改進的推動，該公司預計蘋果在 2025 年可能賣出逾 2.4 億支 iPhone，創下 iPhone 銷量的新高紀錄。&lt;/p&gt;

&lt;p&gt;該公司觀察到，光是在中國，就有約 1 億支 iPhone 可能在 2025 年準備升級。蘋果即將推出的 iOS 18.2 版本也標誌著其 AI 驅動裝置的新篇章。&lt;/p&gt;

&lt;p&gt;這並非 Ives 首次對蘋果做出 4 兆美元市值的預測。他曾在 2023 年 12 月預測蘋果將在 2024 年底突破此門檻，並認為蘋果於 2024 年 6 月宣布的 AI 相關消息是實現此目標的重要推動力。&lt;/p&gt;

&lt;p&gt;此外，Wedbush 認為輝達將在 2025 年加入蘋果，成為另一間市值達 4 兆美元的公司。今年 10 月初及 6 月期間，這間 AI 晶片製造商曾一度超越蘋果，躍居全球最有價值企業榜首，但隨後雙雙被微軟 (Microsoft)(MSFT-US) 超越。&lt;/p&gt;
",1,1,據 Wedbush Securities 分析師 Dan Ives 的預測，蘋果有望在 2025 年成為首間市值達到 4 兆美元的公司，其次是人工智慧 (AI) 領域最受矚目企業輝達。,1,"['US-AAPL', 'US-NVDA', 'US-MSFT']",,0,0,"['USS:AAPL:STOCK:COMMON', 'USS:NVDA:STOCK:COMMON', 'USS:MSFT:STOCK:COMMON']",,0,"['蘋果', '市值', '輝達', 'iPhone']",1,1730350804,"{'xs': {'src': 'https://cimg.cnyes.cool/prod/news/5758664/xs/773ad94f5fae94b2f0f461520f7d75ee.jpg', 'width': 100, 'height': 56}, 's': {'src': 'https://cimg.cnyes.cool/prod/news/5758664/s/773ad94f5fae94b2f0f461520f7d75ee.jpg', 'width': 180, 'height': 101}, 'm': {'src': 'https://cimg.cnyes.cool/prod/news/5758664/m/773ad94f5fae94b2f0f461520f7d75ee.jpg', 'width': 380, 'height': 214}, 'l': {'src': 'https://cimg.cnyes.cool/prod/news/5758664/l/773ad94f5fae94b2f0f461520f7d75ee.jpg', 'width': 640, 'height': 360}, 'xl': {'src': 'https://cimg.cnyes.cool/prod/news/5758664/xl/773ad94f5fae94b2f0f461520f7d75ee.jpg', 'width': 960, 'height': 539}, 'xxl': {'src': 'https://cimg.cnyes.cool/prod/news/5758664/xxl/773ad94f5fae94b2f0f461520f7d75ee.jpg', 'width': 1080, 'height': 607}}",,831,美股雷達,,[],[],0,0,0,"[{'code': 'AAPL', 'name': '蘋果', 'symbol': 'USS:AAPL:STOCK'}, {'code': 'NVDA', 'name': '輝達', 'symbol': 'USS:NVDA:STOCK'}, {'code': 'MSFT', 'name': '微軟', 'symbol': 'USS:MSFT:STOCK'}]"
5759089,兩年多首見！韓Q3乘用車出口額衰退4.7% 現代汽車財報早現全球市況複雜端倪,"&lt;p&gt;最新數據顯示，今年第三季南韓乘用車出口額年減 4.7% 至 140 億美元，為 2022 年第一季以來首度出現負成長，主要因為中型燃油車和電動車銷售低迷不振，而這一數據恰好也能解釋該國巨擘現代汽車第三季營收創高利潤卻下滑的情形。&lt;/p&gt;

&lt;p&gt;根據南韓海關今 (31) 日公布的數據，在新能源汽車方面，電動車和插電式混動車出口額大幅減少，油電混合汽車出口額則年增 71.3% 至 30.1 億美元，創歷年同期新高紀錄。與此同時，南韓第三季乘用車進口額年增 12.6% 至 30 億美元，新能源汽車進口額佔 69.3%，佔比創歷史新高。&lt;/p&gt;

&lt;p&gt;上周四 (24 日)，現代汽車公布的第三季財報表現複雜，雖實現歷史最高營收 42.93 兆韓元，年增 4.7%，但季減 4.6% 且營業利潤年減 6.5% 至 3.6 兆韓元，顯示隨著供給變多，全球汽車行業賺錢難度變大了。&lt;/p&gt;

&lt;p&gt;專家表示，現代汽車反映了全球汽車行業當前所面臨的複雜局面，各個車廠的操盤難度正在變大。&lt;/p&gt;

&lt;p&gt;根據現代汽車財報，該公司全球批發銷量在第三季達到 101.2 萬輛，年減 3.2%，主要因為全球經濟放緩對工業需求形成壓制，各個市場的表現並不均衡，北美市場的強勁增長與歐洲的銷量下滑形成了鮮明對比。&lt;/p&gt;

&lt;p&gt;現代汽車在第三季取得的營收成長歸功三大因素，高附加價值車款如 Genesis 系列與混合動力車的暢銷，大大推動整體收入，且匯率的有利波動也助推營收成長。此外，SUV 市場的持續擴展也是一大推動力。&lt;/p&gt;

&lt;p&gt;但由於成本上升，使得現代汽車未能在第三季保持利潤成長，銷售及管理費用上升至 11.5%，與去年同期相比增加 0.2 個百分點，尤其是勞動成本增加對獲利率形成壓力。&lt;/p&gt;

&lt;p&gt;此外，北美市場的 Grand Santa Fe 車款主動保修延長措施，也導致現代汽車提撥約 3200 億韓元資金，帶來直接影響，但若排除資金提撥，營業利潤將達 3.9 兆韓元，與市場預期基本一致。&lt;/p&gt;

&lt;p&gt;現代汽車第三季電動車銷量有所下降，但混合動力電動車銷量成長 40% 以上，現代汽車正重新評估自身在全球電動車市場的定位。&lt;/p&gt;
",1,1,,1,[],,0,0,"['FX:KRWUSD:FOREX:COMMON', 'FX:USDKRW:FOREX:COMMON']",,0,"['乘用車', '南韓', '現代汽車', '財報', '衰退']",0,1730348885,"{'xs': {'src': 'https://cimg.cnyes.cool/prod/news/5759089/xs/036c7ac23bbe483cf85c1edf3e0b3cb6.jpg', 'width': 100, 'height': 56}, 's': {'src': 'https://cimg.cnyes.cool/prod/news/5759089/s/036c7ac23bbe483cf85c1edf3e0b3cb6.jpg', 'width': 180, 'height': 101}, 'm': {'src': 'https://cimg.cnyes.cool/prod/news/5759089/m/036c7ac23bbe483cf85c1edf3e0b3cb6.jpg', 'width': 380, 'height': 214}, 'l': {'src': 'https://cimg.cnyes.cool/prod/news/5759089/l/036c7ac23bbe483cf85c1edf3e0b3cb6.jpg', 'width': 640, 'height': 360}, 'xl': {'src': 'https://cimg.cnyes.cool/prod/news/5759089/xl/036c7ac23bbe483cf85c1edf3e0b3cb6.jpg', 'width': 960, 'height': 539}, 'xxl': {'src': 'https://cimg.cnyes.cool/prod/news/5759089/xxl/036c7ac23bbe483cf85c1edf3e0b3cb6.jpg', 'width': 1080, 'height': 607}}",,832,歐亞股,,[],[],0,0,0,
5758967,歐美網通庫存估年底見底 台網通廠明年迎WiFi 7、10G PON雙主流換機潮,"&lt;p&gt;在經歷一年多的庫存去化後，網通產業即將迎來新一波成長契機，法人指出，隨著全球家戶寬頻網路在 2025 年邁向 WiFi 7 和 10G PON 新世代，國際電信業者已開始啟動設備升級採購，台廠可望受惠。&lt;/p&gt;

&lt;p&gt;根據市場調查，包括美國 Verizon、AT&amp;T、T-Mobile 與 Comcast 等主要電信商近期均表示，將加強固網寬頻與 FWA 業務布局。歐洲大廠瑞典愛立信與芬蘭諾基亞也指出，印度電信設備需求已趨於正常化。&lt;/p&gt;

&lt;p&gt;德國電信率先釋出大單，規劃 2025 至 2027 年大規模投資光纖網路，預計 2027 年前光纖網路可供裝家戶每年淨增 250 萬戶，總戶數將達 1,750 萬戶，智易 (3596-TW) 和達發已搶下德國電信 WiFi 7 的 10G PON 大單，其他包括中磊 (5388-TW)、啟碁 (6285TW-)、合勤控 (3704-TW) 也積極布局。&lt;/p&gt;

&lt;p&gt;法人預期，在 AI 應用逐漸擴大帶動網路需求提升下，網通產業明年將逐步回升。其中，歐洲客戶開始以急單、短單方式回補庫存，包括 WiFi 7、10G PON 等新產品替換需求，，印度寬頻基礎建設也持續推進，5G FWA 出貨可望進一步放大。&lt;/p&gt;

&lt;p&gt;10G PON 上傳及下載傳輸速度可達 10Gbps，WiFi 7 傳輸速度更可望達 40Gbps，是 WiFi 6E 的四倍。因應 AI 等創新應用，傳輸需求從 1Gbps 邁向 10Gbps，2025 年將成為超高速元年。&lt;/p&gt;

&lt;p&gt;中磊表示，企業及網通客戶設備調整將持續至 2024 年底，隨後在 10G PON、DOCSIS 4.0 及 WiFi 7 驅動下，2025 年可望重回成長軌道；合勤控已在 10G PON 累積百萬台出貨實績，WiFi 7 高階產品也已在今年下半年交貨。&lt;/p&gt;

&lt;p&gt;此外，AI 應用逐漸擴大也帶動網路需求提升，從上游晶片、電信設備到資料中心交換器都將受惠。在中企於美國發展受限的情況下，台廠更可望因去中化趨勢搶占美國基建商機。&lt;/p&gt;
",1,1,在經歷一年多的庫存去化後，網通產業即將迎來新一波成長契機，法人指出，隨著全球家戶寬頻網路在 2025 年邁向 WiFi 7 和 10G PON 新世代，國際電信業者已開始啟動設備升級採購，台廠可望受惠。,1,[],,0,0,"['TWS:3596:STOCK:COMMON', 'TWS:5388:STOCK:COMMON', 'TWS:3704:STOCK:COMMON']",,0,"['網通', '中磊', '智易', '啟碁', '合勤控']",1,1730348402,"{'xs': {'src': 'https://cimg.cnyes.cool/prod/news/5758967/xs/13b3f95eda3df959d78a5bba57f8a712.jpg', 'width': 100, 'height': 56}, 's': {'src': 'https://cimg.cnyes.cool/prod/news/5758967/s/13b3f95eda3df959d78a5bba57f8a712.jpg', 'width': 180, 'height': 101}, 'm': {'src': 'https://cimg.cnyes.cool/prod/news/5758967/m/13b3f95eda3df959d78a5bba57f8a712.jpg', 'width': 380, 'height': 214}, 'l': {'src': 'https://cimg.cnyes.cool/prod/news/5758967/l/13b3f95eda3df959d78a5bba57f8a712.jpg', 'width': 640, 'height': 360}, 'xl': {'src': 'https://cimg.cnyes.cool/prod/news/5758967/xl/13b3f95eda3df959d78a5bba57f8a712.jpg', 'width': 960, 'height': 540}, 'xxl': {'src': 'https://cimg.cnyes.cool/prod/news/5758967/xxl/13b3f95eda3df959d78a5bba57f8a712.jpg', 'width': 1080, 'height': 608}}",,827,台股新聞,,[],[],0,0,0,"[{'code': '3596', 'name': '智易', 'symbol': 'TWS:3596:STOCK'}, {'code': '5388', 'name': '中磊', 'symbol': 'TWS:5388:STOCK'}, {'code': '3704', 'name': '合勤控', 'symbol': 'TWS:3704:STOCK'}]"
5758329,資本、獲利令人滿意 中華信評：富壽、富邦金評等展望「穩定」,"&lt;p&gt;中華信評發布報告，確認富邦人壽與富邦金控 (2881-TW) 長期評等的評等展望為「穩定」。中華信評表示，儘管易受資本市場波動的影響，富邦人壽未來 2 年的資本與獲利水準將維持在令人滿意的水準，富壽的投資槓桿與外匯風險高於亞太區同業，但此為台灣壽險業的普遍現象。&lt;/p&gt;

&lt;p&gt;中華信評確認富邦人壽的長期發行體信用評等與財務實力評等均為「twAA+」，並確認該公司無擔保次順位公司債券的長期債務發行信用評等為「twAA」。與此同時，中華信評確認富邦金 (2881-TW) 的長期發行體信用評等為「twAA」，短期發行體信用評等為「twA-1+」。&lt;/p&gt;

&lt;p&gt;中華信評指出，由於股票市場估值增加，富邦人壽的總調整後資本於 2023 年與 2024 年上半年期間有明顯增加。&lt;/p&gt;

&lt;p&gt;中華信評指出，富邦人壽於 2023 年與 2024 年上半年致力於控管避險成本，加上美元持續走強，外匯風險因而升高，2024 年第三季新台幣兌美元升值期間，富壽提高避險比率。中華信評認為，富邦人壽應可維持有效的風險管理機制，以防止資本與獲利出現大幅減降，同時動態的方式管理其外匯風險部位。&lt;/p&gt;

&lt;p&gt;富邦人壽與富邦金控獲得「穩定」的評等展望，中華信評認為，未來一至二年富邦人壽將持續帶動該金控集團的集團信用結構，同時其他主要子公司將維持穩定的信用結構。&lt;/p&gt;

&lt;p&gt;中華信評認為，富壽有所提升的資本強度將有助於其管理市場波動對資本與獲利所造成的負面影響。此外，預期該公司將在其資本與獲利能力未受到削弱的情況下滿足額外的成長所需相關資本需求。&lt;/p&gt;

&lt;p&gt;資本需求可能用於吸收其投資標的之市場價格波動、挹助海外子公司資本、以及追求進一步自身成長。此外，中華信評認為，富壽應可在不影響其資本強度的情況下，藉由主動調整其避險策略管理其外匯風險。&lt;/p&gt;

&lt;p&gt;中華信評將台北富邦銀行合併後的資本與獲利能力評估結果由「強健」調整至「允當」等級，可能因為該行積極的風險性資產累積，特別是在風險較高的市場 (如中國) 或是股票投資部位增加。若北富銀的獲利不足以支持成長，則該行的資本與獲利能力亦可有能惡化之虞。&lt;/p&gt;
",1,1,中華信評發布報告，確認富邦人壽與富邦金控 (2881-TW) 長期評等的評等展望為「穩定」。中華信評表示，儘管易受資本市場波動的影響，富邦人壽未來 2 年的資本與獲利水準將維持在令人滿意的水準,1,['2881'],,0,0,"['TWS:2881:STOCK:COMMON', 'FX:USDTWD:FOREX:COMMON']",,0,"['富邦金', '富邦人壽', '中華信評']",1,1730347802,"{'xs': {'src': 'https://cimg.cnyes.cool/prod/news/5758329/xs/2a88a29c4ce8fde1f192833e654d781c.jpg', 'width': 100, 'height': 56}, 's': {'src': 'https://cimg.cnyes.cool/prod/news/5758329/s/2a88a29c4ce8fde1f192833e654d781c.jpg', 'width': 180, 'height': 101}, 'm': {'src': 'https://cimg.cnyes.cool/prod/news/5758329/m/2a88a29c4ce8fde1f192833e654d781c.jpg', 'width': 380, 'height': 214}, 'l': {'src': 'https://cimg.cnyes.cool/prod/news/5758329/l/2a88a29c4ce8fde1f192833e654d781c.jpg', 'width': 640, 'height': 360}, 'xl': {'src': 'https://cimg.cnyes.cool/prod/news/5758329/l/2a88a29c4ce8fde1f192833e654d781c.jpg', 'width': 640, 'height': 360}, 'xxl': {'src': 'https://cimg.cnyes.cool/prod/news/5758329/l/2a88a29c4ce8fde1f192833e654d781c.jpg', 'width': 640, 'height': 360}}",,827,台股新聞,,[],[],0,0,0,"[{'code': '2881', 'name': '富邦金', 'symbol': 'TWS:2881:STOCK'}]"
5758870,獎勵措施多、基礎設施增 美國電動車銷量超越歐盟,"&lt;p&gt;New AutoMotive 全球電動車追蹤器 (GEVT) 數據顯示，美國車廠在 2024 年第三季創下了 34.4 萬輛電動車的銷售紀錄。該里程碑反映了全球電動車市場的轉變，因為美國加快了電氣化，電動車銷量超過了歐盟。&lt;/p&gt;

&lt;p&gt;美國車市在某種程度上回到了自然秩序，愈來愈多消費者開始接受電動車，最近銷售數據反映了大幅成長。這表明電動車不再只是利基產品，而是成為主流。&lt;/p&gt;

&lt;p&gt;而歐盟雄心勃勃的排放標準愈來愈受爭議。雖然因有力的獎勵措施、支持性政策和更高的燃料成本，歐洲歷來在電動車購買方面處於領先，但最近的一些變化，例如補貼減少與中國的貿易緊張，影響了歐洲車廠的供應鏈和成本結構，使其難以與更便宜的中國進口車競爭。&lt;/p&gt;

&lt;p&gt;據 Tavares 等公司，比亞迪、蔚來、上汽、長城和奇瑞等中國製造商正在製造更先進的電動車，成本比歐洲汽車製造商低 30%，售價接近燃油車。&lt;/p&gt;

&lt;p&gt;中國成熟電動車品牌的崛起，推動歐洲製造商重新評估其策略。這正是包括福斯、Stellantis 和 Mercedes-Benz 在內的歐洲大型車廠在電動車生產和獲利能力方面面臨挫折，導致計劃中的電動車推廣延遲甚至停止的原因。&lt;/p&gt;

&lt;p&gt;對消費者來說，更高的電動車價格和基礎設施問題產生了猶豫。雖然歐洲的充電網絡很大，但分布不均勻，農村和較不富裕地區持續存在基礎設施差距。&lt;/p&gt;

&lt;p&gt;&lt;em&gt;&lt;strong&gt;美國電動車迎來轉折&lt;/strong&gt;&lt;/em&gt;&lt;/p&gt;

&lt;p&gt;儘管圍繞電動車有各種政治噪音，也有負面新聞，但美國製造商在銷售其電動車方面正迎來轉折。據 Cox Automotive，2024 年第三季美國估計售出 344,086 輛電動車，比第二季增加了 5%。第三季銷售額達到 8.9%，創下最高水平，高於 2023 年第三季的 7.8%。&lt;/p&gt;

&lt;p&gt;在第三季，美國電動車的獎勵和折扣有所提高，這有助於推動銷售。如果汽車是租賃而非購買，任何車型都有資格獲得 7,500 美元的稅收抵免，這促進了電動車租賃。在第三季度，獎勵措施平均超過平均交易價格的 12%，遠高於產業平均約 7%。&lt;/p&gt;

&lt;p&gt;Cox Automotive 產業洞察總監 Stephanie Valdez Streaty 表示，「雖然年比增長放緩，但美國的電動車銷量持續上升。成長部分受到獎勵和折扣的推動；但隨著更實惠的電動車進入市場和基礎設施的改善，我們可以期待未來幾年更多消費者購買電動車。」&lt;/p&gt;

&lt;p&gt;美國正處於電動車採用的轉折點，尤其是像通用汽車這樣的傳統製造商取得了顯著進展。特斯拉、通用、現代汽車的電動車成為美國電動車市的亮點。&lt;/p&gt;

&lt;p&gt;美國銷量之所以能超過歐洲，其更大的車市規模也扮演重要角色。與歐盟相比，2023 年美國銷量要多出 300 多萬輛，更大的規模可以推動電動車的銷量更高，即使電動車的總銷量占比較小。&lt;/p&gt;

&lt;p&gt;此外，美國消費者情緒的轉變可能受到多種因素的影響，包括增加車型可用性、改善充電基礎設施及旨在降低電動車擁有成本的政府獎勵措施。美國在電池生產、充電基礎設施和政策方面進行了大量投資，這似乎使其有能力保持在電動車銷售方面的領先地位。&lt;/p&gt;

&lt;p&gt;不過，市場研究公司 Rho Motion 數據經理 Charles Lester 表示，由於美國將於 11 月 5 日舉行大選，雙方對電動車態度不一，電動車的未來走勢也會有變數。&lt;/p&gt;

&lt;p&gt;歐洲方面，儘管多年來一直對電動車持友善態度，但最近也遇到一些問題，電動車的未來發展前景似乎更加複雜。雖然預計銷量將繼續上升，但經濟和政治壓力，以及來自中國電動車的競爭，正在為該行業大型汽車公司帶來挑戰，從而影響電動車的普及速度。&lt;/p&gt;

&lt;p&gt;據 ACEA 的數據，今年第三季，歐盟電動車的註冊量為 335,034 輛，比去年同期低 5.8%。&lt;/p&gt;

&lt;p&gt;其實，歐洲大部地區的銷量仍在成長。 9 月多個歐洲國家的電動車銷量實現了 30% 以上的年增長，包括比利時、丹麥、義大利和葡萄牙等國。其中，匈牙利、馬爾他、荷蘭和西班牙的增幅更高，較去年同期上漲 50%。德國在今年稍早取消電動車補貼後，銷量年增幅相對較小，僅 8.7%。&lt;/p&gt;

&lt;p&gt;此外，歐盟監管環境也增加了電動車發展的不確定性。歐盟 2035 年禁止銷售燃油車的政策正面臨一些歐洲最大經濟體的抵制，這些經濟體主張採取較溫和的排放標準。如果這些努力獲得支持，歐洲可能會看到電動車成長放緩或更不均衡。&lt;/p&gt;
",1,1,美國車廠在 2024 年第三季創下了 34.4 萬輛電動車的銷售紀錄。該里程碑反映了全球電動車市場的轉變，因為美國加快了電氣化，電動車銷量超過了歐盟。,1,[],,0,0,[],,0,"['電動車', '歐盟', '美國']",0,1730347204,"{'xs': {'src': 'https://cimg.cnyes.cool/prod/news/5758870/xs/249eed9e89a85bfab7cda8ff741cb475.jpg', 'width': 100, 'height': 56}, 's': {'src': 'https://cimg.cnyes.cool/prod/news/5758870/s/249eed9e89a85bfab7cda8ff741cb475.jpg', 'width': 180, 'height': 101}, 'm': {'src': 'https://cimg.cnyes.cool/prod/news/5758870/m/249eed9e89a85bfab7cda8ff741cb475.jpg', 'width': 380, 'height': 214}, 'l': {'src': 'https://cimg.cnyes.cool/prod/news/5758870/l/249eed9e89a85bfab7cda8ff741cb475.jpg', 'width': 640, 'height': 360}, 'xl': {'src': 'https://cimg.cnyes.cool/prod/news/5758870/xl/249eed9e89a85bfab7cda8ff741cb475.jpg', 'width': 960, 'height': 540}, 'xxl': {'src': 'https://cimg.cnyes.cool/prod/news/5758870/xxl/249eed9e89a85bfab7cda8ff741cb475.jpg', 'width': 1080, 'height': 608}}",,831,美股雷達,,[],[],0,0,0,
5759115,中國車企財報「冰火兩重天」：迪王首超特斯拉 傳統車企黯淡,"&lt;p&gt;10 月 30 日晚間，比亞迪 (002594-CN)(01211-HK)、賽力斯 (601127-CN)、上汽集團 (600104-CN)、廣汽集團等中國車企公布第三季業績報告，呈現出冰火兩重天的態勢。&lt;/p&gt;

&lt;p&gt;比亞迪憑藉強勁的銷量，實現營收、淨利潤雙雙增長。第三季實現營收 2011.25 億元，超同期特斯拉的 251.82 億美元（約合 1800 億元人民幣），這是比亞迪季度營收首次超過特斯拉。&lt;/p&gt;

&lt;p&gt;比亞迪公告顯示，今年前三季實現營收 5022.5 億元，同比增長 18.94%；淨利潤 252.4 億元，同比增長 18.1%。其中第三季實現營收 2011.25 億元，同比增長 24.04%；淨利潤為 116.07 億元，同比增長 11.47%。&lt;/p&gt;

&lt;p&gt;賽力斯前三季實現營收 1066.27 億元，同比增長 539.24%；淨利潤為 40.38 億元，同比扭虧為盈。其中第三季營收為 415.82 億元，同比增長 636.25%；淨利潤 24.13 億元，同比扭虧為盈。&lt;/p&gt;

&lt;p&gt;在華為加持下，賽力斯實現了 2019 年以來的首次第三季盈利，並保持著可觀的銷量規模。&lt;/p&gt;

&lt;p&gt;相比於賽力斯的亮眼業績，當晚披露三季報的上汽集團、廣汽集團略顯遜色。受燃油車業務拖累，上汽集團和廣汽集團業績下滑。&lt;/p&gt;

&lt;p&gt;上汽集團三季報顯示，今年前三季公司實現營業收入 4196.46 億元，同比下降 17.39%；淨利潤 69.07 億元，同比下降 39.45%。&lt;/p&gt;

&lt;p&gt;其中，上汽集團第三季實現營業收入 1425.6 億元，同比下滑 25.58%；淨利潤為 2.8 億元，同比下滑 93.53%。&lt;/p&gt;

&lt;p&gt;同日，廣汽集團也披露三季報，前三季實現營收 740.4 億元，同比下降 24.18%；淨利潤 1.2 億元，同比下降 97.34%。其中，第三季營收 282.33 億元，同比下降 21.73%；淨利潤虧損 13.96 億元。&lt;/p&gt;

&lt;p&gt;對於業績的下滑，廣汽集團表示，主要是報告期汽車銷量同比下滑、盈利下降，合營企業優化冗餘產能一次性開支，匯率變動引起匯兌損失增加等導致淨利潤同比減少等綜合所致。&lt;/p&gt;
",1,1,10 月 30 日晚間，比亞迪 (002594-CN)(01211-HK)、賽力斯 (601127-CN)、上汽集團 (600104-CN)、廣汽集團等中國車企公布第三季業績報告，呈現出冰火兩重天的態勢。,1,"['HK-01211', 'CN-002594', 'CN-601127', 'CN-600104']",,0,0,"['CNS:002594:STOCK:COMMON', 'CNS:601127:STOCK:COMMON', 'CNS:600104:STOCK:COMMON', 'HKS:01211:STOCK:COMMON', 'FX:CNYUSD:FOREX:COMMON']",,0,"['比亞迪', '上汽', '廣汽', '賽力斯', '中國車企', '財報']",0,1730365203,"{'xs': {'src': 'https://cimg.cnyes.cool/prod/news/5759115/xs/365034e185bcf062b9fb43c3bd20e5f0.jpg', 'width': 100, 'height': 56}, 's': {'src': 'https://cimg.cnyes.cool/prod/news/5759115/s/365034e185bcf062b9fb43c3bd20e5f0.jpg', 'width': 180, 'height': 101}, 'm': {'src': 'https://cimg.cnyes.cool/prod/news/5759115/m/365034e185bcf062b9fb43c3bd20e5f0.jpg', 'width': 380, 'height': 214}, 'l': {'src': 'https://cimg.cnyes.cool/prod/news/5759115/l/365034e185bcf062b9fb43c3bd20e5f0.jpg', 'width': 640, 'height': 360}, 'xl': {'src': 'https://cimg.cnyes.cool/prod/news/5759115/xl/365034e185bcf062b9fb43c3bd20e5f0.jpg', 'width': 960, 'height': 539}, 'xxl': {'src': 'https://cimg.cnyes.cool/prod/news/5759115/xxl/365034e185bcf062b9fb43c3bd20e5f0.jpg', 'width': 1080, 'height': 607}}",,835,A股,,[],[],0,0,0,"[{'code': '002594', 'name': '比亞迪', 'symbol': 'CNS:002594:STOCK'}, {'code': '601127', 'name': '小康股份', 'symbol': 'CNS:601127:STOCK'}, {'code': '600104', 'name': '上汽集團', 'symbol': 'CNS:600104:STOCK'}, {'code': '01211', 'name': '比亞迪股份', 'symbol': 'HKS:01211:STOCK'}]"
5759360,債券ETF持債票息比一比！前3名都是非投等債 00953B逾8%最高,"&lt;p&gt;搶降息投資契機，債券 ETF 近期交易熱絡持續火熱，根據 CMONEY 統計資料顯示，近期上市櫃成交量前十名中，債券 ETF 就占了一半。進一步觀察投信發行的 95 檔債券 ETF 持債票息 (成分債息率)，平均有 4.61%，再以單檔排行來看，有 27 檔持債票息在 5% 以上，其中，群益優選非投等債 (00953B-TW)8.24% 最佳，表現出色，前三名皆為非投等債相關 ETF。&lt;/p&gt;

&lt;figure&gt;&lt;img data-height=&quot;503&quot; data-mime=&quot;image/jpeg&quot; data-ratio=&quot;1.510934393638171&quot; data-src-m=&quot;https://cimg.cnyes.cool/prod/news/5759360/m/7bcd68458f216a4d6e1681b58a62828c.jpg&quot; data-width=&quot;760&quot; src=&quot;https://cimg.cnyes.cool/prod/news/5759360/l/7bcd68458f216a4d6e1681b58a62828c.jpg&quot;&gt;&lt;/figure&gt;

&lt;p&gt;觀察債券 ETF 持債票息前十名，00953B 以&nbsp;8.24% 奪冠，凱基美國非投等債 (00945B-TW) 亦在 8% 以上居次，第三則是富邦全球非投等債 (00741B-TW)，票息為 7.08%。此外，00959B、00726B、00727B、00950B、00710B 等五檔債券 ETF 票息均在 6% 以上，表現也不俗。&lt;/p&gt;

&lt;p&gt;據了解，00953B 是台灣首檔票面利率鎖定 6% 以上的債券 ETF 新兵，將在 11 月 7 日進行首次配息，預計每股配發 0.07 元，若以 10/30 收盤價來看，預估年化配息率有 8.28%，想參與 00953B 本次領息的投資人，最後買進日為 11 月 6 日。&lt;/p&gt;

&lt;p&gt;大華投等美債 15Y+(00959B-TW) 為每月配息，每單位 0.055 元，以 29 日收盤價 9.9 元計算，單次配息率約為 0.56%，年化配息率為 6.69%。不過，00959B 原定 10/31 進行除息，因適逢颱風假，台北股市休市，將順延一日除息，投資人預計可在 11/22 領到收益分配。&lt;/p&gt;

&lt;p&gt;群益優選非投等債 ETF 經理人李忠泰指出，目前市場仍預期美國經濟陷入衰退機率不高，而在美國經濟溫和或軟著陸的情況下，搭配聯準會展開有序的預防性降息階段，按照歷史經驗，非投等債的期望報酬與配息能力將優於其他固定收益商品，後市來看，在殖利率仍具吸引力下，穩健資金仍有望持續流入債市，而市場也偏好鎖高利率的券種，當中又以 BB-B 級、鎖定票面利率 6% 以上的成份券、選債機制納入信用因子加權之非投資等級債 ETF 最值得留意。&lt;/p&gt;

&lt;p&gt;美國總統大選在即，債券市場開始反映美國政治及財政方面的不確定性風險，10 月以來 10 年期美債殖利率已經上升超過 40 個基點 (0.40%)。凱基 A 級公司債 (00950B-TW) 基金經理人李暢表示，00950B 能在近期債市逆風中受傷較輕，主要是因存續期間較短，對利率敏感度相對較低，所以在公債殖利率反彈回升走勢中受到的影響可以相對較小。&lt;/p&gt;
",1,1,搶降息投資契機，債券 ETF 近期交易熱絡持續火熱，根據 CMONEY 統計資料顯示，近期上市櫃成交量前十名中，債券 ETF 就占了一半。進一步觀察投信發行的 95 檔債券 ETF 持債票息 (成分債息率),1,[],,0,0,"['GF:US10YY:FUTURES:BOUND', 'TWS:00953B:STOCK:ETF', 'TWS:00945B:STOCK:ETF', 'TWS:00741B:STOCK:ETF', 'TWS:00959B:STOCK:ETF', 'TWS:00950B:STOCK:ETF']",,0,"['債券', 'ETF', '票息', '降息']",1,1730365013,"{'xs': {'src': 'https://cimg.cnyes.cool/prod/news/5759360/xs/fc5d4e784ec73335cb788c717f4314b5.jpg', 'width': 100, 'height': 56}, 's': {'src': 'https://cimg.cnyes.cool/prod/news/5759360/s/fc5d4e784ec73335cb788c717f4314b5.jpg', 'width': 180, 'height': 101}, 'm': {'src': 'https://cimg.cnyes.cool/prod/news/5759360/m/fc5d4e784ec73335cb788c717f4314b5.jpg', 'width': 380, 'height': 214}, 'l': {'src': 'https://cimg.cnyes.cool/prod/news/5759360/l/fc5d4e784ec73335cb788c717f4314b5.jpg', 'width': 640, 'height': 360}, 'xl': {'src': 'https://cimg.cnyes.cool/prod/news/5759360/xl/fc5d4e784ec73335cb788c717f4314b5.jpg', 'width': 960, 'height': 540}, 'xxl': {'src': 'https://cimg.cnyes.cool/prod/news/5759360/xl/fc5d4e784ec73335cb788c717f4314b5.jpg', 'width': 960, 'height': 540}}",,914,ETF,,[],"['TWS:00953B:STOCK', 'TWS:00945B:STOCK', 'TWS:00741B:STOCK', 'TWS:00959B:STOCK', 'TWS:00950B:STOCK']",0,0,0,"[{'code': '00953B', 'name': '群益優選非投等債', 'symbol': 'TWS:00953B:STOCK'}, {'code': '00945B', 'name': '凱基美國非投等債', 'symbol': 'TWS:00945B:STOCK'}, {'code': '00741B', 'name': '富邦全球非投等債', 'symbol': 'TWS:00741B:STOCK'}, {'code': '00959B', 'name': '大華投等美債15Y+', 'symbol': 'TWS:00959B:STOCK'}, {'code': '00950B', 'name': '凱基A級公司債', 'symbol': 'TWS:00950B:STOCK'}]"
5759342,〈房產〉房仲估10月房市交易量年減逾2成起跳 恐較6月高點腰斬,"&lt;p&gt;房市買氣連四降，10 月交易量較 9 月量縮，房仲業者估 10 月全台房市交易量年減逾 2 成起跳，中信房屋總經理張世宗指出， 第七波選擇性信用管制持續發酵，銀行房貸水位依然緊繃，再加上月初山陀兒颱風干擾民眾外出看屋計劃，種種因素共同導致 10 月成交量出現顯著下滑。預計最快要等到明年房貸塞車問題有所改善後，房市才有望回溫。&lt;/p&gt;

&lt;p&gt;據永慶房產集團統計，9 月相比，全台門市交易量月減 7%，台北月減 13%，新北減少 2%，桃園月減 11%，新竹縣市量縮 4%，台中略減 3%，台南與高雄分別月減 5% 與 13%，若以 10 月交易量與 6 月高點相比已腰斬。&lt;/p&gt;

&lt;p&gt;而在與 2023 年；年 10 月同期相比，永慶房屋研展中心副理陳金萍說明，全台房市交易量年減 32%，台北年減 38%，新北量縮 37%，桃園年減 33%，新竹縣市減少 35%，台中年減 36%，台南與高雄則分別年減 11% 與 33%。&lt;/p&gt;

&lt;p&gt;陳金萍表示，8 月銀行房貸緊縮影響，民眾因擔心房貸撥貸不如預期，購屋態度轉趨保守觀望，房市買氣瞬間凍結，較 7 月大減逾二成，加上 9 月央行祭出第七波選擇性信用管制，將不動產貸款資源優先提供給無房的真首購，房市交易持續降溫。雖然，央行為了避免錯殺無辜，於 10 月 9 日補充協處措施，將繼承者與換屋非豪宅可排除在信用管制範圍，此外，若是已簽購屋合約、即將申貸，符合繼承、換屋條件的也不受限制。&lt;/p&gt;

&lt;p&gt;整體而言，銀行房貸滿水位的狀況未解，民眾仍須面臨貸款利率拉高、成數降低的情形，須額外籌措資金補足頭期款缺口，對整體買氣衝擊仍大。&lt;/p&gt;

&lt;p&gt;中信房屋統計內部成交件數，10 月全台交易量相較於上月減少約 17.8%，較去年同期減少約 21.1%。進一步觀察六都的成交量數據變化，台北市月減 12.5%、年減 25.5%；新北市月減 19.8%、年減 17.2%；桃園市月減 25.4%、年減 22.6%；台中市月減 15.3%、年減 21.4%；台南市月減 15.8%、年減 22%；高雄市月減 15.1%、年減 13.3%。&lt;/p&gt;

&lt;p&gt;中信房屋總經理張世宗指出， 第七波選擇性信用管制持續發酵，銀行房貸水位依然緊繃，再加上月初山陀兒颱風干擾民眾外出看屋計劃，種種因素共同導致 10 月份的成交量出現顯著下滑。目前房市正處於多空對峙的局面，市場交易逐漸回歸到剛需基本面，雖然帶看量有所減少，但出門看屋的民眾多為自住需求者，且具備一定的資金實力。惟受到大環境的影響，現階段的買方變得更加謹慎，決策速度明顯放緩，追價意願降低，交易週期也因此拉長，交易量自然隨之下滑。&lt;/p&gt;

&lt;p&gt;張世宗並指出，在房貸排隊潮尚未緩解的前提下，房市的交易量恐將繼續走低，特別是一些新案供給量較大、投資氛圍較重的新興重劃區，更將首當其衝，而且若此趨勢持續，房價不排除出現下跌的可能性。預計最快要等到明年房貸塞車問題有所改善後，房市才有望回溫。&lt;/p&gt;

&lt;p&gt;住商機構統計，9 月全台交易量月減 6.1%，比起去年同期減少 31.2%，區域表現遠不如去年同期。住商不動產企劃研究室執行總監徐佳馨表示，9 月 19 日央行理監事會後的選擇性信用管制，成屋交易雪上加霜，雖有零星個案降價求售，但買盤因貸款受限制，以及期待賣方價格修正心態下，第一線狀況艱辛。目前許多銀行房貸庫存已經滿水位，各地災情頻傳，第四季交易很難表現。&lt;/p&gt;

&lt;p&gt;台灣房屋集團統計內部成交行情，觀察 2024 年 10 月價量變化，六都和新竹縣市，唯桃園交易量增 5.3%，其餘各都皆量縮，又以高雄減幅最大，達 27.1%，整體交易量月減 12.8%，年減 22.6%。&lt;/p&gt;

&lt;p&gt;台灣房屋集團趨勢中心執行長張旭嵐指出，房市限貸令限縮多屋族和置產族的金流，換屋族也有一年內出售前一屋的時間壓力，除了新青安身分購屋者，現在購屋舉步維艱，高總價區和推案量大的重劃區買氣消退最為明顯。而通膨考量下，市場資金逐漸轉向商用不動產，近月桃園和台中中低總價的店面、商辦和土地的成交浮現，也降低了對交易量的衝擊。&lt;/p&gt;
",1,1,房市買氣連四降，10 月交易量較 9 月量縮，房仲業者估 10 月全台房市交易量年減逾 2 成起跳，中信房屋總經理張世宗指出，選擇性信用管制持續發酵，銀行房貸水位依然緊繃，再加上月初颱風干擾民眾外出看屋計劃，預計最快要等到明年回溫。,1,[],,0,0,[],,0,"['房市', '房產', '永慶', '住商', '房仲']",1,1730364556,"{'xs': {'src': 'https://cimg.cnyes.cool/prod/news/5759342/xs/2aecdab7b2baef71252a8d503bf8ad08.jpg', 'width': 100, 'height': 56}, 's': {'src': 'https://cimg.cnyes.cool/prod/news/5759342/s/2aecdab7b2baef71252a8d503bf8ad08.jpg', 'width': 180, 'height': 101}, 'm': {'src': 'https://cimg.cnyes.cool/prod/news/5759342/m/2aecdab7b2baef71252a8d503bf8ad08.jpg', 'width': 380, 'height': 214}, 'l': {'src': 'https://cimg.cnyes.cool/prod/news/5759342/l/2aecdab7b2baef71252a8d503bf8ad08.jpg', 'width': 640, 'height': 360}, 'xl': {'src': 'https://cimg.cnyes.cool/prod/news/5759342/xl/2aecdab7b2baef71252a8d503bf8ad08.jpg', 'width': 960, 'height': 540}, 'xxl': {'src': 'https://cimg.cnyes.cool/prod/news/5759342/xl/2aecdab7b2baef71252a8d503bf8ad08.jpg', 'width': 960, 'height': 540}}",,827,台股新聞,,[],[],0,0,0,
5759136,〈港股盤後〉 恒指收跌 內房股、中資券商走強 科指下挫,"&lt;p&gt;港股周四 (31 日) 開高一度漲 172 點，但此後轉弱，午盤走跌，截至收盤，恒生指數跌 0.31%，報 20317.33 點，恒生科技指數跌 0.32%，報 4499 點。&lt;/p&gt;

&lt;p&gt;盤面上，科網股普遍走低，騰訊、網易、阿里巴巴、美團跌超 1%，內房股集體上漲，中資券商股也普遍走高。&lt;/p&gt;

&lt;p&gt;券商龍頭中信證券漲近 6%。財報顯示，A 股 50 家上市券商中只有 3 家前三季度業績虧損，盈利比例達 94%，有 13 家上市券商前三季度營業收入超百億元。具體來看，龍頭中信證券第三季度實現營業收入人民幣 159.58 億元，同比增長 11.54%；淨利潤 62.29 億元，同比增長 21.94%。&lt;/p&gt;

&lt;p&gt;半導體芯片股普遍上漲，中芯國際漲約 2%。消息面上，多家半導體設備企業三季報呈現穩增態勢，其中，中微公司第三季度實現營業收入 20.59 億元，同比增長 35.96%；歸母淨利潤爲 3.96 億元，同比增長約 152.63%。&lt;/p&gt;

&lt;p&gt;值得一提的是，台積電將提高 5nm 以下工藝報價最高 10%，2nm 價格或超 3 萬美元。分析人士指出，作爲全球最大的芯片代工廠，台積電 &ldquo;超預期&rdquo; 漲價可能預示着全球半導體產業鏈的需求仍非常旺盛。&lt;/p&gt;

&lt;p&gt;天風證券指出，短期來看下半年進入傳統旺季，受益於新款旗艦手機發布、雙十一等消費節等因素影響預計行業終端銷售額環比持續增長，該行認爲應該提高對需求端創新的敏銳度，優先被消費者接受的 AI 終端，有望成爲新的爆款應用，長期來看天風電子團隊已覆蓋的半導體藍籌股當前已經處於估值的較低水位，經營上持續優化迭代的公司在下一輪週期高點有望取得更好的市場份額和盈利水平。&lt;/p&gt;

&lt;p&gt;內房股集體上漲，中國金茂漲 10%。消息方面，中國六大行&mdash;工商銀行、農業銀行、中國銀行、建設銀行、交通銀行、郵儲銀行六大商業銀行今 (31 日) 發佈公告，將從明天 (11 月 1 日) 起，陸續對商業性個人住房貸款利率實行新的定價機制。&lt;/p&gt;

&lt;p&gt;投資者正在密切關注美國大選，並權衡其帶來的潛在衝擊。一些市場分析師認為，若川普重返白宮並實施高關稅，中國未來的外貿會受到重大挑戰，中國必將加大內需方面的財政刺激政策。&lt;/p&gt;
",1,1,港股周四 (31 日) 開高一度漲 172 點，但此後轉弱，午盤走跌，截至收盤，恒生指數跌 0.31%，報 20317.33 點，恒生科技指數跌 0.32%，報 4499 點。,1,[],,0,0,['FX:CNYUSD:FOREX:COMMON'],,0,"['半導體', '科網股', '內房股', '中資券商', '港股盤後', '中國股市', '救市']",0,1730363705,"{'xs': {'src': 'https://cimg.cnyes.cool/prod/news/5759136/xs/961fd71329ff6414048b0c8ba72bd334.jpg', 'width': 100, 'height': 56}, 's': {'src': 'https://cimg.cnyes.cool/prod/news/5759136/s/961fd71329ff6414048b0c8ba72bd334.jpg', 'width': 180, 'height': 101}, 'm': {'src': 'https://cimg.cnyes.cool/prod/news/5759136/m/961fd71329ff6414048b0c8ba72bd334.jpg', 'width': 380, 'height': 214}, 'l': {'src': 'https://cimg.cnyes.cool/prod/news/5759136/l/961fd71329ff6414048b0c8ba72bd334.jpg', 'width': 640, 'height': 360}, 'xl': {'src': 'https://cimg.cnyes.cool/prod/news/5759136/xl/961fd71329ff6414048b0c8ba72bd334.jpg', 'width': 960, 'height': 539}, 'xxl': {'src': 'https://cimg.cnyes.cool/prod/news/5759136/xxl/961fd71329ff6414048b0c8ba72bd334.jpg', 'width': 1080, 'height': 607}}",,836,港股,,[],[],0,0,0,
5759268,增速史上最快！貝萊德比特幣現貨ETF僅花293天衝破3百億美元規模,"&lt;p&gt;全球最大加密貨幣比特幣 (&lt;a data-symbol-template=&quot;CC:BTC:FOREX:COMMON&quot; href=&quot;#&quot;&gt;BTC&lt;/a&gt;) 本周大幅上漲至接近歷史高點，今 (31) 日則小幅走升，因市場對美國共和黨總統候選人川普將在下周二 (11 月 5 日) 大選中勝出押注增加，而同一時間，比特幣現貨 ETF 也有所上漲。&lt;/p&gt;

&lt;p&gt;由於川普勝選可能預示著未來幾年將出現更友善的加密貨幣監管，比特幣本周跟其他加密貨幣齊步走漲。截至台灣時間今日下午 15 點 33 分，比特幣在 7 萬 2445.8 美元持穩表現。&lt;/p&gt;

&lt;p&gt;《彭博資訊》報導，貝萊德 (&lt;a data-symbol-template=&quot;USS:BLK:STOCK:COMMON&quot; href=&quot;#&quot;&gt;BLK-US&lt;/a&gt;) iShares Bitcoin Trust(IBIT) 已成為史上成長最快的 ETF，規模超過 300 億美元。彭博資深 ETF 分析師 Eric Balchunas 表示，該檔比特幣現貨 ETF 僅用 293 天就達到 300 億，創造新的紀錄，明年 1 月時料將超過黃金 ETF。這一速度超過摩根大通 JEPI 和主要黃金 ETF 的成長速度，它們分別花了 1272 天和 1790 天達到 300 億美元門檻。&lt;/p&gt;

&lt;p&gt;彭博數據顯示，隨著大量資金周二 (29 日) 流入，加上比特幣價格上漲，iShares Bitcoin Trust 的市值突破 300 億美元。該 ETF 目前持有超過 41.7 萬枚比特幣，約佔比特幣總供應量的 2%。&lt;/p&gt;

&lt;p&gt;比特幣社區成員 Sani 指出，若 iShares Bitcoin Trust 繼續保持當前成長動能，該 ETF 今年底可能會累積多達 50 萬枚比特幣，iShares Bitcoin Trust 將成為全球第三大比特幣持有者，僅次於 Coinbase 和幣安。&lt;/p&gt;

&lt;p&gt;研究公司 Crypto Quant 創辦人兼執行長 Ki Young Ju 表示，這些令人印象深刻的數字反映了機構對比特幣興趣的廣泛趨勢。過去一年，約有 27.8 萬枚比特幣流入美國現貨 ETF，主要來自散戶，同期約有 67 萬枚流入持有逾千枚比特幣的「鯨魚」錢包，這還不包括交易所和 mining 中的錢包。&lt;/p&gt;

&lt;p&gt;Crypto Quant 指出，這一趨勢顯示機構對託管錢包的需求大約是散戶的兩倍。這一增幅凸顯機構投資人在比特幣市場中不斷擴大的作用，貝萊德的 iShares Bitcoin Trust 等大型 ETF 在其中扮演了領導角色。&lt;/p&gt;
",1,1,,1,[],,0,0,"['GI:XAUUSDOZ:INDEX:COMMON', 'USS:BLK:STOCK:COMMON', 'CC:BTC:FOREX:COMMON', 'CC:ETH:FOREX:COMMON']",,0,"['現貨ETF', '比特幣', '資產規模']",0,1730363429,"{'xs': {'src': 'https://cimg.cnyes.cool/prod/news/5759268/xs/b5129f4869caabec116b4c5d2e1d0009.jpg', 'width': 100, 'height': 56}, 's': {'src': 'https://cimg.cnyes.cool/prod/news/5759268/s/b5129f4869caabec116b4c5d2e1d0009.jpg', 'width': 180, 'height': 101}, 'm': {'src': 'https://cimg.cnyes.cool/prod/news/5759268/m/b5129f4869caabec116b4c5d2e1d0009.jpg', 'width': 380, 'height': 214}, 'l': {'src': 'https://cimg.cnyes.cool/prod/news/5759268/l/b5129f4869caabec116b4c5d2e1d0009.jpg', 'width': 640, 'height': 360}, 'xl': {'src': 'https://cimg.cnyes.cool/prod/news/5759268/xl/b5129f4869caabec116b4c5d2e1d0009.jpg', 'width': 960, 'height': 540}, 'xxl': {'src': 'https://cimg.cnyes.cool/prod/news/5759268/xxl/b5129f4869caabec116b4c5d2e1d0009.jpg', 'width': 1080, 'height': 608}}",,896,幣圈,,[],[],0,0,0,"[{'code': 'BLK', 'name': '貝萊德投資管理公司', 'symbol': 'USS:BLK:STOCK'}]"
5759341,地緣政治及高利率衝擊 上半年金融科技交易大減100億美元創5年來同期新低,"&lt;p&gt;KPMG 安侯建業昨 (30) 日發布「全球金融科技脈動 2024 上半年報告」。報告中顯示，受到地緣政治的不確定性及高利率的持續影響，2024 年全球金融科技市場投資總額從 2023 年下半年的 623 億美元下降至 2024 年上半年的 519 億美元，這是自 2020 年上半年以來金融科技投資總額最低的 6 個月。&lt;/p&gt;

&lt;p&gt;綜觀 2024 年全球各地區金融科技投資額均顯著下降的情況下，以歐非及中東地區的降幅尤為顯著，從 2023 年下半年的 192 億美元縮減至 2024 年上半年的 114 億美元。&lt;/p&gt;

&lt;p&gt;KPMG 安侯建業金融服務產業主持會計師李逢暉表示，儘管金融科技投資總額仍低迷，但交易量的穩定也為金融科技市場帶來一絲樂觀。2024 年上半年全球金融科技交易量依然達到 2,255 筆，維持穩定；其中，2024 上半年美洲 (包括美國) 和亞太地區的交易量在 2023 年下半年至 2024 年上半年皆有增長，其中美洲從 1,066 筆增加至 1,123 筆，亞太地區同期交易量則是從 406 筆小幅上升至 438 筆。&lt;/p&gt;

&lt;p&gt;報告指出， 2024 上半年全球金融科技領域僅有 5 筆超過 10 億美元的交易，且均為收購案。其中 4 筆交易來自美洲，包括美國的 Worldpay(125 億美元) 和 EngageSmart(40 億美元)，以及加拿大的 Nuvei(63 億美元) 和 Plusgrade(10 億美元)。第 5 筆交易則在英國， 來自 IRIS Software 集團的 40 億美元收購案。同時，英國還見證了 2024 上半年以金融科技為重點的最大創投交易&mdash;Abound 的 9.99 億美元融資。&lt;/p&gt;

&lt;p&gt;李逢暉指出，亞太地區的金融科技投資在 2024 年上半年仍疲軟，中國、印度、新加坡、澳洲與日本的總投資額均有所下降。2024 年上半年此地區的併購和私募股權投資尤顯乏力，併購交易額僅達 3 億美元，私募股權投資額僅 780 萬美元。金融科技投資者依然相當謹慎，尤其是企業，他們在本季嚴重傾向成本和風險管理，而不是金融科技投資。&lt;/p&gt;

&lt;p&gt;KPMG 安侯建業數位長賴偉晏表示，從產業面來看，支付服務於 2024 上半年吸引 214 億美元，佔全球金融科技投資額的 4 成，為最大比例，而監理科技則是 2024 年上半年唯一一個投資增加的主要金融科技子產業，投資額達 53 億美元，並超過 2023 年全年的投資總額。以技術層面分析，人工智慧繼續受到投資者的高度關注，尤其是在美國。&lt;/p&gt;

&lt;p&gt;賴偉晏說明，人們對 AI 的興趣持續增加，支付領域的投資者和金融科技公司都希望以不同的 AI 運用方式來解決支付所帶來的挑戰。例如，2024 年上半年萬事達卡宣布使用生成式 AI 加速信用卡的詐欺偵測，而 Swift 則宣布與會員銀行進行一項基於人工智慧的試行計畫，探索新興科技應如何幫助企業應對跨境支付的欺詐問題。這些創新技術不僅簡化支付流程，也可提高效率、降低成本與增強安全性。放眼未來，此領域可能會在未來 6 至 12 個月內將受到廣泛關注。&lt;/p&gt;

&lt;p&gt;展望 2024 下半年，金融科技投資仍充滿挑戰，預期人工智慧的投資未來將持續增加，而監管科技將吸引更多關注，在監管制度的不斷演變以及規範要求日益複雜的推動下，監管科技將吸引投資人的興趣。此外，傳統金融 (trad-fi) 與去中心化金融 (de-fi) 將加速融合，各國家與區域將持續探索與鬆綁限制，例如運用實物資產的代幣化以及運用傳統金融基礎設施來支持加密領域的投資等。&lt;/p&gt;
",1,1,KPMG 安侯建業昨 (30) 日發布「全球金融科技脈動 2024 上半年報告」。報告中顯示，受到地緣政治的不確定性及高利率的持續影響，2024 年全球金融科技市場投資總額從 2023 年下半年的 623 億美元下降至 2024 年上半年的 51,1,[],,0,0,[],,0,"['金融科技', 'KPMG', '調查', '支付服務']",0,1730363408,"{'xs': {'src': 'https://cimg.cnyes.cool/prod/news/5759341/xs/0883d12457d02840b7622b387c866977.jpg', 'width': 100, 'height': 56}, 's': {'src': 'https://cimg.cnyes.cool/prod/news/5759341/s/0883d12457d02840b7622b387c866977.jpg', 'width': 180, 'height': 101}, 'm': {'src': 'https://cimg.cnyes.cool/prod/news/5759341/m/0883d12457d02840b7622b387c866977.jpg', 'width': 380, 'height': 214}, 'l': {'src': 'https://cimg.cnyes.cool/prod/news/5759341/l/0883d12457d02840b7622b387c866977.jpg', 'width': 640, 'height': 360}, 'xl': {'src': 'https://cimg.cnyes.cool/prod/news/5759341/xl/0883d12457d02840b7622b387c866977.jpg', 'width': 960, 'height': 540}, 'xxl': {'src': 'https://cimg.cnyes.cool/prod/news/5759341/xl/0883d12457d02840b7622b387c866977.jpg', 'width': 960, 'height': 540}}",,852,基金,,[],[],0,0,0,
5759339,〈友達法說〉連10季虧損 前三季EPS -0.61元 旺季備貨告段落 Q4進入淡季,"&lt;p&gt;面板大廠友達 (2409-TW) 今 (31) 日公告第三季財報，稅後淨損 9.26 億元、每股損失 0.12 元，連續 10 季虧損；累計前三季稅後淨損 46.84 億元，每股損失 0.61 元。&lt;/p&gt;

&lt;p&gt;展望第四季，友達表示，旺季備貨需求告一段落，且部分客戶需求提前到第三季，顯示科技預期將進入傳統淡季，營收將呈現季節性衰退，幅度估與去年相近。&lt;/p&gt;

&lt;p&gt;智慧移動及垂直場域方面，友達表示，需求雖然受到總經不確定性與季節性影響，但營收動能相對穩定、均估持平上季，可以減緩顯示科技季節性衰退帶來的影響。&lt;/p&gt;

&lt;p&gt;友達第三季營收 777.48 億元，季增 4.6%、年增 10.9%；毛利率 10.9%、季減 0.3 個百分點、年增 3.3 個百分點；營業淨損 3.1 億元、較上季轉虧，EBITDA 獲利率為 10.6%。&lt;/p&gt;

&lt;p&gt;累計友達前三季營收 2115.55 億元，年增 14.6%、毛利率 8.9%、營業淨損 51.43 億。友達表示，公司整體財務結構穩健，存貨天數 44 天，淨負債比 33.4%，仍維持在相對健康的水位。&lt;/p&gt;

&lt;p&gt;友達表示，第三季品牌客戶為年底銷售旺季備貨，拉貨力道較預期強勁，帶動顯示科技營收季增 9%；智慧移動營收亦穩健成長，季增 4.1%，二大事業體推升單季合併營收向上。&lt;/p&gt;

&lt;p&gt;各事業體營收比重來看，友達表示，第三季顯示科技 (Display) 佔 55%、智慧移動 (Mobility&nbsp;Solution) 佔 26%、垂直場域 (Vertical Solution) 佔 13%、其他約 6%。&lt;/p&gt;
",1,1,Q3 續虧前三季每股虧 0.61 元 Q4 面板淡季、車用及垂直領域估持穩,1,['2409'],,0,0,['TWS:2409:STOCK:COMMON'],,0,"['友達', '面板', '財報']",1,1730363179,"{'xs': {'src': 'https://cimg.cnyes.cool/prod/news/5759339/xs/d6c17c139ee48928abc2de444b548aaf.jpg', 'width': 100, 'height': 56}, 's': {'src': 'https://cimg.cnyes.cool/prod/news/5759339/s/d6c17c139ee48928abc2de444b548aaf.jpg', 'width': 180, 'height': 101}, 'm': {'src': 'https://cimg.cnyes.cool/prod/news/5759339/m/d6c17c139ee48928abc2de444b548aaf.jpg', 'width': 380, 'height': 214}, 'l': {'src': 'https://cimg.cnyes.cool/prod/news/5759339/l/d6c17c139ee48928abc2de444b548aaf.jpg', 'width': 640, 'height': 360}, 'xl': {'src': 'https://cimg.cnyes.cool/prod/news/5759339/xl/d6c17c139ee48928abc2de444b548aaf.jpg', 'width': 960, 'height': 540}, 'xxl': {'src': 'https://cimg.cnyes.cool/prod/news/5759339/xl/d6c17c139ee48928abc2de444b548aaf.jpg', 'width': 960, 'height': 540}}",,827,台股新聞,,[],[],0,0,0,"[{'code': '2409', 'name': '友達', 'symbol': 'TWS:2409:STOCK'}]"
5759340,「IR 議合服務平台」11/1上線 為上市櫃提供三大服務,"&lt;p&gt;金管會推動建構亞洲資產管理中心，為助證交所壯大臺灣資本市場價值計畫，臺灣指數公司 (TIP) 建置「IR 議合服務平台 (IR ENGAGE)」，將於 11 月 1 日上線試行，為上市櫃公司及機構投資人提供「法說會服務」、「ESG 加值資訊」、「議合媒合」等三大服務，目標增進企業曝光、鼓勵溝通、深化投資人關係及推動永續發展。&lt;/p&gt;

&lt;p&gt;臺灣指數公司整合 ESG 資料庫與資訊服務之業務發展經驗，分階段建置 IR 議合服務平台，11 月 1 日上線試營運「法說會服務」、「ESG 加值資訊」、「議合媒合」三大服務，首波提供基本功能，開放上市公司與機構投資人註冊，預計 2025 年 1 月起進一步擴大推廣至上櫃公司，並持續蒐集使用者需求與意見，進行平台功能擴充及優化。&lt;/p&gt;

&lt;p&gt;&lt;em&gt;&nbsp;1. 「法說會服務」包括「場地預約」及「法說會行事曆」兩項功能。&lt;/em&gt;「場地預約」主要整合證交所集團及證券商資源，提供上市櫃公司多間會議室場地自辦法說會，希望協助企業降低 IR 工作負擔，以期提升法說會辦理頻率，增加企業曝光與深化投資人關係。「法說會行事曆」以行事曆之友善介面，揭示各上市櫃公司申報之法說會中英文簡報、辦理時間、地點、影音連結等重要資訊，方便各界使用中英文雙語系、電腦或手機等多裝置便利查看。&lt;/p&gt;

&lt;p&gt;&lt;em&gt;2. 「ESG 加值資訊服務」&lt;/em&gt;提供臺灣指數公司「台灣永續評鑑」SEED 模型 (社會 - S、經濟 - E、環境 - E、揭露 - D) 之多層次 ESG 資料庫，對焦機構投資人與上市櫃公司 ESG 議合主題，運用 ESG 資訊支援議合。&lt;/p&gt;

&lt;p&gt;&lt;em&gt;3. 「議合媒合服務」&lt;/em&gt;平台以電子化方式媒合機構投資人與上市櫃公司議合會議，提高上市櫃公司與機構投資人雙向溝通機會。註冊會員可發起議合會議邀請，或藉由系統訊息功能進行溝通、追蹤議合紀錄等服務，提升議合工作成效。&lt;/p&gt;

&lt;p&gt;臺灣指數公司表示，希望藉由 IR 議合服務平台成為上市櫃公司、特別是中小型公司自辦法說會之優先選項，一方面協助企業提高曝光度，展現價值及吸引資金，一方面鼓勵上市櫃公司與投資人溝通、議合、深化永續發展，以利協助達成建構亞洲資產管理中心與證交所集團壯大資本市場價值、提升資本市場競爭力之發展目標。&lt;/p&gt;
",1,1,金管會推動建構亞洲資產管理中心，為助證交所壯大臺灣資本市場價值計畫，臺灣指數公司 (TIP) 建置「IR 議合服務平台 (IR ENGAGE)」，將於 11 月 1 日上線試行，,1,[],,0,0,[],,0,"['證交所', '上市', '上櫃', 'ESG', '亞洲資產管理中心']",1,1730362632,"{'xs': {'src': 'https://cimg.cnyes.cool/prod/news/5759340/xs/8971b3b1f5178f43d445b3d4241c20c4.jpg', 'width': 100, 'height': 56}, 's': {'src': 'https://cimg.cnyes.cool/prod/news/5759340/s/8971b3b1f5178f43d445b3d4241c20c4.jpg', 'width': 180, 'height': 101}, 'm': {'src': 'https://cimg.cnyes.cool/prod/news/5759340/m/8971b3b1f5178f43d445b3d4241c20c4.jpg', 'width': 380, 'height': 214}, 'l': {'src': 'https://cimg.cnyes.cool/prod/news/5759340/l/8971b3b1f5178f43d445b3d4241c20c4.jpg', 'width': 640, 'height': 360}, 'xl': {'src': 'https://cimg.cnyes.cool/prod/news/5759340/xl/8971b3b1f5178f43d445b3d4241c20c4.jpg', 'width': 960, 'height': 540}, 'xxl': {'src': 'https://cimg.cnyes.cool/prod/news/5759340/xxl/8971b3b1f5178f43d445b3d4241c20c4.jpg', 'width': 1080, 'height': 607}}",,827,台股新聞,,[],[],0,0,0,
5759415,鉅亨速報 - Factset 最新調查：Meta平台(META-US)EPS預估上修至21.83元，預估目標價為630.00元,"&lt;p&gt;根據FactSet最新調查，共63位分析師，對Meta平台(META-US)做出2024年EPS預估：中位數由21.39元上修至21.83元，其中最高估值23.19元，最低估值19.29元，預估目標價為630.00元。&lt;/p&gt;&lt;p&gt;※本篇提及EPS與營收的單位均為「美元」&lt;/p&gt;&lt;p&gt;&lt;em&gt;市場預估EPS&lt;/em&gt;&lt;/p&gt;&lt;table&gt;&lt;tbody&gt;&lt;tr&gt;&lt;td&gt;預估值&lt;/td&gt;&lt;td&gt;&lt;em&gt;2024年&lt;/em&gt;&lt;/td&gt;&lt;td&gt;&lt;em&gt;2025年&lt;/em&gt;&lt;/td&gt;&lt;td&gt;&lt;em&gt;2026年&lt;/em&gt;&lt;/td&gt;&lt;td&gt;&lt;em&gt;2027年&lt;/em&gt;&lt;/td&gt;&lt;/tr&gt;&lt;tr&gt;&lt;td&gt;最高值&lt;/td&gt;&lt;td&gt;23.19(23.19)&lt;/td&gt;&lt;td&gt;27.63&lt;/td&gt;&lt;td&gt;33.3&lt;/td&gt;&lt;td&gt;37.98&lt;/td&gt;&lt;/tr&gt;&lt;tr&gt;&lt;td&gt;最低值&lt;/td&gt;&lt;td&gt;19.29(19.29)&lt;/td&gt;&lt;td&gt;20.28&lt;/td&gt;&lt;td&gt;22.07&lt;/td&gt;&lt;td&gt;25.26&lt;/td&gt;&lt;/tr&gt;&lt;tr&gt;&lt;td&gt;平均值&lt;/td&gt;&lt;td&gt;21.72(21.38)&lt;/td&gt;&lt;td&gt;24.69&lt;/td&gt;&lt;td&gt;28.08&lt;/td&gt;&lt;td&gt;32.14&lt;/td&gt;&lt;/tr&gt;&lt;tr&gt;&lt;td&gt;中位數&lt;/td&gt;&lt;td&gt;21.83(21.39)&lt;/td&gt;&lt;td&gt;24.95&lt;/td&gt;&lt;td&gt;28.04&lt;/td&gt;&lt;td&gt;31.51&lt;/td&gt;&lt;/tr&gt;&lt;/tbody&gt;&lt;/table&gt;&lt;p&gt;&lt;em&gt;市場預估營收&lt;/em&gt;&lt;/p&gt;&lt;table&gt;&lt;tbody&gt;&lt;tr&gt;&lt;td&gt;&lt;em&gt;預估值&lt;/em&gt;&lt;/td&gt;&lt;td&gt;&lt;em&gt;2024年&lt;/em&gt;&lt;/td&gt;&lt;td&gt;&lt;em&gt;2025年&lt;/em&gt;&lt;/td&gt;&lt;td&gt;&lt;em&gt;2026年&lt;/em&gt;&lt;/td&gt;&lt;td&gt;&lt;em&gt;2027年&lt;/em&gt;&lt;/td&gt;&lt;/tr&gt;&lt;tr&gt;&lt;td&gt;最高值&lt;/td&gt;&lt;td&gt;1,648.60億&lt;/td&gt;&lt;td&gt;1,930.43億&lt;/td&gt;&lt;td&gt;2,242.32億&lt;/td&gt;&lt;td&gt;2,469.13億&lt;/td&gt;&lt;/tr&gt;&lt;tr&gt;&lt;td&gt;最低值&lt;/td&gt;&lt;td&gt;1,517.49億&lt;/td&gt;&lt;td&gt;1,654.06億&lt;/td&gt;&lt;td&gt;1,802.93億&lt;/td&gt;&lt;td&gt;2,147.72億&lt;/td&gt;&lt;/tr&gt;&lt;tr&gt;&lt;td&gt;平均值&lt;/td&gt;&lt;td&gt;1,620.16億&lt;/td&gt;&lt;td&gt;1,846.88億&lt;/td&gt;&lt;td&gt;2,072.98億&lt;/td&gt;&lt;td&gt;2,330.59億&lt;/td&gt;&lt;/tr&gt;&lt;tr&gt;&lt;td&gt;中位數&lt;/td&gt;&lt;td&gt;1,626.31億&lt;/td&gt;&lt;td&gt;1,850.49億&lt;/td&gt;&lt;td&gt;2,068.69億&lt;/td&gt;&lt;td&gt;2,281.13億&lt;/td&gt;&lt;/tr&gt;&lt;/tbody&gt;&lt;/table&gt;&lt;p&gt;&lt;em&gt;歷史獲利表現&lt;/em&gt;&lt;/p&gt;&lt;table&gt;&lt;tbody&gt;&lt;tr&gt;&lt;td&gt;項目&lt;/td&gt;&lt;td&gt;&lt;em&gt;2019年&lt;/em&gt;&lt;/td&gt;&lt;td&gt;&lt;em&gt;2020年&lt;/em&gt;&lt;/td&gt;&lt;td&gt;&lt;em&gt;2021年&lt;/em&gt;&lt;/td&gt;&lt;td&gt;&lt;em&gt;2022年&lt;/em&gt;&lt;/td&gt;&lt;td&gt;&lt;em&gt;2023年&lt;/em&gt;&lt;/td&gt;&lt;/tr&gt;&lt;tr&gt;&lt;td&gt;EPS&lt;/td&gt;&lt;td&gt;6.48&lt;/td&gt;&lt;td&gt;10.22&lt;/td&gt;&lt;td&gt;13.77&lt;/td&gt;&lt;td&gt;8.59&lt;/td&gt;&lt;td&gt;14.87&lt;/td&gt;&lt;/tr&gt;&lt;tr&gt;&lt;td&gt;營業收入&lt;/td&gt;&lt;td&gt;706.97億&lt;/td&gt;&lt;td&gt;859.65億&lt;/td&gt;&lt;td&gt;1,179.29億&lt;/td&gt;&lt;td&gt;1,166.09億&lt;/td&gt;&lt;td&gt;1,349.02億&lt;/td&gt;&lt;/tr&gt;&lt;/tbody&gt;&lt;/table&gt;&lt;p&gt;詳細資訊請看美股內頁：&lt;br&gt;Meta平台(META-US)&lt;/p&gt;&lt;p&gt;資料來源：Factset，數據僅供參考，不作為投資建議。&lt;/p&gt;",0,1,FactSet 最新調查：Meta平台(META-US)EPS預估上修，預估EPS、預估營收、目標價、歷史獲利表現、即時新聞資訊,1,[],,0,0,['USS:META:STOCK:ETF'],,0,"['美股', '市場預估', 'EPS', 'META']",0,1730362538,,,917,美股預估,,[],['USS:META:STOCK'],0,0,0,"[{'code': 'META', 'name': 'Ball元宇宙ETF', 'symbol': 'USS:META:STOCK'}]"
5759407,鉅亨速報 - Factset 最新調查：繽客控股BKNG-US的目標價調升至4400元，幅度約4.33%,&lt;p&gt;根據FactSet最新調查，共32位分析師，對繽客控股(BKNG-US)提出目標價估值：中位數由4217.5元上修至4400元，調升幅度4.33%。其中最高估值5500元，最低估值3590元。&lt;/p&gt;&lt;p&gt;綜合評級 - 共有38位分析師給予繽客控股評價：積極樂觀24位、保持中立14位、保守悲觀0位。&lt;/p&gt;&lt;p&gt;繽客控股今(31日)收盤價為4463.93元。近5日股價上漲4.33%，標普指數上漲0.8%股價漲幅表現優於大盤。&lt;/p&gt;&lt;p&gt;資料來源：Factset，數據僅供參考，不作為投資建議。&lt;/p&gt;,0,1,FactSet 最新調查：繽客控股BKNG-US目標價調升，最高估值、最低估值、中位數、綜合評級、近5日股價、標普、即時新聞資訊,1,[],,0,0,['USS:BKNG:STOCK:COMMON'],,0,"['美股', 'BKNG', '市場預估', '目標價']",0,1730362524,,,917,美股預估,,[],[],0,0,0,"[{'code': 'BKNG', 'name': 'Booking Holdings Inc', 'symbol': 'USS:BKNG:STOCK'}]"
5759114,A股三季報收官 近八成上市公司盈利 長盈精密為「增長王」,"&lt;p&gt;A 股 2024 年第三季財報收官，Wind 數據顯示，截至 10 月 30 日，共有 5347 家 A 股上市公司披露三季報，其中有 4114 家上市公司前三季度實現盈利，佔比近八成; 2466 家公司淨利潤較 2023 年前三季度實現增長，佔比近五成。前三季度，上市公司整體實現營業收入約 52 兆元人民幣，實現淨利潤 4.41 兆元，營收、淨利潤的中位數分別為 12.57 億元、6418.61 萬元，分別同比變動 1.71%、-5.29%。&lt;/p&gt;

&lt;p&gt;分行業看，申萬 31 個一級行業中，約九成行業整體盈利，15 個行業淨利潤增長。其中，農林牧漁、非銀金融、電子、社會服務等行業淨利潤增幅居前，同比增速達 507%、42%、37%、30%。&lt;/p&gt;

&lt;p&gt;各板塊業績呈現分化，主板淨利潤增速強於雙創和北交所。2024 年前三季度主板歸母淨利潤同比增速較中報較回升 2.94 個百分點，為未來整體增長奠定更加穩固的基礎。&lt;/p&gt;

&lt;p&gt;近八成上市公司前三季度實現盈利，近五成實現淨利潤正增長。消費品行業呈現明顯修復態勢，半導體等高技術製造業經營具有韌性，可選消費、日常消費、非銀金融三大行業前三季度歸母淨利潤增速創近 5 年同期新高。&lt;/p&gt;

&lt;h6&gt;個股表現&lt;/h6&gt;

&lt;p&gt;個股表現部分，剔除金融股後，中國石油暫列 A 股「盈利王」，長盈精密暫列 A 股「增長王」。&lt;/p&gt;

&lt;p&gt;淨利潤數值方面，前三季度歸屬於上市公司股東的淨利潤超過 1 億元的有 2201 家，超過 10 億元的有 476 家，超過 50 億元的有 101 家，超過 100 億元的有 64 家。&lt;/p&gt;

&lt;p&gt;剔除金融股後，中國石油、中國海油、中國移動、貴州茅台、中國神華、中國石化、中國建築、中遠海控、寧德時代、美的集團前三季度歸屬於上市公司股東的淨利潤居前，暫列 A 股十大「盈利王」。&lt;/p&gt;

&lt;p&gt;淨利潤增幅方面，1844 家上市公司歸屬於上市公司股東的淨利潤同比增幅超過 10%，1228 家上市公司同比增幅超過 30%，512 家上市公司同比增幅超過 100%。&lt;/p&gt;

&lt;p&gt;剔除扭虧公司後，長盈精密、長川科技、志特新材、元琛科技、隆利科技、匯頂科技、金安國紀、正丹股份、天地源、龍泉股份前三季度歸屬於上市公司股東的淨利潤增幅居前，暫列 A 股十大「增長王」。&lt;/p&gt;

&lt;p&gt;淨利潤增幅居首的長盈精密披露的 2024 年三季報顯示，公司前三季度共實現營業收入約 120.97 億元，同比增長 23.56%；實現歸屬於上市公司股東的淨利潤約 5.94 億元，同比增長 38159.1%。&lt;/p&gt;
",1,1,A 股 2024 年第三季財報收官，Wind 數據顯示，截至 10 月 30 日，共有 5347 家 A 股上市公司披露三季報，其中有 4114 家上市公司前三季度實現盈利，佔比近八成; 2466 家公司淨利潤較 2023 年前三季度實現增長，佔比近五成。,1,[],,0,0,['FX:CNYUSD:FOREX:COMMON'],,0,"['A股', '中國股市', '財報季', '獲利', '增長']",0,1730361003,"{'xs': {'src': 'https://cimg.cnyes.cool/prod/news/5759114/xs/67933bc966698dfabac9ca1f22d00f49.jpg', 'width': 100, 'height': 56}, 's': {'src': 'https://cimg.cnyes.cool/prod/news/5759114/s/67933bc966698dfabac9ca1f22d00f49.jpg', 'width': 180, 'height': 101}, 'm': {'src': 'https://cimg.cnyes.cool/prod/news/5759114/m/67933bc966698dfabac9ca1f22d00f49.jpg', 'width': 380, 'height': 214}, 'l': {'src': 'https://cimg.cnyes.cool/prod/news/5759114/l/67933bc966698dfabac9ca1f22d00f49.jpg', 'width': 640, 'height': 360}, 'xl': {'src': 'https://cimg.cnyes.cool/prod/news/5759114/xl/67933bc966698dfabac9ca1f22d00f49.jpg', 'width': 960, 'height': 539}, 'xxl': {'src': 'https://cimg.cnyes.cool/prod/news/5759114/xxl/67933bc966698dfabac9ca1f22d00f49.jpg', 'width': 1080, 'height': 607}}",,835,A股,,[],[],0,0,0,
5759112,〈陸股盤後〉三大指數齊步揚 滬指結束連二黑 成交量重返2兆人民幣,"&lt;p&gt;中國 A 股市場三大指數周四 (31 日) 齊步小漲作收，房地產、證券與光電類股領漲，上證指數(&lt;a data-symbol-template=&quot;GI:SSEC:INDEX:COMMON&quot; href=&quot;#&quot;&gt;SSEC&lt;/a&gt;) 結束連 2 日走跌頹勢，科創 50 指數漲逾 1%，成交量重返 2 兆人民幣大關。&lt;/p&gt;

&lt;p&gt;滬指周四收高 0.42% 至 3279.82 點，深證成指 (&lt;a data-symbol-template=&quot;GI:SZI:INDEX:COMMON&quot; href=&quot;#&quot;&gt;SZI&lt;/a&gt;) 漲 0.57% 至 10591.22 點，創業板指漲 0.6% 至 2164.46 點，科創 50 指數漲 1.11%，北證 50 指數跌 1.68%，滬深北三市合計成交 2 兆 2629 億人民幣。&lt;/p&gt;

&lt;p&gt;大盤方面，半導體、券商類股大幅走高，新相微、至純科技、通富微電、張江高科等晶片類股漲停，國民技術等股亦漲超 10%，哈投股份、第一創業、天風證券、渤海租賃等券商亦漲停。房地產族群亦大漲，華夏幸福等多股漲停。&lt;/p&gt;

&lt;p&gt;此外，多元金融、光刻機、互聯金融、太陽能、風電概念股也相當活躍，光電概念股全天大漲，晶澳科技、鈞達股份、雙良節能、清源股、協鑫整合等漲停。化債概念股表現活躍，蒙草生態、中恆集團、光大嘉寶、青島金王等漲停。低空經濟概念股維持強勢，東安動力、萬豐奧威、立航科技、王子新材等漲停。&lt;/p&gt;

&lt;p&gt;下跌類股方面，豬肉、飯店餐飲、家用電器、煤炭等類股則跌幅居前，洋河股下跌超 5%。整體而言，整個市場個股漲多跌少，逾 3500 檔收漲。&lt;/p&gt;

&lt;p&gt;根據 Choice 統計數據，今日滬深兩市可交易 A 股中，上漲個股有 3468 檔，下跌個股有 1509 檔，平盤個股 118 檔。不含當日上市新股後共有 209 檔個股漲停，14 檔個股跌停。以所屬產業來看，漲停個股主要集中在建築裝飾、電子、機械設備、電腦、電力設備、房地產、汽車、醫藥生物等產業。&lt;/p&gt;

&lt;p&gt;光大證券指出，歷史來看，短期市場迅速上行之後，市場通常會轉為震盪上行，在各類政策積極表態下，市場整體仍有上漲機會，但投資機會或將逐步從&beta;轉向&alpha;，未來一段時間投資結構的選擇可能將更為關鍵。&lt;/p&gt;

&lt;p&gt;個股配置上，光大證券建議關注政策相關產業 + 風險偏好提升主線。未來一段時間，政策陸續落地情況或將是市場交易的重要主線，建議關注可望受益於政策落地的泛地產基建相關資產如白酒、地產、建材，以及併購重組相關方向。此外，市場風險偏好回升也將有助於成長個股的估值修復，軍工、TMT、新能源的部分個股或將有反彈機會。&lt;/p&gt;
",1,1,,1,[],,0,0,"['GI:SSEC:INDEX:COMMON', 'GI:SZI:INDEX:COMMON', 'GI:CSI300:INDEX:COMMON', 'FX:CNYUSD:FOREX:COMMON']",,0,"['陸股盤後', '成交量', '中國房市', '救市', '樓市']",1,1730360943,"{'xs': {'src': 'https://cimg.cnyes.cool/prod/news/5759112/xs/8f2f961a40059ad470c0d40e11104554.jpg', 'width': 100, 'height': 56}, 's': {'src': 'https://cimg.cnyes.cool/prod/news/5759112/s/8f2f961a40059ad470c0d40e11104554.jpg', 'width': 180, 'height': 101}, 'm': {'src': 'https://cimg.cnyes.cool/prod/news/5759112/m/8f2f961a40059ad470c0d40e11104554.jpg', 'width': 380, 'height': 214}, 'l': {'src': 'https://cimg.cnyes.cool/prod/news/5759112/l/8f2f961a40059ad470c0d40e11104554.jpg', 'width': 640, 'height': 360}, 'xl': {'src': 'https://cimg.cnyes.cool/prod/news/5759112/xl/8f2f961a40059ad470c0d40e11104554.jpg', 'width': 960, 'height': 540}, 'xxl': {'src': 'https://cimg.cnyes.cool/prod/news/5759112/xxl/8f2f961a40059ad470c0d40e11104554.jpg', 'width': 1080, 'height': 608}}",,835,A股,,[],[],0,0,0,
5759315,〈日月光法說〉Q3純益近97億元寫7季高點 前三季賺逾半股本,"&lt;p&gt;全球封測龍頭日月光投控 (3711-TW)(ASX-US) 今 (31) 日召開法說會，並公布第三季財報，受惠產能稼動率提升、先進封裝業績增長以及匯率有利因素，單季毛利率提升至 16.5%，創下七季來新高，稅後純益 96.66 億元，季增 24%，年增 10%，每股稅後純益 2.24 元，雙雙改寫七季高點，累計前三季每股稅後純益 5.35 元。&lt;/p&gt;

&lt;p&gt;日月光投控第三季營收 1601.05 億元，季增 14%，年增 4%，毛利率 16.5%，季增 0.1 個百分點，年增 0.3 個百分點，營益率 7.2%，季增 0.8 個百分點，年減 0.2 個百分點，稅後純益 96.66 億元，季增 24%，年增 10%，每股稅後純益 2.24 元。&lt;/p&gt;

&lt;p&gt;日月光投控前三季營收 4331.46 億元，年增 2.8%，毛利率 16.23%，年增 0.57 個百分點，營益率 6.46%，年減 0.3 個百分點，稅後純益 231.04 億元，年增 3.45%，每股稅後純益 5.35 元。&lt;/p&gt;

&lt;p&gt;以封測業務來看，日月光投控封裝、測試業績第三季皆呈現成長，季增超過 10%，隨著產能稼動率提升，整體封測業務毛利率也提升至 23.1%，季增 1 個百分點，年增 0.9 個百分點，營業淨利達 92.25 億元。&lt;/p&gt;
",1,1,全球封測龍頭日月光投控 (3711-TW) 今 (31) 日召開法說會，並公布第三季財報，受惠產能稼動率提升，加上匯率有利因素，毛利率提升至 16.5%，創下七季來新高，稅後純益 96.66 億元，季增 24%，年增 10%，每股稅後純益,1,"['3711', 'US-ASX']",,0,0,"['TWS:3711:STOCK:COMMON', 'USS:ASX:STOCK:COMMON']",,0,"['日月光投控', '先進封裝', 'AI', '財報']",1,1730360311,"{'xs': {'src': 'https://cimg.cnyes.cool/prod/news/5759315/xs/3eb65d320549e6985f5fce32b3cd9421.jpg', 'width': 100, 'height': 56}, 's': {'src': 'https://cimg.cnyes.cool/prod/news/5759315/s/3eb65d320549e6985f5fce32b3cd9421.jpg', 'width': 180, 'height': 101}, 'm': {'src': 'https://cimg.cnyes.cool/prod/news/5759315/m/3eb65d320549e6985f5fce32b3cd9421.jpg', 'width': 380, 'height': 214}, 'l': {'src': 'https://cimg.cnyes.cool/prod/news/5759315/l/3eb65d320549e6985f5fce32b3cd9421.jpg', 'width': 640, 'height': 360}, 'xl': {'src': 'https://cimg.cnyes.cool/prod/news/5759315/xl/3eb65d320549e6985f5fce32b3cd9421.jpg', 'width': 960, 'height': 539}, 'xxl': {'src': 'https://cimg.cnyes.cool/prod/news/5759315/xxl/3eb65d320549e6985f5fce32b3cd9421.jpg', 'width': 1080, 'height': 607}}",,827,台股新聞,,[],[],0,0,0,"[{'code': '3711', 'name': '日月光投控', 'symbol': 'TWS:3711:STOCK'}, {'code': 'ASX', 'name': '日月光', 'symbol': 'USS:ASX:STOCK'}]"
5759307,日銀總裁：若經濟和通膨符合預測 將繼續升息,"&lt;p&gt;日本央行總裁和田植男周四 (31 日) 強調，日本經濟復甦和通膨軌跡持續存在不確定性。如果經濟和通膨預測實現，日本央行將繼續提高基準利率，不過官員們對此類行動的時機並沒有先入為主的想法。&lt;/p&gt;

&lt;p&gt;植田在記者會上表明，央行在任何政策調整中都會保持謹慎，同時補充說，日本經濟面臨複雜的風險，日本央行將繼續監控這些風險，以避免密切擾亂脆弱的經濟穩定。&lt;/p&gt;

&lt;p&gt;植田強調，圍繞日本經濟和物價的不確定性仍然很高，並保留了 12 月會議上升息的可能性。&lt;/p&gt;

&lt;p&gt;日元在今天日本央行發表利率決議後走強，植田的記者會後漲勢一度加大，兌美元一度逼近 152 關口，此後漲勢略有縮小，回到 152.3 附近。&lt;/p&gt;

&lt;p&gt;植田指出，日本經濟正在溫和復甦，但也出現了一些疲軟的走勢。必須充分關注金融、外匯市場對日本經濟和價格的影響。外匯對價格的影響比過去更大，因為公司更渴望薪資、價格上漲。&lt;/p&gt;

&lt;p&gt;在談到美國經濟時，植田表示，美國經濟的不確定性仍然很高。&lt;/p&gt;

&lt;p&gt;大和證券首席經濟學家末廣徹指出，日本央行的解釋是「整體而言，我們正在走向正常化」。他表示，由於海外經濟的不確定性，央行決定不升息，但如果日元繼續貶值，央行不否認 12 月升息的可能性。&lt;/p&gt;
",1,1,日本央行總裁和田植男周四 (31 日) 強調，日本經濟復甦和通膨軌跡持續存在不確定性。如果經濟和通膨預測實現，日本央行將繼續提高基準利率，不過官員們對此類行動的時機並沒有先入為主的想法。,1,[],,0,0,"['FX:JPYUSD:FOREX:COMMON', 'FX:USDJPY:FOREX:COMMON']",,0,"['日本央行', '日本經濟', '植田和男', '日元', '利率', '升息']",0,1730359534,"{'xs': {'src': 'https://cimg.cnyes.cool/prod/news/5759307/xs/18b96c7feb6188842da511ee760f2900.jpg', 'width': 100, 'height': 56}, 's': {'src': 'https://cimg.cnyes.cool/prod/news/5759307/s/18b96c7feb6188842da511ee760f2900.jpg', 'width': 180, 'height': 101}, 'm': {'src': 'https://cimg.cnyes.cool/prod/news/5759307/m/18b96c7feb6188842da511ee760f2900.jpg', 'width': 380, 'height': 214}, 'l': {'src': 'https://cimg.cnyes.cool/prod/news/5759307/l/18b96c7feb6188842da511ee760f2900.jpg', 'width': 640, 'height': 360}, 'xl': {'src': 'https://cimg.cnyes.cool/prod/news/5759307/xl/18b96c7feb6188842da511ee760f2900.jpg', 'width': 960, 'height': 540}, 'xxl': {'src': 'https://cimg.cnyes.cool/prod/news/5759307/xxl/18b96c7feb6188842da511ee760f2900.jpg', 'width': 1080, 'height': 608}}",,838,外匯,,[],[],0,0,0,
5759197,中國六大行：明起實施存量房貸利率調整新機制,"&lt;p&gt;中國六大行&mdash;工商銀行 (01398-HK)(601398-CN)、農業銀行 (01288-HK)(601288-CN)、中國銀行 (03988-HK)(601988-CN)、建設銀行 (00939-HK)(601939-CN)、交通銀行 (03328-HK)(601328-CN)、郵儲銀行 (01658-HK)(601658-CN) 六大商業銀行今 (31 日) 發佈公告，將從明天 (11 月 1 日) 起，陸續對商業性個人住房貸款利率實行新的定價機制。&lt;/p&gt;

&lt;p&gt;據中國《央視》報導，這也意味著中國人民銀行一個月前發佈的完善商業性個人住房貸款利率定價機制要求，即將正式落地。&lt;/p&gt;

&lt;p&gt;根據公告，對於以浮動利率，也就是貸款市場報價利率 (LPR) 加減點報價的存量個人房貸，當它的利率加點值高於全國新發放個人房貸利率平均加點值 30 個基點時，借款人可以向銀行申請調整房貸利率 LPR 加點值，調整後的加點為全國新發放個人房貸利率平均加點值加 30 個基點。全國新發放個人房貸利率平均加點值為人民銀行最新發佈的全國新發放個人房貸加權平均利率減去對應季度五年期以上 lpr 均值。如果所在地區有個人房貸利率政策下限，則最終加點值不能低於所在城市房貸利率加點政策下限。&lt;/p&gt;

&lt;p&gt;另外，對於此前不少貸款人認為房貸利率重定價週期統一為一年，不能及時反映市場供需變化，容易造成新老房貸利差過大等情況，六大銀行的公告明確取消了房貸利率重定價週期最短為一年的限制。貸款人可以隨時向銀行提出將重定價週期調整為三個月或六個月，當然還可以保持為一年。需要注意的是，在整個還款週期裡，房貸利率重定價週期只能調整一次。這也意味著，如果貸款人認為未來貸款利率將下行，那麼將房貸利率重定價週期調整為三個月，就可能更早地享受到貸款市場報價利率 (LPR) 下調帶來的優惠；如果貸款人認為未來貸款利率將上漲，那麼將房貸利率重定價週期保持為一年，自己的房貸利率跟隨貸款市場報價利率 (LPR) 上漲就可能會更晚一些。&lt;/p&gt;

&lt;p&gt;此前，中國人民銀行 9 月底發佈公告，為更好地體現市場供求變化，維護借貸雙方的合法權益，將從 11 月 1 日起，完善商業性個人住房貸款利率定價機制。完善的重點一個是浮動利率商業性個人住房貸款與全國新發放商業性個人住房貸款利率偏離達到一定幅度時，借款人可與銀行協商變更房貸利率在 LPR 基礎上的加點幅度。而另一個重點就是取消房貸利率重定價週期最短為一年的限制。&lt;/p&gt;
",1,1,中國六大行—工商銀行 (01389-HK)(601398-CN)、農業銀行 (01288-HK)(601288-CN)、中國銀行 (03988-HK)(601988-CN)、建設銀行 (00939-HK)(601939-CN)、,1,"['HK-01389', 'HK-01288', 'HK-03988', 'HK-00939', 'HK-03328', 'HK-01685', 'CN-601398', 'CN-601288', 'CN-601988', 'CN-601939', 'CN-601328', 'CN-601658']",,0,0,"['CNS:601658:STOCK:COMMON', 'CNS:601328:STOCK:COMMON', 'CNS:601288:STOCK:COMMON', 'CNS:601939:STOCK:COMMON', 'CNS:601988:STOCK:COMMON', 'CNS:601398:STOCK:COMMON', 'HKS:03328:STOCK:COMMON', 'HKS:01685:STOCK:COMMON', 'HKS:01398:STOCK:COMMON', 'HKS:00939:STOCK:COMMON', 'HKS:03988:STOCK:COMMON', 'HKS:01288:STOCK:COMMON', 'HKS:01658:STOCK:COMMON', 'HKS:01389:STOCK:COMMON']",,0,"['中國', '國有銀行', '存量房貸', '住房貸款', '新機制']",0,1730358137,"{'xs': {'src': 'https://cimg.cnyes.cool/prod/news/5759197/xs/562957dc733cdfc675c25cf75db1985e.jpg', 'width': 100, 'height': 56}, 's': {'src': 'https://cimg.cnyes.cool/prod/news/5759197/s/562957dc733cdfc675c25cf75db1985e.jpg', 'width': 180, 'height': 101}, 'm': {'src': 'https://cimg.cnyes.cool/prod/news/5759197/m/562957dc733cdfc675c25cf75db1985e.jpg', 'width': 380, 'height': 214}, 'l': {'src': 'https://cimg.cnyes.cool/prod/news/5759197/l/562957dc733cdfc675c25cf75db1985e.jpg', 'width': 640, 'height': 360}, 'xl': {'src': 'https://cimg.cnyes.cool/prod/news/5759197/xl/562957dc733cdfc675c25cf75db1985e.jpg', 'width': 960, 'height': 539}, 'xxl': {'src': 'https://cimg.cnyes.cool/prod/news/5759197/xxl/562957dc733cdfc675c25cf75db1985e.jpg', 'width': 1080, 'height': 607}}",,837,大陸政經,,[],[],0,0,0,"[{'code': '601658', 'name': '郵儲銀行', 'symbol': 'CNS:601658:STOCK'}, {'code': '601328', 'name': '交通銀行', 'symbol': 'CNS:601328:STOCK'}, {'code': '601288', 'name': '農業銀行', 'symbol': 'CNS:601288:STOCK'}, {'code': '601939', 'name': '建設銀行', 'symbol': 'CNS:601939:STOCK'}, {'code': '601988', 'name': '中國銀行', 'symbol': 'CNS:601988:STOCK'}, {'code': '601398', 'name': '工商銀行', 'symbol': 'CNS:601398:STOCK'}, {'code': '03328', 'name': '交通銀行', 'symbol': 'HKS:03328:STOCK'}, {'code': '01685', 'name': '博耳電力', 'symbol': 'HKS:01685:STOCK'}, {'code': '01398', 'name': '工商銀行', 'symbol': 'HKS:01398:STOCK'}, {'code': '00939', 'name': '建設銀行', 'symbol': 'HKS:00939:STOCK'}, {'code': '03988', 'name': '中國銀行', 'symbol': 'HKS:03988:STOCK'}, {'code': '01288', 'name': '農業銀行', 'symbol': 'HKS:01288:STOCK'}, {'code': '01658', 'name': '郵儲銀行', 'symbol': 'HKS:01658:STOCK'}, {'code': '01389', 'name': '美捷滙控股', 'symbol': 'HKS:01389:STOCK'}]"
5759179,英特爾執行長禍從口出 傳台積電取消3奈米晶圓代工六折優惠,"&lt;p&gt;美國晶片巨頭英特爾 (&lt;a data-symbol-template=&quot;USS:INTC:STOCK:COMMON&quot; href=&quot;#&quot;&gt;INTC-US&lt;/a&gt;) 正處於多事之秋，外媒最新報導指出，該公司交由台積電 (&lt;a data-symbol-template=&quot;TWS:2330:STOCK:COMMON&quot; href=&quot;#&quot;&gt;2330-TW&lt;/a&gt;)(&lt;a data-symbol-template=&quot;USS:TSM:STOCK:COMMON&quot; href=&quot;#&quot;&gt;TSM-US&lt;/a&gt;) 代工晶圓的 6 折折扣已遭取消，必須支付全額費用，導致英特爾利潤遭到壓縮。&lt;/p&gt;

&lt;p&gt;《路透社》周二 (29 日) 引述未具名消息人士報導，原本數年前台積電與英特爾之間的關係良好，當時英特爾將部分晶圓交給台積電代工，台積電向英特爾的 3 奈米晶圓代工價格提供 6 折優惠，但隨著英特爾執行長派季辛格出任後推出「IDM 2.0」戰略，開始大力發展晶圓代工業務，並屢次向美國政府提及不能依賴台灣半導體製造，導致台積電取消折扣優惠。&lt;/p&gt;

&lt;p&gt;2021 年 5 月，季辛格說：「你不會想把所有雞蛋全放在台灣晶圓廠這個籃子裡」。同年 12 月，季辛格也在鼓吹美國政府投資美國晶圓製造商時說：「台灣不是一個穩定之處。」&lt;/p&gt;

&lt;p&gt;消息人士透露，為回應季辛格「無禮」之舉，台積電私底下已經決定取消給英特爾的折扣，也就是不再對原價 2.3 萬美元的 3 奈米晶圓提供 6 折的折扣。台積電在公開場合對季辛格言論輕描淡寫，台積電創辦人張忠謀則稱季辛格「有點無禮」。&lt;/p&gt;

&lt;p&gt;此外，上月還有消息傳出，英特爾 Intel 18A 製程並未通過美國晶圓設計商博通測試。博通是在 8 月收到英特爾返回的 Intel 18A 製程晶圓，經工程師跟高層研究後認為該項製程還無法進入高度量產期。&lt;/p&gt;

&lt;p&gt;根據消息，運用 Intel 18A 製程打造的晶片中，只有不到兩成通過博通初步測試，低於台積電試產階段的製程良率。&lt;/p&gt;

&lt;p&gt;但英特爾隨後表示，仍將按計畫於明年推出 Intel 18A 製程，並透露 Intel 18A 的缺陷密度 (D0) 已達到小於 0.4(def/cm^2)。&nbsp;&lt;/p&gt;

&lt;p&gt;然而，最近一份由英特爾供應商製作的規劃文件暗示，Intel 18A 有延遲跡象，該供應商仍在等待另一份數位設計工具包 (digital design kit) 以便推進該計畫。&lt;/p&gt;

&lt;p&gt;知情人士表示，直到 2026 年以前，客戶幾乎不可能以 Intel 18A 製程大量生產晶片。&lt;/p&gt;
",1,1,,1,[],,0,0,"['GI:SOX:INDEX:COMMON', 'TWS:2330:STOCK:COMMON', 'USS:INTC:STOCK:COMMON', 'USS:TSM:STOCK:COMMON']",,0,"['晶圓代工', '季辛格', '台積電', '折扣優惠', '3奈米']",0,1730357887,"{'xs': {'src': 'https://cimg.cnyes.cool/prod/news/5759179/xs/0ffd154a3e17a6a93e2db3962c6649ce.jpg', 'width': 100, 'height': 56}, 's': {'src': 'https://cimg.cnyes.cool/prod/news/5759179/s/0ffd154a3e17a6a93e2db3962c6649ce.jpg', 'width': 180, 'height': 101}, 'm': {'src': 'https://cimg.cnyes.cool/prod/news/5759179/m/0ffd154a3e17a6a93e2db3962c6649ce.jpg', 'width': 380, 'height': 214}, 'l': {'src': 'https://cimg.cnyes.cool/prod/news/5759179/l/0ffd154a3e17a6a93e2db3962c6649ce.jpg', 'width': 640, 'height': 360}, 'xl': {'src': 'https://cimg.cnyes.cool/prod/news/5759179/xl/0ffd154a3e17a6a93e2db3962c6649ce.jpg', 'width': 960, 'height': 539}, 'xxl': {'src': 'https://cimg.cnyes.cool/prod/news/5759179/xxl/0ffd154a3e17a6a93e2db3962c6649ce.jpg', 'width': 1080, 'height': 607}}",,831,美股雷達,,[],[],0,0,0,"[{'code': '2330', 'name': '台積電', 'symbol': 'TWS:2330:STOCK'}, {'code': 'INTC', 'name': '英特爾', 'symbol': 'USS:INTC:STOCK'}, {'code': 'TSM', 'name': '台積電', 'symbol': 'USS:TSM:STOCK'}]"
5759176,落後5分演出大逆轉 道奇4勝1敗擊退洋基 贏得世界大賽,"&lt;p&gt;洛杉磯道奇隊在一度落後 5 分之下完成大逆轉，在世界大賽第五場以 7:6 擊敗紐約洋基隊，並以 4 勝 1 負拿下今年世界大賽冠軍，連續 4 場比賽擊出全壘打的 Freddie Freeman 被選為 MVP。&lt;/p&gt;

&lt;p&gt;這是道奇隊 5 季以來第 2 個冠軍，也是自 1988 年以來，首次在完整的賽季奪冠。&lt;/p&gt;

&lt;p&gt;洋基隊先發投手 Gerrit Cole 今天主投 6.2 局比賽中表現出色，但包括他本人在內，洋基隊一些糟糕的防守，導致第五局連丟 5 分，揮霍掉原本的領先。隨後雖然重新建立了 6:5 的領勢，但第八局再失 2 分，最終輸掉比賽。&lt;/p&gt;

&lt;p&gt;道奇隊牛棚投手努力守成，Blake Treinen 及 Walker Buehler 合力確保第七、八、九局未再失分，Treinen 贏得勝投，第 3 戰先發表現出色的 Buehler 上場終結比賽，拿下救援成功。&lt;/p&gt;

&lt;p&gt;道奇隊早在去年冬天就展現封王企圖，簽下日籍明星大谷翔平及山本由伸，還進一步補強投手 Tyler Glasnow 與老將外野手 Teoscar Hern&aacute;ndez，與未來的名人堂投手 Clayton Kershaw 重新簽約。&lt;/p&gt;

&lt;p&gt;儘管球季中仍受傷病困擾，但在常規賽中，他們以 98 場勝利領先大聯盟，於 12 年裡第 11 次贏得國家聯盟西部冠軍，大谷更以歷史性的 54 支全壘打和 59 次盜壘創下歷史紀錄。&lt;/p&gt;

&lt;p&gt;然而，他們在季後賽仍面臨艱難，Freeman 因右腳踝嚴重扭傷而受到限制。Mookie Betts 和大谷都經歷了季後賽早期的掙扎。在國聯分區系列賽中，他們一度來到淘汰邊緣，在艱難地連勝兩場後，才擊敗聖地牙哥教士隊，晉級國聯冠軍戰。此後，再以 4 勝 2 敗淘汰紐約大都會隊，才來到世界大賽。&lt;/p&gt;

&lt;p&gt;大谷在世界大賽的表現平平，特別是因滑壘造成左肩受傷之後，雖然帶傷上陣，但沒有太多貢獻。不過從全季來看，如果沒有大谷「50-50」的史詩級表現，道奇能否打進季後賽都很難說。大谷本賽季竭盡全力，他將因此獲得他的第一枚世界大賽戒指。&lt;/p&gt;

&lt;p&gt;大谷也在正式成為道奇隊球員時就表明心跡，他說：「在我腦海中真正突出的一件事是，當我與道奇隊老闆團隊會面時，他們在回顧過去 10 年時說，儘管他們每年都進入季後賽，贏得了世界大賽戒指，這被認為是失敗的，」 「當我聽到這個消息時，我知道他們都是為了勝利，這正是我的感受。」&lt;/p&gt;

&lt;p&gt;世界大賽共斬獲 12 分打點，贏得 MVP 的 Freeman 表示，他上場打擊時，他的許多隊友都在壘上，讓他有機會表現，他很高興能在正確的時間棒子變得發燙起來。&lt;/p&gt;
",1,1,洛杉磯道奇隊在一度落後 5 分之下完成大逆轉，在世界大賽第五場以 7:6 擊敗紐約洋基隊，並以 4 勝 1 負拿下今年世界大賽冠軍，連續 4 場比賽擊出全壘打的 Freddie Freeman 被選為 MVP。,1,[],,0,0,[],,0,"['世界大賽', '道奇', '洋基', '大谷翔平', '棒球', 'MLB']",0,1730357186,"{'xs': {'src': 'https://cimg.cnyes.cool/prod/news/5759176/xs/3c8a28a5d8badeb045428e0c8ca35811.jpg', 'width': 100, 'height': 56}, 's': {'src': 'https://cimg.cnyes.cool/prod/news/5759176/s/3c8a28a5d8badeb045428e0c8ca35811.jpg', 'width': 180, 'height': 101}, 'm': {'src': 'https://cimg.cnyes.cool/prod/news/5759176/m/3c8a28a5d8badeb045428e0c8ca35811.jpg', 'width': 380, 'height': 214}, 'l': {'src': 'https://cimg.cnyes.cool/prod/news/5759176/l/3c8a28a5d8badeb045428e0c8ca35811.jpg', 'width': 640, 'height': 360}, 'xl': {'src': 'https://cimg.cnyes.cool/prod/news/5759176/xl/3c8a28a5d8badeb045428e0c8ca35811.jpg', 'width': 960, 'height': 539}, 'xxl': {'src': 'https://cimg.cnyes.cool/prod/news/5759176/xxl/3c8a28a5d8badeb045428e0c8ca35811.jpg', 'width': 1080, 'height': 607}}",,831,美股雷達,,[],[],0,0,0,
5759088,〈日股盤後〉追隨美股跌勢 日經結束連三漲 但守穩3萬9大關,"&lt;p&gt;日股今 (31) 日自兩周高點回落，日經 225 指數(&lt;a data-symbol-template=&quot;GI:NKY:INDEX:COMMON&quot; href=&quot;#&quot;&gt;NKY&lt;/a&gt;) 追隨美股昨晚科技跌勢，早盤一度失守 3 萬 9 千點大關，終場下跌 0.45% 至 39102.36 點，東證 (TOPIX)(TPX) 亦收低 0.3% 至 2695.51 點，與日經 225 同樣結束連 3 日上漲走勢。&lt;/p&gt;

&lt;p&gt;個股方面，Uniqlo 母公司迅銷下跌 2.21% 至每股 4 萬 9520 日元，泰爾茂公司下跌 1.44% 至每股 2944.5 日元。截至今日下午 2 點 37 分，日元兌美元匯率升值 0.36% 至 152.87，扭轉昨日貶勢。&lt;/p&gt;

&lt;p&gt;日本央行 (BOJ) 在今日貨幣政策會議上決定，作為政策利率的「無擔保隔夜拆借利率」誘導目標維持在 0.25% 左右不變，日元則在 BOJ 宣布按兵不動後走強。&lt;/p&gt;

&lt;p&gt;在按兵不動的同時，BOJ 也在一份展望報告中指出，日本經濟活動和物價存在很大的不確定性，但預期未來兩年日本經濟將繼續成長，通膨將有所緩解。&lt;/p&gt;

&lt;p&gt;SMBC 信託銀行投資研究主管山口正宏說：「這禮拜公布的美國主要科技公司獲利結果在 AI 投資獲利上呈現不同的結果，顯現出意外的疲軟趨勢，導致日本股票面臨賣壓。」&lt;/p&gt;

&lt;p&gt;立花證券也指出，由於晶片股大跌以及市場對企業陸續公布的財報表現感到不安，導致美股周三下跌，加上市場預估日本央行 (BOJ) 今日將維持利率不變。這種氣氛導致日股下跌。&lt;/p&gt;
",1,1,,1,[],,0,0,"['GI:NKY:INDEX:COMMON', 'GI:DXY:INDEX:COMMON', 'FX:JPYUSD:FOREX:COMMON']",,0,"['日股盤後', '美股', '日本央行', '利率決策', 'BOJ']",1,1730356722,"{'xs': {'src': 'https://cimg.cnyes.cool/prod/news/5759088/xs/655094c62669b0280a917f84c18942f3.jpg', 'width': 100, 'height': 56}, 's': {'src': 'https://cimg.cnyes.cool/prod/news/5759088/s/655094c62669b0280a917f84c18942f3.jpg', 'width': 180, 'height': 101}, 'm': {'src': 'https://cimg.cnyes.cool/prod/news/5759088/m/655094c62669b0280a917f84c18942f3.jpg', 'width': 380, 'height': 214}, 'l': {'src': 'https://cimg.cnyes.cool/prod/news/5759088/l/655094c62669b0280a917f84c18942f3.jpg', 'width': 640, 'height': 360}, 'xl': {'src': 'https://cimg.cnyes.cool/prod/news/5759088/xl/655094c62669b0280a917f84c18942f3.jpg', 'width': 960, 'height': 539}, 'xxl': {'src': 'https://cimg.cnyes.cool/prod/news/5759088/xxl/655094c62669b0280a917f84c18942f3.jpg', 'width': 1080, 'height': 607}}",,832,歐亞股,,[],[],0,0,0,
5759231,鉅亨速報 - Factset 最新調查：Meta平台META-US的目標價調升至620元，幅度約3.33%,&lt;p&gt;根據FactSet最新調查，共59位分析師，對Meta平台(META-US)提出目標價估值：中位數由600元上修至620元，調升幅度3.33%。其中最高估值811元，最低估值475元。&lt;/p&gt;&lt;p&gt;綜合評級 - 共有71位分析師給予Meta平台評價：積極樂觀60位、保持中立9位、保守悲觀2位。&lt;/p&gt;&lt;p&gt;Meta平台今(31日)收盤價為591.8元。近5日股價上漲3.33%，標普指數上漲0.8%股價漲幅表現優於大盤。&lt;/p&gt;&lt;p&gt;資料來源：Factset，數據僅供參考，不作為投資建議。&lt;/p&gt;,0,1,FactSet 最新調查：Meta平台META-US目標價調升，最高估值、最低估值、中位數、綜合評級、近5日股價、標普、即時新聞資訊,1,[],,0,0,['USS:META:STOCK:ETF'],,0,"['美股', 'META', '市場預估', '目標價']",0,1730355333,,,917,美股預估,,[],['USS:META:STOCK'],0,0,0,"[{'code': 'META', 'name': 'Ball元宇宙ETF', 'symbol': 'USS:META:STOCK'}]"
5759050,GDP穩健和降息加持美股！瑞銀CIO看好明年標普500漲至6600點,"&lt;p&gt;昨 (30 日) 晚公佈的美國第三季度 GDP 年增 2.8%，繼第二季度增長 3% 之後，又呈現一個表現穩健的季度。雖該數據與市場預期基本一致，市場反應有限。瑞銀財富管理投資總監辦公室（CIO）認為，GDP 穩健增長和美聯儲降息的背景，有望為金融市場帶來支撐，持續看好美國基本面前景有利風險資產，並預計標普 500 指數或將在 2025 年底前上漲至 6600 點，將美國股票評為 &ldquo;具吸引力&rdquo;。&lt;/p&gt;

&lt;p&gt;瑞銀 (CIO) 認為，從細項來看，消費是拉動 GDP 的主要增長點，季環比折年率增長 3.7%。其中商品消費支出尤其強勁，環比折年率增長 6.0%，服務消費支出增長 2.6%。不過，實際商品消費帶來的增長貢獻並沒有這麼多，主要是因為三季度製造業產出偏弱。和上一季度相比，商品進口增加以及私人庫存下滑是三季度 GDP 環比折年率下降的主要原因。&lt;/p&gt;

&lt;p&gt;固定投資低迷，僅增長 1.3%，為 22 年第四季度以來的最低水準。住宅投資和非住宅投資均為負值，但設備投資保持強勁，增長達到 11.1%。國防開支增長 14.9%，對 GDP 增長率的貢獻率為 0.5 個百分點。&lt;/p&gt;

&lt;p&gt;PCE 平減指數放緩至 1.5%，而剔除食品和能源的核心 PCE 指數為 2.2%。瑞銀預計這足以讓美聯儲在即將舉行的 FOMC 會議上繼續降息。經濟的穩健增長和美聯儲降息的大背景有望為金融市場帶來支撐。&lt;/p&gt;

&lt;p&gt;距離美國總統大選僅剩一周，市場已進入最後衝刺階段，不過結果仍然難以預測。最新的民意調查顯示，在一些關鍵搖擺州，兩位候選人的支持率不相上下，儘管最近幾周預測市場上特朗普獲勝的幾率有所上升。&lt;/p&gt;

&lt;p&gt;鑒於潛在的重新計票和法律爭議，大選可能要待 12 月 11 日各州宣佈選舉人團投票結果後才知分曉。但大選一旦塵埃落定，瑞銀認為基本面應重新佔據主導地位，並決定市場走向。&lt;/p&gt;

&lt;p&gt;美國經濟擴張似乎可持續。週二發佈的職位空缺和勞動力流動調查（JOLTS）報告顯示，9 月份職位空缺降至 740 萬，低於市場預期和 8 月份的 790 萬，為 2021 年 1 月以來的最低水準。美國勞動力市場不再顯得過熱，但仍然相當具韌性。同時，昨晚公佈的第三季度美國 GDP 表現仍然穩健，核心 PCE 平減指數為 2.2%。總體而言，最近的數據表明美國經濟比之前想像的更強勁，而通脹廣泛回落的趨勢不變。&lt;/p&gt;

&lt;p&gt;美聯儲或將繼續推進政策寬鬆週期。聯邦公開市場委員會（FOMC）將在美國大選日後一天召開會議，並於 11 月 7 日公佈政策利率決議。隨著美國央行的政策立場繼續轉向中性，美聯儲官員近期的評論表明本次議息會議仍有可能降息 25 個基點。瑞銀預計今年後續或將降息 50 個基點，2025 年或將進一步下調政策利率 100 個基點。美聯儲在非衰退時期降息歷來對股票有利。&lt;/p&gt;

&lt;p&gt;科技企業三季度財報或繼續提示支援人工智能（AI）增長。谷歌母公司 Alphabet 在週二收盤後為大型科技公司的財報季拉開帷幕，其雲計算業務實現了 35% 的同比營收增長，營運利潤率達到 17% 的穩健水準。該公司還將其 2024 年的資本支出指引從之前預測的 480 億美元上調至 510 億美元。微軟、Meta、亞馬遜和蘋果將在接下來的兩天內跟進公佈季報。&lt;/p&gt;

&lt;p&gt;一些知名半導體公司的初步業績顯示，AI 需求健康且可持續，預計這將繼續推動未來幾年的增長。瑞銀相信，大型科技公司今年和明年的資本支出將有利於 AI 行業的發展。&lt;/p&gt;

&lt;p&gt;因此，瑞銀繼續認為基本面前景利好風險資產，並預計標普 500 指數或將在 2025 年底前上漲至 6600 點。瑞銀將美國股票評為 「具吸引力」。&lt;/p&gt;
",1,1,昨 (30 日) 晚公佈的美國第三季度 GDP 年增 2.8%，繼第二季度增長 3% 之後，又呈現一個表現穩健的季度。雖該數據與市場預期基本一致，市場反應有限。瑞銀財富管理投資總監辦公室認為，GDP 穩健增長和美聯儲降,1,[],,0,0,['GI:INX:INDEX:COMMON'],,0,"['美國大選', 'GDP', '小非農', '瑞銀', '標普500', 'S&P 500']",1,1730353324,"{'xs': {'src': 'https://cimg.cnyes.cool/prod/news/5759050/xs/fc1e323ad5e427fe3c0384c95489c15e.jpg', 'width': 100, 'height': 56}, 's': {'src': 'https://cimg.cnyes.cool/prod/news/5759050/s/fc1e323ad5e427fe3c0384c95489c15e.jpg', 'width': 180, 'height': 101}, 'm': {'src': 'https://cimg.cnyes.cool/prod/news/5759050/m/fc1e323ad5e427fe3c0384c95489c15e.jpg', 'width': 380, 'height': 214}, 'l': {'src': 'https://cimg.cnyes.cool/prod/news/5759050/l/fc1e323ad5e427fe3c0384c95489c15e.jpg', 'width': 640, 'height': 360}, 'xl': {'src': 'https://cimg.cnyes.cool/prod/news/5759050/xl/fc1e323ad5e427fe3c0384c95489c15e.jpg', 'width': 960, 'height': 540}, 'xxl': {'src': 'https://cimg.cnyes.cool/prod/news/5759050/xxl/fc1e323ad5e427fe3c0384c95489c15e.jpg', 'width': 1080, 'height': 607}}",,830,美股,,[],[],0,0,0,
5759049,翁朝棟卸任鋼鐵公會理事長 呼籲政府不能只重科技、輕傳產,"&lt;p&gt;鋼鐵公會昨 (30) 日召開會員大會，也是翁朝棟卸任理事長前最後一次主持，他不忘替鋼鐵業發聲，呼籲政府不能只「重科技、輕傳產」；至於碳費議題，翁朝棟直言最終的費率「不滿意但可接受」。&lt;/p&gt;

&lt;p&gt;翁朝棟表示，國內用鋼產業的年產值高達 7 兆元，就業人員約 110 萬人，但半導體業 30 萬人，製造業是國力象徵，台灣要多元發展，不管是經濟安全、國家安全或社會安全，才能有保障，政府不能偏重半導體，獎勵都給高科技產業，資源也要多支持製造業。&lt;/p&gt;

&lt;p&gt;碳費議題方面，翁朝棟指出，鋼鐵、水泥、石化等公會都有透過工總反映，呼籲政府正視問題，為了台灣經濟需均衡發展，不是只聽環團聲音，台灣應該要跟競爭對手日本、韓國、德國相比，而不是一直跟沒有製造業的新加坡比，希望循序漸進與國際接軌。&lt;/p&gt;

&lt;p&gt;翁朝棟強調，碳中和挑戰是不可迴避任責任，碳費只是手段，必須做好節能減碳，日本 10 年內投入 20 兆日元針對氫能冶金、CCUS 碳捕捉再利用技術發展，韓國投入 1500 億韓元、德國 26 億美元開發節能減碳。反觀台灣獎勵都給科技產業。&lt;/p&gt;

&lt;p&gt;針對鋼鐵業目前景氣，翁朝棟直言，政府要收碳費、電費又調漲，鋼鐵業真的很難經營，對此只能「無語問蒼天」。&lt;/p&gt;
",1,1,鋼鐵公會昨 (30) 日召開會員大會，也是翁朝棟卸任理事長前最後一次主持，他不忘替鋼鐵業發聲，呼籲政府不能只「重科技、輕傳產」；至於碳費議題，翁朝棟直言最終的費率「不滿意但可接受」。,1,[],,0,0,"['FX:JPYUSD:FOREX:COMMON', 'FX:KRWUSD:FOREX:COMMON']",,0,"['鋼鐵公會', '翁朝棟', '鋼鐵', '碳費']",1,1730353149,"{'xs': {'src': 'https://cimg.cnyes.cool/prod/news/5759049/xs/21558a771d39b532beb80a91a826a00b.jpg', 'width': 100, 'height': 56}, 's': {'src': 'https://cimg.cnyes.cool/prod/news/5759049/s/21558a771d39b532beb80a91a826a00b.jpg', 'width': 180, 'height': 101}, 'm': {'src': 'https://cimg.cnyes.cool/prod/news/5759049/m/21558a771d39b532beb80a91a826a00b.jpg', 'width': 380, 'height': 214}, 'l': {'src': 'https://cimg.cnyes.cool/prod/news/5759049/l/21558a771d39b532beb80a91a826a00b.jpg', 'width': 640, 'height': 360}, 'xl': {'src': 'https://cimg.cnyes.cool/prod/news/5759049/xl/21558a771d39b532beb80a91a826a00b.jpg', 'width': 960, 'height': 540}, 'xxl': {'src': 'https://cimg.cnyes.cool/prod/news/5759049/xl/21558a771d39b532beb80a91a826a00b.jpg', 'width': 960, 'height': 540}}",,827,台股新聞,,[],[],0,0,0,
5758670,比亞迪Q3告捷 首次銷售額超越特斯拉 唯利潤落後,"&lt;p&gt;在電動車市場的競爭中，特斯拉 (TSLA-US) 與中國電動車領導者比亞迪之間的戰鬥愈演愈烈。根據最新報導，比亞迪在第三季銷售額首次超過特斯拉，達到 282 億美元，而特斯拉的可比銷售額為 252 億美元。&lt;/p&gt;

&lt;p&gt;比亞迪作為中國最大的電動車製造商，其銷售量事實上超過特斯拉，但比亞迪的車輛單價較低。&lt;/p&gt;

&lt;p&gt;比亞迪產品線包括插電式混合動力車和全電動車，而特斯拉僅銷售全電動車。在第三季度，比亞迪交付約 110 萬輛車輛，其中約 44.3 萬輛為全電動車，68.6 萬輛為插電式混合動力車，而特斯拉交付約 46.3 萬輛全電動車。&lt;/p&gt;

&lt;p&gt;儘管數據顯示，比亞迪的銷售表現優於特斯拉，但在利潤方面，特斯拉仍然佔據優勢。&lt;/p&gt;

&lt;p&gt;比亞迪在第三季營業利潤約為 11 億美元，而特斯拉則達到約 28 億美元。然而，這兩者的數據難以直接比較，因為比亞迪和特斯拉在營運費用的計算上存在差異。&lt;/p&gt;

&lt;p&gt;在股市方面，特斯拉的股價周三下跌 0.8%，收於 257.55 美元，而標普 500 指數下跌 0.3%。相比之下，比亞迪 ADR 上漲 0.6%，收於 76.50 美元。儘管比亞迪在香港上市的股票在海外交易中下跌 0.7%，但截至周三，這些股票今年以來已上漲約 38%。&lt;/p&gt;

&lt;p&gt;比亞迪的整體業績符合華爾街的預期，顯示出其穩健的市場表現。而特斯拉周三股價下跌似乎與比亞迪的表現無關，因為市場對其第三季度財報的反應並不意外，而是獲利和技術面仍在影響股價。近期，特斯拉的股價因為超出預期的財報而上漲了約 22%。&lt;/p&gt;

&lt;p&gt;分析師指出，特斯拉的股價在財報公布後達到阻力位，這是技術分析師用來評估過去投資者買賣行為的指標。當前，投資者在特斯拉股價高於 260 美元時選擇獲利了結。儘管如此，特斯拉的股價在今年仍上漲約 4%。&lt;/p&gt;

&lt;p&gt;這一系列數據顯示，電動車市場的競爭正在加劇，特斯拉與比亞迪的差距正在縮小，未來的市場動向值得關注。&lt;/p&gt;
",1,1,在電動車市場的競爭中，特斯拉 (TSLA-US) 與中國電動車領導者比亞迪之間的戰鬥愈演愈烈。根據最新報導，比亞迪在第三季銷售額首次超過特斯拉，達到 282 億美元，而特斯拉的可比銷售額為 252 億美元。,1,['US-TSLA'],,0,0,"['GI:INX:INDEX:COMMON', 'USS:TSLA:STOCK:COMMON']",,0,"['比亞迪', '特斯拉', '美股', '電動車']",0,1730352741,"{'xs': {'src': 'https://cimg.cnyes.cool/prod/news/5758670/xs/465663b5be08d520f39f03203aa83ec5.jpg', 'width': 100, 'height': 56}, 's': {'src': 'https://cimg.cnyes.cool/prod/news/5758670/s/465663b5be08d520f39f03203aa83ec5.jpg', 'width': 180, 'height': 101}, 'm': {'src': 'https://cimg.cnyes.cool/prod/news/5758670/m/465663b5be08d520f39f03203aa83ec5.jpg', 'width': 380, 'height': 214}, 'l': {'src': 'https://cimg.cnyes.cool/prod/news/5758670/l/465663b5be08d520f39f03203aa83ec5.jpg', 'width': 640, 'height': 360}, 'xl': {'src': 'https://cimg.cnyes.cool/prod/news/5758670/xl/465663b5be08d520f39f03203aa83ec5.jpg', 'width': 960, 'height': 539}, 'xxl': {'src': 'https://cimg.cnyes.cool/prod/news/5758670/xxl/465663b5be08d520f39f03203aa83ec5.jpg', 'width': 1080, 'height': 607}}",,831,美股雷達,,"[{'name': '股票-美國大型', 'categoryAbbrId': 'C65'}]",[],0,0,0,"[{'code': 'TSLA', 'name': '特斯拉', 'symbol': 'USS:TSLA:STOCK'}]"
5759137,日本央行調高成長前景後 日元兌美元小幅走高,"&lt;p&gt;日本央行周四 (31 日) 一如預期維持利率不變，但上調了經濟成長預期，幫助日元兌美元匯率在一周內首次上漲。&lt;/p&gt;

&lt;p&gt;截至台北時間下午 13:08，美元兌日元匯率報 152.94，日元上漲 0.31%，這將 10 月份的跌幅縮小至 6.1%。&lt;/p&gt;

&lt;p&gt;日本央行以 9-0 通過利率決議。日本央行表示，鑑於實際利率處於非常低的水準，如果經濟和物價走勢符合其預測，日本央行將繼續提高政策利率。&lt;/p&gt;

&lt;p&gt;此外，央行調高 2025 財年 GDP 成長率預測，下調 2025 財年通膨成長預測。日本央行預計，2024 財年 GDP 成長預期為 0.6%，2025 財年 GDP 成長預期為 1.1%，2026 財年 GDP 成長預期為 1.0%。&lt;/p&gt;

&lt;p&gt;野村證券外匯策略主管 Yujiro Goto 表示，日元小幅上漲可歸因於部位平倉。&lt;/p&gt;

&lt;p&gt;他表示：「在日本政治不確定性加劇的背景下，市場預期日本央行將對未來升息採取更加謹慎的立場，但展望報告並未實現，導致倉位小幅調整。」&lt;/p&gt;

&lt;p&gt;日元觀察人士關注的焦點是日本央行總裁植田和男，是否會針對下次升息給出任何暗示。在日元繼續疲軟下，央行面臨盡早升息的壓力。&lt;/p&gt;

&lt;p&gt;澳洲聯邦銀行貨幣策略師 Carol Kong 表示，今天晚些時候的焦點集中在央行總裁身上，他可能會就日本央行下次升息時間提供更多見解，如果他提出更強有力的升息指引，這將令人意外，可能會提前定價並推高日元。&lt;/p&gt;

&lt;p&gt;日本執政聯盟失去多數席次後，日元周一跌至 7 月以來新低。這引發了日本當局的警告，日本財務大臣加藤勝信周二表示，日本大選後日元大幅貶值，政府將以高度緊迫感關注外匯走勢。&lt;/p&gt;
",1,1,日本央行周四 (31 日) 一如預期維持利率不變，但上調了經濟成長預期，幫助日元兌美元匯率在一周內首次上漲。,1,[],,0,0,"['FX:JPYUSD:FOREX:COMMON', 'FX:USDJPY:FOREX:COMMON']",,0,"['日本央行', '日元', '經濟前景', '利率決策', '日本']",0,1730352002,"{'xs': {'src': 'https://cimg.cnyes.cool/prod/news/5759137/xs/d7160ef1bc520193dc9e23a58b31849d.jpg', 'width': 100, 'height': 56}, 's': {'src': 'https://cimg.cnyes.cool/prod/news/5759137/s/d7160ef1bc520193dc9e23a58b31849d.jpg', 'width': 180, 'height': 101}, 'm': {'src': 'https://cimg.cnyes.cool/prod/news/5759137/m/d7160ef1bc520193dc9e23a58b31849d.jpg', 'width': 380, 'height': 214}, 'l': {'src': 'https://cimg.cnyes.cool/prod/news/5759137/l/d7160ef1bc520193dc9e23a58b31849d.jpg', 'width': 640, 'height': 360}, 'xl': {'src': 'https://cimg.cnyes.cool/prod/news/5759137/xl/d7160ef1bc520193dc9e23a58b31849d.jpg', 'width': 960, 'height': 540}, 'xxl': {'src': 'https://cimg.cnyes.cool/prod/news/5759137/xxl/d7160ef1bc520193dc9e23a58b31849d.jpg', 'width': 1080, 'height': 608}}",,838,外匯,,[],[],0,0,0,
5758866,最快本周六？黎巴嫩總理：有望未來幾小時或數天內跟以色列達停火協議,"&lt;p&gt;黎巴嫩看守總理 Nadschib Mikati 周三 (30 日) 表示，有望在未來幾小時或數日內宣佈與以色列達成停火協議，但與此同時，以色列仍持續空襲黎國東部地區，造成至少 31 人死亡。Mikati 周四將跟美國特使 Amos Hochstein 會面商議以色列與黎巴嫩真主黨的停火協議。&lt;/p&gt;

&lt;p&gt;Mikati 在與 Hochstein 會面前夕接受黎國媒體《Al Jadeed》訪問時說，原本認為在下周二 (11 月 5 日) 美國總統大選之前不可能達成停火協議，但跟 Hochstein 通話後感到樂觀，目前正盡最大努力，並對未來幾小時或幾天內達成停火協議持樂觀態度。&lt;/p&gt;

&lt;p&gt;白宮方面表示，美國特使 Brett McGurk 將於周四與 Hochstein 一起訪問以色列。一位美國官員表示，他們將在那裡討論一系列問題，「包括加薩、黎巴嫩、人質、伊朗和更廣泛的地區問題」。&lt;/p&gt;

&lt;p&gt;《以色列公共廣播公司》(Kan) 公佈了一份據稱是停火協議的草案，並指停火日期是在本周六 (11 月 2 日)，白宮國安發言人 Sean Savett 則稱「目前流傳著許多報導和草案，但它們並未反映目前的談判狀況。」&lt;/p&gt;

&lt;p&gt;真主黨新領導人 Sheikh Naim Qassem 周三稍早表示，若以色列希望停止戰爭，真主黨將同意在一定條件下停火，但以色列迄今尚未同意任何可以討論的提議。&lt;/p&gt;

&lt;p&gt;與此同時，以色列周三繼續擴大針對黎巴嫩境內真主黨的行動，對以羅馬神廟聞名的東部城市巴勒貝克及其附近村莊發動猛烈空襲。以軍在空襲之後向《路透社》表示，攻擊目標是貝卡谷地地區的真主黨燃料庫。&lt;/p&gt;

&lt;p&gt;黎國公共衛生部周三指出，以軍對巴勒貝克地區貝德納耶爾村的攻擊造成 8 人死亡，其中包括 5 名婦女，對巴勒貝克地區拜特薩利比鎮的襲擊造成 11 人死亡，包括 3 名婦女，對東部貝卡地區索赫莫爾鎮的攻擊造成 12 人死亡。&lt;/p&gt;

&lt;p&gt;《新華社》報導，黎巴嫩軍方消息人士表示，以軍戰機和無人機周三共對黎巴嫩南部實施 55 次空襲，對黎巴嫩東部實施 15 次空襲。&lt;/p&gt;

&lt;p&gt;黎國公共衛生部周三公佈的統計數據，自去年 10 月初以來，真主黨與以色列之間的衝突已在黎巴嫩造成 2822 人死亡。&lt;/p&gt;
",1,1,,1,[],,0,0,['EOD:BRENT:EOD:ENERGY'],,0,"['以色列', '停火協議', '真主黨', '美國大選']",0,1730351507,"{'xs': {'src': 'https://cimg.cnyes.cool/prod/news/5758866/xs/92f11eed8b3ba29ad545d58feef8b203.jpg', 'width': 100, 'height': 56}, 's': {'src': 'https://cimg.cnyes.cool/prod/news/5758866/s/92f11eed8b3ba29ad545d58feef8b203.jpg', 'width': 180, 'height': 101}, 'm': {'src': 'https://cimg.cnyes.cool/prod/news/5758866/m/92f11eed8b3ba29ad545d58feef8b203.jpg', 'width': 380, 'height': 214}, 'l': {'src': 'https://cimg.cnyes.cool/prod/news/5758866/l/92f11eed8b3ba29ad545d58feef8b203.jpg', 'width': 640, 'height': 360}, 'xl': {'src': 'https://cimg.cnyes.cool/prod/news/5758866/xl/92f11eed8b3ba29ad545d58feef8b203.jpg', 'width': 960, 'height': 540}, 'xxl': {'src': 'https://cimg.cnyes.cool/prod/news/5758866/xxl/92f11eed8b3ba29ad545d58feef8b203.jpg', 'width': 1080, 'height': 608}}",,833,國際政經,,[],[],0,0,0,
5758680,川普拿關稅威脅「歐洲小可愛們」 歐盟兩大招等著：別敬酒不吃吃罰酒,"&lt;p&gt;美國共和黨總統候選人川普周二在賓州的集會上再次強調了對歐盟的關稅威脅。他表示，如果他在 11 月 5 日的大選中獲勝，歐盟將因未能購買足夠的美國出口產品而「付出巨大代價」。&lt;/p&gt;

&lt;p&gt;川普在集會上指出：「歐盟聽起來很好，很可愛，但他們不拿走我們的汽車和農產品，而是在美國銷售了數百萬輛汽車。他們將不得不為此承擔後果。」&lt;/p&gt;

&lt;p&gt;川普先前已明確表示，一旦當選，他將對來自所有國家的進口產品徵收 10% 至 20% 的關稅，並對部分來自中國的產品徵收高達 60% 的關稅。歐盟官員估計這可能導致歐盟每年的出口額減少約 1500 億歐元。&lt;/p&gt;

&lt;p&gt;然而，經濟學家警告稱，這項政策可能會對全球供應鏈造成衝擊，很可能引發報復性反制措施，並提高美國民眾的生活成本。&lt;/p&gt;

&lt;p&gt;與此同時，川普的競選對手&mdash;&mdash;民主黨人賀錦麗在華盛頓的一場大型集會上對其關稅計劃提出了強烈批評。她對數萬名集會者表示，川普正在尋求不受限制的權力，並稱「這個人的情緒反覆無常，沉迷於復仇，滿腔怨恨，渴望無限權力」。&lt;/p&gt;

&lt;p&gt;由於川普的關稅威脅，歐洲股市已經受到顯著影響。今年，歐洲股市的表現明顯落後美股，分析師指出，川普的政策是造成這一差距的主要因素之一。分析師擔憂，歐洲出口商可能會受到衝擊，同時預期美股企業將因川普的減稅政策而受益。&lt;/p&gt;

&lt;p&gt;根據巴克萊的數據，自今年 9 月底以來，受美國關稅影響的 28 只知名歐洲股票已累計下跌 7%。這些股票包括全球最大的洋酒公司帝亞吉歐、奢侈品巨頭路威酩軒集團和​​汽車製造商大眾等。巴克萊指出，其中有幾家公司超過 30% 的收入來自美國市場。&lt;/p&gt;

&lt;p&gt;摩根大通資產管理公司的全球市場策略師休 ‧ 金伯表示，目前歐洲股市的交易價格比美國市場低 40%，這一現像在一定程度上反映了貿易衝突再度升級的潛在威脅。他表示：「這種負面情緒現在似乎很好地反映在了價格上。」&lt;/p&gt;

&lt;p&gt;美國是歐盟最大的商品出口目的地，佔歐盟出口總額的 19.7%；僅次於中國，美國也是歐盟第二大貨物進口來源國，佔歐盟進口總額的 13.7%。根據歐盟委員會的數據，2023 年歐盟向美國出口了 5,023 億歐元的商品。&lt;/p&gt;

&lt;figure&gt;&lt;img alt=&quot;2023年歐盟成員國對美國的貨物出口的前十名&quot; data-height=&quot;478&quot; data-mime=&quot;image/webp&quot; data-ratio=&quot;1.3535564853556485&quot; data-src-m=&quot;https://cimg.cnyes.cool/prod/news/5758680/m/5aba098a1a4ae8fc471ab0b932c220cc.jpg&quot; data-width=&quot;647&quot; src=&quot;https://cimg.cnyes.cool/prod/news/5758680/l/5aba098a1a4ae8fc471ab0b932c220cc.jpg&quot;&gt;
&lt;figcaption&gt;2023 年歐盟成員國對美國的貨物出口的前十名&lt;/figcaption&gt;
&lt;/figure&gt;

&lt;p&gt;歐洲新聞網（Euronews）30 日分析指出，川普提議對歐盟進口商品徵收 10% 的關稅，這可能會損害歐洲的出口驅動型產業，如汽車與機械（2076 億歐元）、化學品（1374 億歐元）和其他製成品（1037 億歐元）等；德國（1577 億歐元）、義大利（673 億歐元）以及愛爾蘭（516 億歐元）等成員國將會是受影響最嚴重的歐盟國家。同時，歐盟的潛在報復措施可能加劇緊張局勢升級，進一步破壞美歐貿易關係。&lt;/p&gt;

&lt;h6&gt;歐盟胡蘿蔔加大棒應對 貿易協議 + 報復性關稅&lt;/h6&gt;

&lt;p&gt;英媒《金融時報》早前曾披露稱，歐盟正在製定「胡蘿蔔加大棒」的應對策略。&lt;/p&gt;

&lt;p&gt;這項策略具體來說分為兩步驟：如果川普勝選，歐盟的第一步是立即派出談判人員與其接觸，尋求盡快達成貿易協議，增加進口特定美國商品，避免川普對歐盟產品加徵關稅；如果第一步落​​空，而川普選擇施加懲罰性關稅，那麼歐盟也將進行有針對性的報復。&lt;/p&gt;

&lt;p&gt;據報導，歐盟正在擬定一份從美國進口商品的清單，清單內商品可能被徵收 50% 甚至更高的關稅。他們計劃對川普的「核心選民」下手，例如對美國的波本威士忌、哈雷摩托車、動力船舶等施加沉重關稅。&lt;/p&gt;
",1,1,美國共和黨總統候選人川普周二在賓州的集會上再次強調了對歐盟的關稅威脅。他表示，如果他在 11 月 5 日的大選中獲勝，歐盟將因未能購買足夠的美國出口產品而「付出巨大代價」。,1,[],,0,0,['FX:EURUSD:FOREX:COMMON'],,0,"['歐盟', '川普', '賀錦麗', '關稅', '美國大選']",0,1730350873,"{'xs': {'src': 'https://cimg.cnyes.cool/prod/news/5758680/xs/6e8fd4e69e35135c9029cdad6fd2c4ed.jpg', 'width': 100, 'height': 56}, 's': {'src': 'https://cimg.cnyes.cool/prod/news/5758680/s/6e8fd4e69e35135c9029cdad6fd2c4ed.jpg', 'width': 180, 'height': 101}, 'm': {'src': 'https://cimg.cnyes.cool/prod/news/5758680/m/6e8fd4e69e35135c9029cdad6fd2c4ed.jpg', 'width': 380, 'height': 214}, 'l': {'src': 'https://cimg.cnyes.cool/prod/news/5758680/l/6e8fd4e69e35135c9029cdad6fd2c4ed.jpg', 'width': 640, 'height': 360}, 'xl': {'src': 'https://cimg.cnyes.cool/prod/news/5758680/xl/6e8fd4e69e35135c9029cdad6fd2c4ed.jpg', 'width': 960, 'height': 539}, 'xxl': {'src': 'https://cimg.cnyes.cool/prod/news/5758680/xxl/6e8fd4e69e35135c9029cdad6fd2c4ed.jpg', 'width': 1080, 'height': 607}}",,833,國際政經,,"[{'name': '股票-歐洲大型', 'categoryAbbrId': 'C61'}, {'name': '股票-美國大型', 'categoryAbbrId': 'C65'}]",[],0,0,0,
5758664,Wedbush分析師：蘋果市值明年破4兆美元 輝達緊跟,"&lt;p&gt;《Yahoo Finance》周二 (29 日) 報導，根據 Wedbush Securities 分析師 Dan Ives 的預測，蘋果 (Apple)(AAPL-US) 有望在 2025 年成為首間市值達到 4 兆美元的公司，其次是人工智慧 (AI) 領域最受矚目企業輝達(Nvidia)(NVDA-US)。&lt;/p&gt;

&lt;p&gt;Ives 指出，蘋果擁有超過 20 億龐大的 iOS 裝置用戶，並且可能有 3 億支 iPhone 將啟動升級換機潮。&lt;/p&gt;

&lt;p&gt;他強調，蘋果的服務業務估值達 2 兆美元，並在其生態系統中推動消費型人工智慧的發展，預計將帶來更大的增長。&lt;/p&gt;

&lt;p&gt;Wedbush 維持蘋果股票跑贏大盤 (Outperform) 的評級，並將目標價定在 300 美元。受到 AI 相關改進的推動，該公司預計蘋果在 2025 年可能賣出逾 2.4 億支 iPhone，創下 iPhone 銷量的新高紀錄。&lt;/p&gt;

&lt;p&gt;該公司觀察到，光是在中國，就有約 1 億支 iPhone 可能在 2025 年準備升級。蘋果即將推出的 iOS 18.2 版本也標誌著其 AI 驅動裝置的新篇章。&lt;/p&gt;

&lt;p&gt;這並非 Ives 首次對蘋果做出 4 兆美元市值的預測。他曾在 2023 年 12 月預測蘋果將在 2024 年底突破此門檻，並認為蘋果於 2024 年 6 月宣布的 AI 相關消息是實現此目標的重要推動力。&lt;/p&gt;

&lt;p&gt;此外，Wedbush 認為輝達將在 2025 年加入蘋果，成為另一間市值達 4 兆美元的公司。今年 10 月初及 6 月期間，這間 AI 晶片製造商曾一度超越蘋果，躍居全球最有價值企業榜首，但隨後雙雙被微軟 (Microsoft)(MSFT-US) 超越。&lt;/p&gt;
",1,1,據 Wedbush Securities 分析師 Dan Ives 的預測，蘋果有望在 2025 年成為首間市值達到 4 兆美元的公司，其次是人工智慧 (AI) 領域最受矚目企業輝達。,1,"['US-AAPL', 'US-NVDA', 'US-MSFT']",,0,0,"['USS:AAPL:STOCK:COMMON', 'USS:NVDA:STOCK:COMMON', 'USS:MSFT:STOCK:COMMON']",,0,"['蘋果', '市值', '輝達', 'iPhone']",1,1730350804,"{'xs': {'src': 'https://cimg.cnyes.cool/prod/news/5758664/xs/773ad94f5fae94b2f0f461520f7d75ee.jpg', 'width': 100, 'height': 56}, 's': {'src': 'https://cimg.cnyes.cool/prod/news/5758664/s/773ad94f5fae94b2f0f461520f7d75ee.jpg', 'width': 180, 'height': 101}, 'm': {'src': 'https://cimg.cnyes.cool/prod/news/5758664/m/773ad94f5fae94b2f0f461520f7d75ee.jpg', 'width': 380, 'height': 214}, 'l': {'src': 'https://cimg.cnyes.cool/prod/news/5758664/l/773ad94f5fae94b2f0f461520f7d75ee.jpg', 'width': 640, 'height': 360}, 'xl': {'src': 'https://cimg.cnyes.cool/prod/news/5758664/xl/773ad94f5fae94b2f0f461520f7d75ee.jpg', 'width': 960, 'height': 539}, 'xxl': {'src': 'https://cimg.cnyes.cool/prod/news/5758664/xxl/773ad94f5fae94b2f0f461520f7d75ee.jpg', 'width': 1080, 'height': 607}}",,831,美股雷達,,[],[],0,0,0,"[{'code': 'AAPL', 'name': '蘋果', 'symbol': 'USS:AAPL:STOCK'}, {'code': 'NVDA', 'name': '輝達', 'symbol': 'USS:NVDA:STOCK'}, {'code': 'MSFT', 'name': '微軟', 'symbol': 'USS:MSFT:STOCK'}]"
5759089,兩年多首見！韓Q3乘用車出口額衰退4.7% 現代汽車財報早現全球市況複雜端倪,"&lt;p&gt;最新數據顯示，今年第三季南韓乘用車出口額年減 4.7% 至 140 億美元，為 2022 年第一季以來首度出現負成長，主要因為中型燃油車和電動車銷售低迷不振，而這一數據恰好也能解釋該國巨擘現代汽車第三季營收創高利潤卻下滑的情形。&lt;/p&gt;

&lt;p&gt;根據南韓海關今 (31) 日公布的數據，在新能源汽車方面，電動車和插電式混動車出口額大幅減少，油電混合汽車出口額則年增 71.3% 至 30.1 億美元，創歷年同期新高紀錄。與此同時，南韓第三季乘用車進口額年增 12.6% 至 30 億美元，新能源汽車進口額佔 69.3%，佔比創歷史新高。&lt;/p&gt;

&lt;p&gt;上周四 (24 日)，現代汽車公布的第三季財報表現複雜，雖實現歷史最高營收 42.93 兆韓元，年增 4.7%，但季減 4.6% 且營業利潤年減 6.5% 至 3.6 兆韓元，顯示隨著供給變多，全球汽車行業賺錢難度變大了。&lt;/p&gt;

&lt;p&gt;專家表示，現代汽車反映了全球汽車行業當前所面臨的複雜局面，各個車廠的操盤難度正在變大。&lt;/p&gt;

&lt;p&gt;根據現代汽車財報，該公司全球批發銷量在第三季達到 101.2 萬輛，年減 3.2%，主要因為全球經濟放緩對工業需求形成壓制，各個市場的表現並不均衡，北美市場的強勁增長與歐洲的銷量下滑形成了鮮明對比。&lt;/p&gt;

&lt;p&gt;現代汽車在第三季取得的營收成長歸功三大因素，高附加價值車款如 Genesis 系列與混合動力車的暢銷，大大推動整體收入，且匯率的有利波動也助推營收成長。此外，SUV 市場的持續擴展也是一大推動力。&lt;/p&gt;

&lt;p&gt;但由於成本上升，使得現代汽車未能在第三季保持利潤成長，銷售及管理費用上升至 11.5%，與去年同期相比增加 0.2 個百分點，尤其是勞動成本增加對獲利率形成壓力。&lt;/p&gt;

&lt;p&gt;此外，北美市場的 Grand Santa Fe 車款主動保修延長措施，也導致現代汽車提撥約 3200 億韓元資金，帶來直接影響，但若排除資金提撥，營業利潤將達 3.9 兆韓元，與市場預期基本一致。&lt;/p&gt;

&lt;p&gt;現代汽車第三季電動車銷量有所下降，但混合動力電動車銷量成長 40% 以上，現代汽車正重新評估自身在全球電動車市場的定位。&lt;/p&gt;
",1,1,,1,[],,0,0,"['FX:KRWUSD:FOREX:COMMON', 'FX:USDKRW:FOREX:COMMON']",,0,"['乘用車', '南韓', '現代汽車', '財報', '衰退']",0,1730348885,"{'xs': {'src': 'https://cimg.cnyes.cool/prod/news/5759089/xs/036c7ac23bbe483cf85c1edf3e0b3cb6.jpg', 'width': 100, 'height': 56}, 's': {'src': 'https://cimg.cnyes.cool/prod/news/5759089/s/036c7ac23bbe483cf85c1edf3e0b3cb6.jpg', 'width': 180, 'height': 101}, 'm': {'src': 'https://cimg.cnyes.cool/prod/news/5759089/m/036c7ac23bbe483cf85c1edf3e0b3cb6.jpg', 'width': 380, 'height': 214}, 'l': {'src': 'https://cimg.cnyes.cool/prod/news/5759089/l/036c7ac23bbe483cf85c1edf3e0b3cb6.jpg', 'width': 640, 'height': 360}, 'xl': {'src': 'https://cimg.cnyes.cool/prod/news/5759089/xl/036c7ac23bbe483cf85c1edf3e0b3cb6.jpg', 'width': 960, 'height': 539}, 'xxl': {'src': 'https://cimg.cnyes.cool/prod/news/5759089/xxl/036c7ac23bbe483cf85c1edf3e0b3cb6.jpg', 'width': 1080, 'height': 607}}",,832,歐亞股,,[],[],0,0,0,
5758967,歐美網通庫存估年底見底 台網通廠明年迎WiFi 7、10G PON雙主流換機潮,"&lt;p&gt;在經歷一年多的庫存去化後，網通產業即將迎來新一波成長契機，法人指出，隨著全球家戶寬頻網路在 2025 年邁向 WiFi 7 和 10G PON 新世代，國際電信業者已開始啟動設備升級採購，台廠可望受惠。&lt;/p&gt;

&lt;p&gt;根據市場調查，包括美國 Verizon、AT&amp;T、T-Mobile 與 Comcast 等主要電信商近期均表示，將加強固網寬頻與 FWA 業務布局。歐洲大廠瑞典愛立信與芬蘭諾基亞也指出，印度電信設備需求已趨於正常化。&lt;/p&gt;

&lt;p&gt;德國電信率先釋出大單，規劃 2025 至 2027 年大規模投資光纖網路，預計 2027 年前光纖網路可供裝家戶每年淨增 250 萬戶，總戶數將達 1,750 萬戶，智易 (3596-TW) 和達發已搶下德國電信 WiFi 7 的 10G PON 大單，其他包括中磊 (5388-TW)、啟碁 (6285TW-)、合勤控 (3704-TW) 也積極布局。&lt;/p&gt;

&lt;p&gt;法人預期，在 AI 應用逐漸擴大帶動網路需求提升下，網通產業明年將逐步回升。其中，歐洲客戶開始以急單、短單方式回補庫存，包括 WiFi 7、10G PON 等新產品替換需求，，印度寬頻基礎建設也持續推進，5G FWA 出貨可望進一步放大。&lt;/p&gt;

&lt;p&gt;10G PON 上傳及下載傳輸速度可達 10Gbps，WiFi 7 傳輸速度更可望達 40Gbps，是 WiFi 6E 的四倍。因應 AI 等創新應用，傳輸需求從 1Gbps 邁向 10Gbps，2025 年將成為超高速元年。&lt;/p&gt;

&lt;p&gt;中磊表示，企業及網通客戶設備調整將持續至 2024 年底，隨後在 10G PON、DOCSIS 4.0 及 WiFi 7 驅動下，2025 年可望重回成長軌道；合勤控已在 10G PON 累積百萬台出貨實績，WiFi 7 高階產品也已在今年下半年交貨。&lt;/p&gt;

&lt;p&gt;此外，AI 應用逐漸擴大也帶動網路需求提升，從上游晶片、電信設備到資料中心交換器都將受惠。在中企於美國發展受限的情況下，台廠更可望因去中化趨勢搶占美國基建商機。&lt;/p&gt;
",1,1,在經歷一年多的庫存去化後，網通產業即將迎來新一波成長契機，法人指出，隨著全球家戶寬頻網路在 2025 年邁向 WiFi 7 和 10G PON 新世代，國際電信業者已開始啟動設備升級採購，台廠可望受惠。,1,[],,0,0,"['TWS:3596:STOCK:COMMON', 'TWS:5388:STOCK:COMMON', 'TWS:3704:STOCK:COMMON']",,0,"['網通', '中磊', '智易', '啟碁', '合勤控']",1,1730348402,"{'xs': {'src': 'https://cimg.cnyes.cool/prod/news/5758967/xs/13b3f95eda3df959d78a5bba57f8a712.jpg', 'width': 100, 'height': 56}, 's': {'src': 'https://cimg.cnyes.cool/prod/news/5758967/s/13b3f95eda3df959d78a5bba57f8a712.jpg', 'width': 180, 'height': 101}, 'm': {'src': 'https://cimg.cnyes.cool/prod/news/5758967/m/13b3f95eda3df959d78a5bba57f8a712.jpg', 'width': 380, 'height': 214}, 'l': {'src': 'https://cimg.cnyes.cool/prod/news/5758967/l/13b3f95eda3df959d78a5bba57f8a712.jpg', 'width': 640, 'height': 360}, 'xl': {'src': 'https://cimg.cnyes.cool/prod/news/5758967/xl/13b3f95eda3df959d78a5bba57f8a712.jpg', 'width': 960, 'height': 540}, 'xxl': {'src': 'https://cimg.cnyes.cool/prod/news/5758967/xxl/13b3f95eda3df959d78a5bba57f8a712.jpg', 'width': 1080, 'height': 608}}",,827,台股新聞,,[],[],0,0,0,"[{'code': '3596', 'name': '智易', 'symbol': 'TWS:3596:STOCK'}, {'code': '5388', 'name': '中磊', 'symbol': 'TWS:5388:STOCK'}, {'code': '3704', 'name': '合勤控', 'symbol': 'TWS:3704:STOCK'}]"
5758329,資本、獲利令人滿意 中華信評：富壽、富邦金評等展望「穩定」,"&lt;p&gt;中華信評發布報告，確認富邦人壽與富邦金控 (2881-TW) 長期評等的評等展望為「穩定」。中華信評表示，儘管易受資本市場波動的影響，富邦人壽未來 2 年的資本與獲利水準將維持在令人滿意的水準，富壽的投資槓桿與外匯風險高於亞太區同業，但此為台灣壽險業的普遍現象。&lt;/p&gt;

&lt;p&gt;中華信評確認富邦人壽的長期發行體信用評等與財務實力評等均為「twAA+」，並確認該公司無擔保次順位公司債券的長期債務發行信用評等為「twAA」。與此同時，中華信評確認富邦金 (2881-TW) 的長期發行體信用評等為「twAA」，短期發行體信用評等為「twA-1+」。&lt;/p&gt;

&lt;p&gt;中華信評指出，由於股票市場估值增加，富邦人壽的總調整後資本於 2023 年與 2024 年上半年期間有明顯增加。&lt;/p&gt;

&lt;p&gt;中華信評指出，富邦人壽於 2023 年與 2024 年上半年致力於控管避險成本，加上美元持續走強，外匯風險因而升高，2024 年第三季新台幣兌美元升值期間，富壽提高避險比率。中華信評認為，富邦人壽應可維持有效的風險管理機制，以防止資本與獲利出現大幅減降，同時動態的方式管理其外匯風險部位。&lt;/p&gt;

&lt;p&gt;富邦人壽與富邦金控獲得「穩定」的評等展望，中華信評認為，未來一至二年富邦人壽將持續帶動該金控集團的集團信用結構，同時其他主要子公司將維持穩定的信用結構。&lt;/p&gt;

&lt;p&gt;中華信評認為，富壽有所提升的資本強度將有助於其管理市場波動對資本與獲利所造成的負面影響。此外，預期該公司將在其資本與獲利能力未受到削弱的情況下滿足額外的成長所需相關資本需求。&lt;/p&gt;

&lt;p&gt;資本需求可能用於吸收其投資標的之市場價格波動、挹助海外子公司資本、以及追求進一步自身成長。此外，中華信評認為，富壽應可在不影響其資本強度的情況下，藉由主動調整其避險策略管理其外匯風險。&lt;/p&gt;

&lt;p&gt;中華信評將台北富邦銀行合併後的資本與獲利能力評估結果由「強健」調整至「允當」等級，可能因為該行積極的風險性資產累積，特別是在風險較高的市場 (如中國) 或是股票投資部位增加。若北富銀的獲利不足以支持成長，則該行的資本與獲利能力亦可有能惡化之虞。&lt;/p&gt;
",1,1,中華信評發布報告，確認富邦人壽與富邦金控 (2881-TW) 長期評等的評等展望為「穩定」。中華信評表示，儘管易受資本市場波動的影響，富邦人壽未來 2 年的資本與獲利水準將維持在令人滿意的水準,1,['2881'],,0,0,"['TWS:2881:STOCK:COMMON', 'FX:USDTWD:FOREX:COMMON']",,0,"['富邦金', '富邦人壽', '中華信評']",1,1730347802,"{'xs': {'src': 'https://cimg.cnyes.cool/prod/news/5758329/xs/2a88a29c4ce8fde1f192833e654d781c.jpg', 'width': 100, 'height': 56}, 's': {'src': 'https://cimg.cnyes.cool/prod/news/5758329/s/2a88a29c4ce8fde1f192833e654d781c.jpg', 'width': 180, 'height': 101}, 'm': {'src': 'https://cimg.cnyes.cool/prod/news/5758329/m/2a88a29c4ce8fde1f192833e654d781c.jpg', 'width': 380, 'height': 214}, 'l': {'src': 'https://cimg.cnyes.cool/prod/news/5758329/l/2a88a29c4ce8fde1f192833e654d781c.jpg', 'width': 640, 'height': 360}, 'xl': {'src': 'https://cimg.cnyes.cool/prod/news/5758329/l/2a88a29c4ce8fde1f192833e654d781c.jpg', 'width': 640, 'height': 360}, 'xxl': {'src': 'https://cimg.cnyes.cool/prod/news/5758329/l/2a88a29c4ce8fde1f192833e654d781c.jpg', 'width': 640, 'height': 360}}",,827,台股新聞,,[],[],0,0,0,"[{'code': '2881', 'name': '富邦金', 'symbol': 'TWS:2881:STOCK'}]"
5758870,獎勵措施多、基礎設施增 美國電動車銷量超越歐盟,"&lt;p&gt;New AutoMotive 全球電動車追蹤器 (GEVT) 數據顯示，美國車廠在 2024 年第三季創下了 34.4 萬輛電動車的銷售紀錄。該里程碑反映了全球電動車市場的轉變，因為美國加快了電氣化，電動車銷量超過了歐盟。&lt;/p&gt;

&lt;p&gt;美國車市在某種程度上回到了自然秩序，愈來愈多消費者開始接受電動車，最近銷售數據反映了大幅成長。這表明電動車不再只是利基產品，而是成為主流。&lt;/p&gt;

&lt;p&gt;而歐盟雄心勃勃的排放標準愈來愈受爭議。雖然因有力的獎勵措施、支持性政策和更高的燃料成本，歐洲歷來在電動車購買方面處於領先，但最近的一些變化，例如補貼減少與中國的貿易緊張，影響了歐洲車廠的供應鏈和成本結構，使其難以與更便宜的中國進口車競爭。&lt;/p&gt;

&lt;p&gt;據 Tavares 等公司，比亞迪、蔚來、上汽、長城和奇瑞等中國製造商正在製造更先進的電動車，成本比歐洲汽車製造商低 30%，售價接近燃油車。&lt;/p&gt;

&lt;p&gt;中國成熟電動車品牌的崛起，推動歐洲製造商重新評估其策略。這正是包括福斯、Stellantis 和 Mercedes-Benz 在內的歐洲大型車廠在電動車生產和獲利能力方面面臨挫折，導致計劃中的電動車推廣延遲甚至停止的原因。&lt;/p&gt;

&lt;p&gt;對消費者來說，更高的電動車價格和基礎設施問題產生了猶豫。雖然歐洲的充電網絡很大，但分布不均勻，農村和較不富裕地區持續存在基礎設施差距。&lt;/p&gt;

&lt;p&gt;&lt;em&gt;&lt;strong&gt;美國電動車迎來轉折&lt;/strong&gt;&lt;/em&gt;&lt;/p&gt;

&lt;p&gt;儘管圍繞電動車有各種政治噪音，也有負面新聞，但美國製造商在銷售其電動車方面正迎來轉折。據 Cox Automotive，2024 年第三季美國估計售出 344,086 輛電動車，比第二季增加了 5%。第三季銷售額達到 8.9%，創下最高水平，高於 2023 年第三季的 7.8%。&lt;/p&gt;

&lt;p&gt;在第三季，美國電動車的獎勵和折扣有所提高，這有助於推動銷售。如果汽車是租賃而非購買，任何車型都有資格獲得 7,500 美元的稅收抵免，這促進了電動車租賃。在第三季度，獎勵措施平均超過平均交易價格的 12%，遠高於產業平均約 7%。&lt;/p&gt;

&lt;p&gt;Cox Automotive 產業洞察總監 Stephanie Valdez Streaty 表示，「雖然年比增長放緩，但美國的電動車銷量持續上升。成長部分受到獎勵和折扣的推動；但隨著更實惠的電動車進入市場和基礎設施的改善，我們可以期待未來幾年更多消費者購買電動車。」&lt;/p&gt;

&lt;p&gt;美國正處於電動車採用的轉折點，尤其是像通用汽車這樣的傳統製造商取得了顯著進展。特斯拉、通用、現代汽車的電動車成為美國電動車市的亮點。&lt;/p&gt;

&lt;p&gt;美國銷量之所以能超過歐洲，其更大的車市規模也扮演重要角色。與歐盟相比，2023 年美國銷量要多出 300 多萬輛，更大的規模可以推動電動車的銷量更高，即使電動車的總銷量占比較小。&lt;/p&gt;

&lt;p&gt;此外，美國消費者情緒的轉變可能受到多種因素的影響，包括增加車型可用性、改善充電基礎設施及旨在降低電動車擁有成本的政府獎勵措施。美國在電池生產、充電基礎設施和政策方面進行了大量投資，這似乎使其有能力保持在電動車銷售方面的領先地位。&lt;/p&gt;

&lt;p&gt;不過，市場研究公司 Rho Motion 數據經理 Charles Lester 表示，由於美國將於 11 月 5 日舉行大選，雙方對電動車態度不一，電動車的未來走勢也會有變數。&lt;/p&gt;

&lt;p&gt;歐洲方面，儘管多年來一直對電動車持友善態度，但最近也遇到一些問題，電動車的未來發展前景似乎更加複雜。雖然預計銷量將繼續上升，但經濟和政治壓力，以及來自中國電動車的競爭，正在為該行業大型汽車公司帶來挑戰，從而影響電動車的普及速度。&lt;/p&gt;

&lt;p&gt;據 ACEA 的數據，今年第三季，歐盟電動車的註冊量為 335,034 輛，比去年同期低 5.8%。&lt;/p&gt;

&lt;p&gt;其實，歐洲大部地區的銷量仍在成長。 9 月多個歐洲國家的電動車銷量實現了 30% 以上的年增長，包括比利時、丹麥、義大利和葡萄牙等國。其中，匈牙利、馬爾他、荷蘭和西班牙的增幅更高，較去年同期上漲 50%。德國在今年稍早取消電動車補貼後，銷量年增幅相對較小，僅 8.7%。&lt;/p&gt;

&lt;p&gt;此外，歐盟監管環境也增加了電動車發展的不確定性。歐盟 2035 年禁止銷售燃油車的政策正面臨一些歐洲最大經濟體的抵制，這些經濟體主張採取較溫和的排放標準。如果這些努力獲得支持，歐洲可能會看到電動車成長放緩或更不均衡。&lt;/p&gt;
",1,1,美國車廠在 2024 年第三季創下了 34.4 萬輛電動車的銷售紀錄。該里程碑反映了全球電動車市場的轉變，因為美國加快了電氣化，電動車銷量超過了歐盟。,1,[],,0,0,[],,0,"['電動車', '歐盟', '美國']",0,1730347204,"{'xs': {'src': 'https://cimg.cnyes.cool/prod/news/5758870/xs/249eed9e89a85bfab7cda8ff741cb475.jpg', 'width': 100, 'height': 56}, 's': {'src': 'https://cimg.cnyes.cool/prod/news/5758870/s/249eed9e89a85bfab7cda8ff741cb475.jpg', 'width': 180, 'height': 101}, 'm': {'src': 'https://cimg.cnyes.cool/prod/news/5758870/m/249eed9e89a85bfab7cda8ff741cb475.jpg', 'width': 380, 'height': 214}, 'l': {'src': 'https://cimg.cnyes.cool/prod/news/5758870/l/249eed9e89a85bfab7cda8ff741cb475.jpg', 'width': 640, 'height': 360}, 'xl': {'src': 'https://cimg.cnyes.cool/prod/news/5758870/xl/249eed9e89a85bfab7cda8ff741cb475.jpg', 'width': 960, 'height': 540}, 'xxl': {'src': 'https://cimg.cnyes.cool/prod/news/5758870/xxl/249eed9e89a85bfab7cda8ff741cb475.jpg', 'width': 1080, 'height': 608}}",,831,美股雷達,,[],[],0,0,0,
5759115,中國車企財報「冰火兩重天」：迪王首超特斯拉 傳統車企黯淡,"&lt;p&gt;10 月 30 日晚間，比亞迪 (002594-CN)(01211-HK)、賽力斯 (601127-CN)、上汽集團 (600104-CN)、廣汽集團等中國車企公布第三季業績報告，呈現出冰火兩重天的態勢。&lt;/p&gt;

&lt;p&gt;比亞迪憑藉強勁的銷量，實現營收、淨利潤雙雙增長。第三季實現營收 2011.25 億元，超同期特斯拉的 251.82 億美元（約合 1800 億元人民幣），這是比亞迪季度營收首次超過特斯拉。&lt;/p&gt;

&lt;p&gt;比亞迪公告顯示，今年前三季實現營收 5022.5 億元，同比增長 18.94%；淨利潤 252.4 億元，同比增長 18.1%。其中第三季實現營收 2011.25 億元，同比增長 24.04%；淨利潤為 116.07 億元，同比增長 11.47%。&lt;/p&gt;

&lt;p&gt;賽力斯前三季實現營收 1066.27 億元，同比增長 539.24%；淨利潤為 40.38 億元，同比扭虧為盈。其中第三季營收為 415.82 億元，同比增長 636.25%；淨利潤 24.13 億元，同比扭虧為盈。&lt;/p&gt;

&lt;p&gt;在華為加持下，賽力斯實現了 2019 年以來的首次第三季盈利，並保持著可觀的銷量規模。&lt;/p&gt;

&lt;p&gt;相比於賽力斯的亮眼業績，當晚披露三季報的上汽集團、廣汽集團略顯遜色。受燃油車業務拖累，上汽集團和廣汽集團業績下滑。&lt;/p&gt;

&lt;p&gt;上汽集團三季報顯示，今年前三季公司實現營業收入 4196.46 億元，同比下降 17.39%；淨利潤 69.07 億元，同比下降 39.45%。&lt;/p&gt;

&lt;p&gt;其中，上汽集團第三季實現營業收入 1425.6 億元，同比下滑 25.58%；淨利潤為 2.8 億元，同比下滑 93.53%。&lt;/p&gt;

&lt;p&gt;同日，廣汽集團也披露三季報，前三季實現營收 740.4 億元，同比下降 24.18%；淨利潤 1.2 億元，同比下降 97.34%。其中，第三季營收 282.33 億元，同比下降 21.73%；淨利潤虧損 13.96 億元。&lt;/p&gt;

&lt;p&gt;對於業績的下滑，廣汽集團表示，主要是報告期汽車銷量同比下滑、盈利下降，合營企業優化冗餘產能一次性開支，匯率變動引起匯兌損失增加等導致淨利潤同比減少等綜合所致。&lt;/p&gt;
",1,1,10 月 30 日晚間，比亞迪 (002594-CN)(01211-HK)、賽力斯 (601127-CN)、上汽集團 (600104-CN)、廣汽集團等中國車企公布第三季業績報告，呈現出冰火兩重天的態勢。,1,"['HK-01211', 'CN-002594', 'CN-601127', 'CN-600104']",,0,0,"['CNS:002594:STOCK:COMMON', 'CNS:601127:STOCK:COMMON', 'CNS:600104:STOCK:COMMON', 'HKS:01211:STOCK:COMMON', 'FX:CNYUSD:FOREX:COMMON']",,0,"['比亞迪', '上汽', '廣汽', '賽力斯', '中國車企', '財報']",0,1730365203,"{'xs': {'src': 'https://cimg.cnyes.cool/prod/news/5759115/xs/365034e185bcf062b9fb43c3bd20e5f0.jpg', 'width': 100, 'height': 56}, 's': {'src': 'https://cimg.cnyes.cool/prod/news/5759115/s/365034e185bcf062b9fb43c3bd20e5f0.jpg', 'width': 180, 'height': 101}, 'm': {'src': 'https://cimg.cnyes.cool/prod/news/5759115/m/365034e185bcf062b9fb43c3bd20e5f0.jpg', 'width': 380, 'height': 214}, 'l': {'src': 'https://cimg.cnyes.cool/prod/news/5759115/l/365034e185bcf062b9fb43c3bd20e5f0.jpg', 'width': 640, 'height': 360}, 'xl': {'src': 'https://cimg.cnyes.cool/prod/news/5759115/xl/365034e185bcf062b9fb43c3bd20e5f0.jpg', 'width': 960, 'height': 539}, 'xxl': {'src': 'https://cimg.cnyes.cool/prod/news/5759115/xxl/365034e185bcf062b9fb43c3bd20e5f0.jpg', 'width': 1080, 'height': 607}}",,835,A股,,[],[],0,0,0,"[{'code': '002594', 'name': '比亞迪', 'symbol': 'CNS:002594:STOCK'}, {'code': '601127', 'name': '小康股份', 'symbol': 'CNS:601127:STOCK'}, {'code': '600104', 'name': '上汽集團', 'symbol': 'CNS:600104:STOCK'}, {'code': '01211', 'name': '比亞迪股份', 'symbol': 'HKS:01211:STOCK'}]"
5759360,債券ETF持債票息比一比！前3名都是非投等債 00953B逾8%最高,"&lt;p&gt;搶降息投資契機，債券 ETF 近期交易熱絡持續火熱，根據 CMONEY 統計資料顯示，近期上市櫃成交量前十名中，債券 ETF 就占了一半。進一步觀察投信發行的 95 檔債券 ETF 持債票息 (成分債息率)，平均有 4.61%，再以單檔排行來看，有 27 檔持債票息在 5% 以上，其中，群益優選非投等債 (00953B-TW)8.24% 最佳，表現出色，前三名皆為非投等債相關 ETF。&lt;/p&gt;

&lt;figure&gt;&lt;img data-height=&quot;503&quot; data-mime=&quot;image/jpeg&quot; data-ratio=&quot;1.510934393638171&quot; data-src-m=&quot;https://cimg.cnyes.cool/prod/news/5759360/m/7bcd68458f216a4d6e1681b58a62828c.jpg&quot; data-width=&quot;760&quot; src=&quot;https://cimg.cnyes.cool/prod/news/5759360/l/7bcd68458f216a4d6e1681b58a62828c.jpg&quot;&gt;&lt;/figure&gt;

&lt;p&gt;觀察債券 ETF 持債票息前十名，00953B 以&nbsp;8.24% 奪冠，凱基美國非投等債 (00945B-TW) 亦在 8% 以上居次，第三則是富邦全球非投等債 (00741B-TW)，票息為 7.08%。此外，00959B、00726B、00727B、00950B、00710B 等五檔債券 ETF 票息均在 6% 以上，表現也不俗。&lt;/p&gt;

&lt;p&gt;據了解，00953B 是台灣首檔票面利率鎖定 6% 以上的債券 ETF 新兵，將在 11 月 7 日進行首次配息，預計每股配發 0.07 元，若以 10/30 收盤價來看，預估年化配息率有 8.28%，想參與 00953B 本次領息的投資人，最後買進日為 11 月 6 日。&lt;/p&gt;

&lt;p&gt;大華投等美債 15Y+(00959B-TW) 為每月配息，每單位 0.055 元，以 29 日收盤價 9.9 元計算，單次配息率約為 0.56%，年化配息率為 6.69%。不過，00959B 原定 10/31 進行除息，因適逢颱風假，台北股市休市，將順延一日除息，投資人預計可在 11/22 領到收益分配。&lt;/p&gt;

&lt;p&gt;群益優選非投等債 ETF 經理人李忠泰指出，目前市場仍預期美國經濟陷入衰退機率不高，而在美國經濟溫和或軟著陸的情況下，搭配聯準會展開有序的預防性降息階段，按照歷史經驗，非投等債的期望報酬與配息能力將優於其他固定收益商品，後市來看，在殖利率仍具吸引力下，穩健資金仍有望持續流入債市，而市場也偏好鎖高利率的券種，當中又以 BB-B 級、鎖定票面利率 6% 以上的成份券、選債機制納入信用因子加權之非投資等級債 ETF 最值得留意。&lt;/p&gt;

&lt;p&gt;美國總統大選在即，債券市場開始反映美國政治及財政方面的不確定性風險，10 月以來 10 年期美債殖利率已經上升超過 40 個基點 (0.40%)。凱基 A 級公司債 (00950B-TW) 基金經理人李暢表示，00950B 能在近期債市逆風中受傷較輕，主要是因存續期間較短，對利率敏感度相對較低，所以在公債殖利率反彈回升走勢中受到的影響可以相對較小。&lt;/p&gt;
",1,1,搶降息投資契機，債券 ETF 近期交易熱絡持續火熱，根據 CMONEY 統計資料顯示，近期上市櫃成交量前十名中，債券 ETF 就占了一半。進一步觀察投信發行的 95 檔債券 ETF 持債票息 (成分債息率),1,[],,0,0,"['GF:US10YY:FUTURES:BOUND', 'TWS:00953B:STOCK:ETF', 'TWS:00945B:STOCK:ETF', 'TWS:00741B:STOCK:ETF', 'TWS:00959B:STOCK:ETF', 'TWS:00950B:STOCK:ETF']",,0,"['債券', 'ETF', '票息', '降息']",1,1730365013,"{'xs': {'src': 'https://cimg.cnyes.cool/prod/news/5759360/xs/fc5d4e784ec73335cb788c717f4314b5.jpg', 'width': 100, 'height': 56}, 's': {'src': 'https://cimg.cnyes.cool/prod/news/5759360/s/fc5d4e784ec73335cb788c717f4314b5.jpg', 'width': 180, 'height': 101}, 'm': {'src': 'https://cimg.cnyes.cool/prod/news/5759360/m/fc5d4e784ec73335cb788c717f4314b5.jpg', 'width': 380, 'height': 214}, 'l': {'src': 'https://cimg.cnyes.cool/prod/news/5759360/l/fc5d4e784ec73335cb788c717f4314b5.jpg', 'width': 640, 'height': 360}, 'xl': {'src': 'https://cimg.cnyes.cool/prod/news/5759360/xl/fc5d4e784ec73335cb788c717f4314b5.jpg', 'width': 960, 'height': 540}, 'xxl': {'src': 'https://cimg.cnyes.cool/prod/news/5759360/xl/fc5d4e784ec73335cb788c717f4314b5.jpg', 'width': 960, 'height': 540}}",,914,ETF,,[],"['TWS:00953B:STOCK', 'TWS:00945B:STOCK', 'TWS:00741B:STOCK', 'TWS:00959B:STOCK', 'TWS:00950B:STOCK']",0,0,0,"[{'code': '00953B', 'name': '群益優選非投等債', 'symbol': 'TWS:00953B:STOCK'}, {'code': '00945B', 'name': '凱基美國非投等債', 'symbol': 'TWS:00945B:STOCK'}, {'code': '00741B', 'name': '富邦全球非投等債', 'symbol': 'TWS:00741B:STOCK'}, {'code': '00959B', 'name': '大華投等美債15Y+', 'symbol': 'TWS:00959B:STOCK'}, {'code': '00950B', 'name': '凱基A級公司債', 'symbol': 'TWS:00950B:STOCK'}]"
5759342,〈房產〉房仲估10月房市交易量年減逾2成起跳 恐較6月高點腰斬,"&lt;p&gt;房市買氣連四降，10 月交易量較 9 月量縮，房仲業者估 10 月全台房市交易量年減逾 2 成起跳，中信房屋總經理張世宗指出， 第七波選擇性信用管制持續發酵，銀行房貸水位依然緊繃，再加上月初山陀兒颱風干擾民眾外出看屋計劃，種種因素共同導致 10 月成交量出現顯著下滑。預計最快要等到明年房貸塞車問題有所改善後，房市才有望回溫。&lt;/p&gt;

&lt;p&gt;據永慶房產集團統計，9 月相比，全台門市交易量月減 7%，台北月減 13%，新北減少 2%，桃園月減 11%，新竹縣市量縮 4%，台中略減 3%，台南與高雄分別月減 5% 與 13%，若以 10 月交易量與 6 月高點相比已腰斬。&lt;/p&gt;

&lt;p&gt;而在與 2023 年；年 10 月同期相比，永慶房屋研展中心副理陳金萍說明，全台房市交易量年減 32%，台北年減 38%，新北量縮 37%，桃園年減 33%，新竹縣市減少 35%，台中年減 36%，台南與高雄則分別年減 11% 與 33%。&lt;/p&gt;

&lt;p&gt;陳金萍表示，8 月銀行房貸緊縮影響，民眾因擔心房貸撥貸不如預期，購屋態度轉趨保守觀望，房市買氣瞬間凍結，較 7 月大減逾二成，加上 9 月央行祭出第七波選擇性信用管制，將不動產貸款資源優先提供給無房的真首購，房市交易持續降溫。雖然，央行為了避免錯殺無辜，於 10 月 9 日補充協處措施，將繼承者與換屋非豪宅可排除在信用管制範圍，此外，若是已簽購屋合約、即將申貸，符合繼承、換屋條件的也不受限制。&lt;/p&gt;

&lt;p&gt;整體而言，銀行房貸滿水位的狀況未解，民眾仍須面臨貸款利率拉高、成數降低的情形，須額外籌措資金補足頭期款缺口，對整體買氣衝擊仍大。&lt;/p&gt;

&lt;p&gt;中信房屋統計內部成交件數，10 月全台交易量相較於上月減少約 17.8%，較去年同期減少約 21.1%。進一步觀察六都的成交量數據變化，台北市月減 12.5%、年減 25.5%；新北市月減 19.8%、年減 17.2%；桃園市月減 25.4%、年減 22.6%；台中市月減 15.3%、年減 21.4%；台南市月減 15.8%、年減 22%；高雄市月減 15.1%、年減 13.3%。&lt;/p&gt;

&lt;p&gt;中信房屋總經理張世宗指出， 第七波選擇性信用管制持續發酵，銀行房貸水位依然緊繃，再加上月初山陀兒颱風干擾民眾外出看屋計劃，種種因素共同導致 10 月份的成交量出現顯著下滑。目前房市正處於多空對峙的局面，市場交易逐漸回歸到剛需基本面，雖然帶看量有所減少，但出門看屋的民眾多為自住需求者，且具備一定的資金實力。惟受到大環境的影響，現階段的買方變得更加謹慎，決策速度明顯放緩，追價意願降低，交易週期也因此拉長，交易量自然隨之下滑。&lt;/p&gt;

&lt;p&gt;張世宗並指出，在房貸排隊潮尚未緩解的前提下，房市的交易量恐將繼續走低，特別是一些新案供給量較大、投資氛圍較重的新興重劃區，更將首當其衝，而且若此趨勢持續，房價不排除出現下跌的可能性。預計最快要等到明年房貸塞車問題有所改善後，房市才有望回溫。&lt;/p&gt;

&lt;p&gt;住商機構統計，9 月全台交易量月減 6.1%，比起去年同期減少 31.2%，區域表現遠不如去年同期。住商不動產企劃研究室執行總監徐佳馨表示，9 月 19 日央行理監事會後的選擇性信用管制，成屋交易雪上加霜，雖有零星個案降價求售，但買盤因貸款受限制，以及期待賣方價格修正心態下，第一線狀況艱辛。目前許多銀行房貸庫存已經滿水位，各地災情頻傳，第四季交易很難表現。&lt;/p&gt;

&lt;p&gt;台灣房屋集團統計內部成交行情，觀察 2024 年 10 月價量變化，六都和新竹縣市，唯桃園交易量增 5.3%，其餘各都皆量縮，又以高雄減幅最大，達 27.1%，整體交易量月減 12.8%，年減 22.6%。&lt;/p&gt;

&lt;p&gt;台灣房屋集團趨勢中心執行長張旭嵐指出，房市限貸令限縮多屋族和置產族的金流，換屋族也有一年內出售前一屋的時間壓力，除了新青安身分購屋者，現在購屋舉步維艱，高總價區和推案量大的重劃區買氣消退最為明顯。而通膨考量下，市場資金逐漸轉向商用不動產，近月桃園和台中中低總價的店面、商辦和土地的成交浮現，也降低了對交易量的衝擊。&lt;/p&gt;
",1,1,房市買氣連四降，10 月交易量較 9 月量縮，房仲業者估 10 月全台房市交易量年減逾 2 成起跳，中信房屋總經理張世宗指出，選擇性信用管制持續發酵，銀行房貸水位依然緊繃，再加上月初颱風干擾民眾外出看屋計劃，預計最快要等到明年回溫。,1,[],,0,0,[],,0,"['房市', '房產', '永慶', '住商', '房仲']",1,1730364556,"{'xs': {'src': 'https://cimg.cnyes.cool/prod/news/5759342/xs/2aecdab7b2baef71252a8d503bf8ad08.jpg', 'width': 100, 'height': 56}, 's': {'src': 'https://cimg.cnyes.cool/prod/news/5759342/s/2aecdab7b2baef71252a8d503bf8ad08.jpg', 'width': 180, 'height': 101}, 'm': {'src': 'https://cimg.cnyes.cool/prod/news/5759342/m/2aecdab7b2baef71252a8d503bf8ad08.jpg', 'width': 380, 'height': 214}, 'l': {'src': 'https://cimg.cnyes.cool/prod/news/5759342/l/2aecdab7b2baef71252a8d503bf8ad08.jpg', 'width': 640, 'height': 360}, 'xl': {'src': 'https://cimg.cnyes.cool/prod/news/5759342/xl/2aecdab7b2baef71252a8d503bf8ad08.jpg', 'width': 960, 'height': 540}, 'xxl': {'src': 'https://cimg.cnyes.cool/prod/news/5759342/xl/2aecdab7b2baef71252a8d503bf8ad08.jpg', 'width': 960, 'height': 540}}",,827,台股新聞,,[],[],0,0,0,
5759136,〈港股盤後〉 恒指收跌 內房股、中資券商走強 科指下挫,"&lt;p&gt;港股周四 (31 日) 開高一度漲 172 點，但此後轉弱，午盤走跌，截至收盤，恒生指數跌 0.31%，報 20317.33 點，恒生科技指數跌 0.32%，報 4499 點。&lt;/p&gt;

&lt;p&gt;盤面上，科網股普遍走低，騰訊、網易、阿里巴巴、美團跌超 1%，內房股集體上漲，中資券商股也普遍走高。&lt;/p&gt;

&lt;p&gt;券商龍頭中信證券漲近 6%。財報顯示，A 股 50 家上市券商中只有 3 家前三季度業績虧損，盈利比例達 94%，有 13 家上市券商前三季度營業收入超百億元。具體來看，龍頭中信證券第三季度實現營業收入人民幣 159.58 億元，同比增長 11.54%；淨利潤 62.29 億元，同比增長 21.94%。&lt;/p&gt;

&lt;p&gt;半導體芯片股普遍上漲，中芯國際漲約 2%。消息面上，多家半導體設備企業三季報呈現穩增態勢，其中，中微公司第三季度實現營業收入 20.59 億元，同比增長 35.96%；歸母淨利潤爲 3.96 億元，同比增長約 152.63%。&lt;/p&gt;

&lt;p&gt;值得一提的是，台積電將提高 5nm 以下工藝報價最高 10%，2nm 價格或超 3 萬美元。分析人士指出，作爲全球最大的芯片代工廠，台積電 &ldquo;超預期&rdquo; 漲價可能預示着全球半導體產業鏈的需求仍非常旺盛。&lt;/p&gt;

&lt;p&gt;天風證券指出，短期來看下半年進入傳統旺季，受益於新款旗艦手機發布、雙十一等消費節等因素影響預計行業終端銷售額環比持續增長，該行認爲應該提高對需求端創新的敏銳度，優先被消費者接受的 AI 終端，有望成爲新的爆款應用，長期來看天風電子團隊已覆蓋的半導體藍籌股當前已經處於估值的較低水位，經營上持續優化迭代的公司在下一輪週期高點有望取得更好的市場份額和盈利水平。&lt;/p&gt;

&lt;p&gt;內房股集體上漲，中國金茂漲 10%。消息方面，中國六大行&mdash;工商銀行、農業銀行、中國銀行、建設銀行、交通銀行、郵儲銀行六大商業銀行今 (31 日) 發佈公告，將從明天 (11 月 1 日) 起，陸續對商業性個人住房貸款利率實行新的定價機制。&lt;/p&gt;

&lt;p&gt;投資者正在密切關注美國大選，並權衡其帶來的潛在衝擊。一些市場分析師認為，若川普重返白宮並實施高關稅，中國未來的外貿會受到重大挑戰，中國必將加大內需方面的財政刺激政策。&lt;/p&gt;
",1,1,港股周四 (31 日) 開高一度漲 172 點，但此後轉弱，午盤走跌，截至收盤，恒生指數跌 0.31%，報 20317.33 點，恒生科技指數跌 0.32%，報 4499 點。,1,[],,0,0,['FX:CNYUSD:FOREX:COMMON'],,0,"['半導體', '科網股', '內房股', '中資券商', '港股盤後', '中國股市', '救市']",0,1730363705,"{'xs': {'src': 'https://cimg.cnyes.cool/prod/news/5759136/xs/961fd71329ff6414048b0c8ba72bd334.jpg', 'width': 100, 'height': 56}, 's': {'src': 'https://cimg.cnyes.cool/prod/news/5759136/s/961fd71329ff6414048b0c8ba72bd334.jpg', 'width': 180, 'height': 101}, 'm': {'src': 'https://cimg.cnyes.cool/prod/news/5759136/m/961fd71329ff6414048b0c8ba72bd334.jpg', 'width': 380, 'height': 214}, 'l': {'src': 'https://cimg.cnyes.cool/prod/news/5759136/l/961fd71329ff6414048b0c8ba72bd334.jpg', 'width': 640, 'height': 360}, 'xl': {'src': 'https://cimg.cnyes.cool/prod/news/5759136/xl/961fd71329ff6414048b0c8ba72bd334.jpg', 'width': 960, 'height': 539}, 'xxl': {'src': 'https://cimg.cnyes.cool/prod/news/5759136/xxl/961fd71329ff6414048b0c8ba72bd334.jpg', 'width': 1080, 'height': 607}}",,836,港股,,[],[],0,0,0,
5759268,增速史上最快！貝萊德比特幣現貨ETF僅花293天衝破3百億美元規模,"&lt;p&gt;全球最大加密貨幣比特幣 (&lt;a data-symbol-template=&quot;CC:BTC:FOREX:COMMON&quot; href=&quot;#&quot;&gt;BTC&lt;/a&gt;) 本周大幅上漲至接近歷史高點，今 (31) 日則小幅走升，因市場對美國共和黨總統候選人川普將在下周二 (11 月 5 日) 大選中勝出押注增加，而同一時間，比特幣現貨 ETF 也有所上漲。&lt;/p&gt;

&lt;p&gt;由於川普勝選可能預示著未來幾年將出現更友善的加密貨幣監管，比特幣本周跟其他加密貨幣齊步走漲。截至台灣時間今日下午 15 點 33 分，比特幣在 7 萬 2445.8 美元持穩表現。&lt;/p&gt;

&lt;p&gt;《彭博資訊》報導，貝萊德 (&lt;a data-symbol-template=&quot;USS:BLK:STOCK:COMMON&quot; href=&quot;#&quot;&gt;BLK-US&lt;/a&gt;) iShares Bitcoin Trust(IBIT) 已成為史上成長最快的 ETF，規模超過 300 億美元。彭博資深 ETF 分析師 Eric Balchunas 表示，該檔比特幣現貨 ETF 僅用 293 天就達到 300 億，創造新的紀錄，明年 1 月時料將超過黃金 ETF。這一速度超過摩根大通 JEPI 和主要黃金 ETF 的成長速度，它們分別花了 1272 天和 1790 天達到 300 億美元門檻。&lt;/p&gt;

&lt;p&gt;彭博數據顯示，隨著大量資金周二 (29 日) 流入，加上比特幣價格上漲，iShares Bitcoin Trust 的市值突破 300 億美元。該 ETF 目前持有超過 41.7 萬枚比特幣，約佔比特幣總供應量的 2%。&lt;/p&gt;

&lt;p&gt;比特幣社區成員 Sani 指出，若 iShares Bitcoin Trust 繼續保持當前成長動能，該 ETF 今年底可能會累積多達 50 萬枚比特幣，iShares Bitcoin Trust 將成為全球第三大比特幣持有者，僅次於 Coinbase 和幣安。&lt;/p&gt;

&lt;p&gt;研究公司 Crypto Quant 創辦人兼執行長 Ki Young Ju 表示，這些令人印象深刻的數字反映了機構對比特幣興趣的廣泛趨勢。過去一年，約有 27.8 萬枚比特幣流入美國現貨 ETF，主要來自散戶，同期約有 67 萬枚流入持有逾千枚比特幣的「鯨魚」錢包，這還不包括交易所和 mining 中的錢包。&lt;/p&gt;

&lt;p&gt;Crypto Quant 指出，這一趨勢顯示機構對託管錢包的需求大約是散戶的兩倍。這一增幅凸顯機構投資人在比特幣市場中不斷擴大的作用，貝萊德的 iShares Bitcoin Trust 等大型 ETF 在其中扮演了領導角色。&lt;/p&gt;
",1,1,,1,[],,0,0,"['GI:XAUUSDOZ:INDEX:COMMON', 'USS:BLK:STOCK:COMMON', 'CC:BTC:FOREX:COMMON', 'CC:ETH:FOREX:COMMON']",,0,"['現貨ETF', '比特幣', '資產規模']",0,1730363429,"{'xs': {'src': 'https://cimg.cnyes.cool/prod/news/5759268/xs/b5129f4869caabec116b4c5d2e1d0009.jpg', 'width': 100, 'height': 56}, 's': {'src': 'https://cimg.cnyes.cool/prod/news/5759268/s/b5129f4869caabec116b4c5d2e1d0009.jpg', 'width': 180, 'height': 101}, 'm': {'src': 'https://cimg.cnyes.cool/prod/news/5759268/m/b5129f4869caabec116b4c5d2e1d0009.jpg', 'width': 380, 'height': 214}, 'l': {'src': 'https://cimg.cnyes.cool/prod/news/5759268/l/b5129f4869caabec116b4c5d2e1d0009.jpg', 'width': 640, 'height': 360}, 'xl': {'src': 'https://cimg.cnyes.cool/prod/news/5759268/xl/b5129f4869caabec116b4c5d2e1d0009.jpg', 'width': 960, 'height': 540}, 'xxl': {'src': 'https://cimg.cnyes.cool/prod/news/5759268/xxl/b5129f4869caabec116b4c5d2e1d0009.jpg', 'width': 1080, 'height': 608}}",,896,幣圈,,[],[],0,0,0,"[{'code': 'BLK', 'name': '貝萊德投資管理公司', 'symbol': 'USS:BLK:STOCK'}]"
5759341,地緣政治及高利率衝擊 上半年金融科技交易大減100億美元創5年來同期新低,"&lt;p&gt;KPMG 安侯建業昨 (30) 日發布「全球金融科技脈動 2024 上半年報告」。報告中顯示，受到地緣政治的不確定性及高利率的持續影響，2024 年全球金融科技市場投資總額從 2023 年下半年的 623 億美元下降至 2024 年上半年的 519 億美元，這是自 2020 年上半年以來金融科技投資總額最低的 6 個月。&lt;/p&gt;

&lt;p&gt;綜觀 2024 年全球各地區金融科技投資額均顯著下降的情況下，以歐非及中東地區的降幅尤為顯著，從 2023 年下半年的 192 億美元縮減至 2024 年上半年的 114 億美元。&lt;/p&gt;

&lt;p&gt;KPMG 安侯建業金融服務產業主持會計師李逢暉表示，儘管金融科技投資總額仍低迷，但交易量的穩定也為金融科技市場帶來一絲樂觀。2024 年上半年全球金融科技交易量依然達到 2,255 筆，維持穩定；其中，2024 上半年美洲 (包括美國) 和亞太地區的交易量在 2023 年下半年至 2024 年上半年皆有增長，其中美洲從 1,066 筆增加至 1,123 筆，亞太地區同期交易量則是從 406 筆小幅上升至 438 筆。&lt;/p&gt;

&lt;p&gt;報告指出， 2024 上半年全球金融科技領域僅有 5 筆超過 10 億美元的交易，且均為收購案。其中 4 筆交易來自美洲，包括美國的 Worldpay(125 億美元) 和 EngageSmart(40 億美元)，以及加拿大的 Nuvei(63 億美元) 和 Plusgrade(10 億美元)。第 5 筆交易則在英國， 來自 IRIS Software 集團的 40 億美元收購案。同時，英國還見證了 2024 上半年以金融科技為重點的最大創投交易&mdash;Abound 的 9.99 億美元融資。&lt;/p&gt;

&lt;p&gt;李逢暉指出，亞太地區的金融科技投資在 2024 年上半年仍疲軟，中國、印度、新加坡、澳洲與日本的總投資額均有所下降。2024 年上半年此地區的併購和私募股權投資尤顯乏力，併購交易額僅達 3 億美元，私募股權投資額僅 780 萬美元。金融科技投資者依然相當謹慎，尤其是企業，他們在本季嚴重傾向成本和風險管理，而不是金融科技投資。&lt;/p&gt;

&lt;p&gt;KPMG 安侯建業數位長賴偉晏表示，從產業面來看，支付服務於 2024 上半年吸引 214 億美元，佔全球金融科技投資額的 4 成，為最大比例，而監理科技則是 2024 年上半年唯一一個投資增加的主要金融科技子產業，投資額達 53 億美元，並超過 2023 年全年的投資總額。以技術層面分析，人工智慧繼續受到投資者的高度關注，尤其是在美國。&lt;/p&gt;

&lt;p&gt;賴偉晏說明，人們對 AI 的興趣持續增加，支付領域的投資者和金融科技公司都希望以不同的 AI 運用方式來解決支付所帶來的挑戰。例如，2024 年上半年萬事達卡宣布使用生成式 AI 加速信用卡的詐欺偵測，而 Swift 則宣布與會員銀行進行一項基於人工智慧的試行計畫，探索新興科技應如何幫助企業應對跨境支付的欺詐問題。這些創新技術不僅簡化支付流程，也可提高效率、降低成本與增強安全性。放眼未來，此領域可能會在未來 6 至 12 個月內將受到廣泛關注。&lt;/p&gt;

&lt;p&gt;展望 2024 下半年，金融科技投資仍充滿挑戰，預期人工智慧的投資未來將持續增加，而監管科技將吸引更多關注，在監管制度的不斷演變以及規範要求日益複雜的推動下，監管科技將吸引投資人的興趣。此外，傳統金融 (trad-fi) 與去中心化金融 (de-fi) 將加速融合，各國家與區域將持續探索與鬆綁限制，例如運用實物資產的代幣化以及運用傳統金融基礎設施來支持加密領域的投資等。&lt;/p&gt;
",1,1,KPMG 安侯建業昨 (30) 日發布「全球金融科技脈動 2024 上半年報告」。報告中顯示，受到地緣政治的不確定性及高利率的持續影響，2024 年全球金融科技市場投資總額從 2023 年下半年的 623 億美元下降至 2024 年上半年的 51,1,[],,0,0,[],,0,"['金融科技', 'KPMG', '調查', '支付服務']",0,1730363408,"{'xs': {'src': 'https://cimg.cnyes.cool/prod/news/5759341/xs/0883d12457d02840b7622b387c866977.jpg', 'width': 100, 'height': 56}, 's': {'src': 'https://cimg.cnyes.cool/prod/news/5759341/s/0883d12457d02840b7622b387c866977.jpg', 'width': 180, 'height': 101}, 'm': {'src': 'https://cimg.cnyes.cool/prod/news/5759341/m/0883d12457d02840b7622b387c866977.jpg', 'width': 380, 'height': 214}, 'l': {'src': 'https://cimg.cnyes.cool/prod/news/5759341/l/0883d12457d02840b7622b387c866977.jpg', 'width': 640, 'height': 360}, 'xl': {'src': 'https://cimg.cnyes.cool/prod/news/5759341/xl/0883d12457d02840b7622b387c866977.jpg', 'width': 960, 'height': 540}, 'xxl': {'src': 'https://cimg.cnyes.cool/prod/news/5759341/xl/0883d12457d02840b7622b387c866977.jpg', 'width': 960, 'height': 540}}",,852,基金,,[],[],0,0,0,
5759339,〈友達法說〉連10季虧損 前三季EPS -0.61元 旺季備貨告段落 Q4進入淡季,"&lt;p&gt;面板大廠友達 (2409-TW) 今 (31) 日公告第三季財報，稅後淨損 9.26 億元、每股損失 0.12 元，連續 10 季虧損；累計前三季稅後淨損 46.84 億元，每股損失 0.61 元。&lt;/p&gt;

&lt;p&gt;展望第四季，友達表示，旺季備貨需求告一段落，且部分客戶需求提前到第三季，顯示科技預期將進入傳統淡季，營收將呈現季節性衰退，幅度估與去年相近。&lt;/p&gt;

&lt;p&gt;智慧移動及垂直場域方面，友達表示，需求雖然受到總經不確定性與季節性影響，但營收動能相對穩定、均估持平上季，可以減緩顯示科技季節性衰退帶來的影響。&lt;/p&gt;

&lt;p&gt;友達第三季營收 777.48 億元，季增 4.6%、年增 10.9%；毛利率 10.9%、季減 0.3 個百分點、年增 3.3 個百分點；營業淨損 3.1 億元、較上季轉虧，EBITDA 獲利率為 10.6%。&lt;/p&gt;

&lt;p&gt;累計友達前三季營收 2115.55 億元，年增 14.6%、毛利率 8.9%、營業淨損 51.43 億。友達表示，公司整體財務結構穩健，存貨天數 44 天，淨負債比 33.4%，仍維持在相對健康的水位。&lt;/p&gt;

&lt;p&gt;友達表示，第三季品牌客戶為年底銷售旺季備貨，拉貨力道較預期強勁，帶動顯示科技營收季增 9%；智慧移動營收亦穩健成長，季增 4.1%，二大事業體推升單季合併營收向上。&lt;/p&gt;

&lt;p&gt;各事業體營收比重來看，友達表示，第三季顯示科技 (Display) 佔 55%、智慧移動 (Mobility&nbsp;Solution) 佔 26%、垂直場域 (Vertical Solution) 佔 13%、其他約 6%。&lt;/p&gt;
",1,1,Q3 續虧前三季每股虧 0.61 元 Q4 面板淡季、車用及垂直領域估持穩,1,['2409'],,0,0,['TWS:2409:STOCK:COMMON'],,0,"['友達', '面板', '財報']",1,1730363179,"{'xs': {'src': 'https://cimg.cnyes.cool/prod/news/5759339/xs/d6c17c139ee48928abc2de444b548aaf.jpg', 'width': 100, 'height': 56}, 's': {'src': 'https://cimg.cnyes.cool/prod/news/5759339/s/d6c17c139ee48928abc2de444b548aaf.jpg', 'width': 180, 'height': 101}, 'm': {'src': 'https://cimg.cnyes.cool/prod/news/5759339/m/d6c17c139ee48928abc2de444b548aaf.jpg', 'width': 380, 'height': 214}, 'l': {'src': 'https://cimg.cnyes.cool/prod/news/5759339/l/d6c17c139ee48928abc2de444b548aaf.jpg', 'width': 640, 'height': 360}, 'xl': {'src': 'https://cimg.cnyes.cool/prod/news/5759339/xl/d6c17c139ee48928abc2de444b548aaf.jpg', 'width': 960, 'height': 540}, 'xxl': {'src': 'https://cimg.cnyes.cool/prod/news/5759339/xl/d6c17c139ee48928abc2de444b548aaf.jpg', 'width': 960, 'height': 540}}",,827,台股新聞,,[],[],0,0,0,"[{'code': '2409', 'name': '友達', 'symbol': 'TWS:2409:STOCK'}]"
5759340,「IR 議合服務平台」11/1上線 為上市櫃提供三大服務,"&lt;p&gt;金管會推動建構亞洲資產管理中心，為助證交所壯大臺灣資本市場價值計畫，臺灣指數公司 (TIP) 建置「IR 議合服務平台 (IR ENGAGE)」，將於 11 月 1 日上線試行，為上市櫃公司及機構投資人提供「法說會服務」、「ESG 加值資訊」、「議合媒合」等三大服務，目標增進企業曝光、鼓勵溝通、深化投資人關係及推動永續發展。&lt;/p&gt;

&lt;p&gt;臺灣指數公司整合 ESG 資料庫與資訊服務之業務發展經驗，分階段建置 IR 議合服務平台，11 月 1 日上線試營運「法說會服務」、「ESG 加值資訊」、「議合媒合」三大服務，首波提供基本功能，開放上市公司與機構投資人註冊，預計 2025 年 1 月起進一步擴大推廣至上櫃公司，並持續蒐集使用者需求與意見，進行平台功能擴充及優化。&lt;/p&gt;

&lt;p&gt;&lt;em&gt;&nbsp;1. 「法說會服務」包括「場地預約」及「法說會行事曆」兩項功能。&lt;/em&gt;「場地預約」主要整合證交所集團及證券商資源，提供上市櫃公司多間會議室場地自辦法說會，希望協助企業降低 IR 工作負擔，以期提升法說會辦理頻率，增加企業曝光與深化投資人關係。「法說會行事曆」以行事曆之友善介面，揭示各上市櫃公司申報之法說會中英文簡報、辦理時間、地點、影音連結等重要資訊，方便各界使用中英文雙語系、電腦或手機等多裝置便利查看。&lt;/p&gt;

&lt;p&gt;&lt;em&gt;2. 「ESG 加值資訊服務」&lt;/em&gt;提供臺灣指數公司「台灣永續評鑑」SEED 模型 (社會 - S、經濟 - E、環境 - E、揭露 - D) 之多層次 ESG 資料庫，對焦機構投資人與上市櫃公司 ESG 議合主題，運用 ESG 資訊支援議合。&lt;/p&gt;

&lt;p&gt;&lt;em&gt;3. 「議合媒合服務」&lt;/em&gt;平台以電子化方式媒合機構投資人與上市櫃公司議合會議，提高上市櫃公司與機構投資人雙向溝通機會。註冊會員可發起議合會議邀請，或藉由系統訊息功能進行溝通、追蹤議合紀錄等服務，提升議合工作成效。&lt;/p&gt;

&lt;p&gt;臺灣指數公司表示，希望藉由 IR 議合服務平台成為上市櫃公司、特別是中小型公司自辦法說會之優先選項，一方面協助企業提高曝光度，展現價值及吸引資金，一方面鼓勵上市櫃公司與投資人溝通、議合、深化永續發展，以利協助達成建構亞洲資產管理中心與證交所集團壯大資本市場價值、提升資本市場競爭力之發展目標。&lt;/p&gt;
",1,1,金管會推動建構亞洲資產管理中心，為助證交所壯大臺灣資本市場價值計畫，臺灣指數公司 (TIP) 建置「IR 議合服務平台 (IR ENGAGE)」，將於 11 月 1 日上線試行，,1,[],,0,0,[],,0,"['證交所', '上市', '上櫃', 'ESG', '亞洲資產管理中心']",1,1730362632,"{'xs': {'src': 'https://cimg.cnyes.cool/prod/news/5759340/xs/8971b3b1f5178f43d445b3d4241c20c4.jpg', 'width': 100, 'height': 56}, 's': {'src': 'https://cimg.cnyes.cool/prod/news/5759340/s/8971b3b1f5178f43d445b3d4241c20c4.jpg', 'width': 180, 'height': 101}, 'm': {'src': 'https://cimg.cnyes.cool/prod/news/5759340/m/8971b3b1f5178f43d445b3d4241c20c4.jpg', 'width': 380, 'height': 214}, 'l': {'src': 'https://cimg.cnyes.cool/prod/news/5759340/l/8971b3b1f5178f43d445b3d4241c20c4.jpg', 'width': 640, 'height': 360}, 'xl': {'src': 'https://cimg.cnyes.cool/prod/news/5759340/xl/8971b3b1f5178f43d445b3d4241c20c4.jpg', 'width': 960, 'height': 540}, 'xxl': {'src': 'https://cimg.cnyes.cool/prod/news/5759340/xxl/8971b3b1f5178f43d445b3d4241c20c4.jpg', 'width': 1080, 'height': 607}}",,827,台股新聞,,[],[],0,0,0,
5759415,鉅亨速報 - Factset 最新調查：Meta平台(META-US)EPS預估上修至21.83元，預估目標價為630.00元,"&lt;p&gt;根據FactSet最新調查，共63位分析師，對Meta平台(META-US)做出2024年EPS預估：中位數由21.39元上修至21.83元，其中最高估值23.19元，最低估值19.29元，預估目標價為630.00元。&lt;/p&gt;&lt;p&gt;※本篇提及EPS與營收的單位均為「美元」&lt;/p&gt;&lt;p&gt;&lt;em&gt;市場預估EPS&lt;/em&gt;&lt;/p&gt;&lt;table&gt;&lt;tbody&gt;&lt;tr&gt;&lt;td&gt;預估值&lt;/td&gt;&lt;td&gt;&lt;em&gt;2024年&lt;/em&gt;&lt;/td&gt;&lt;td&gt;&lt;em&gt;2025年&lt;/em&gt;&lt;/td&gt;&lt;td&gt;&lt;em&gt;2026年&lt;/em&gt;&lt;/td&gt;&lt;td&gt;&lt;em&gt;2027年&lt;/em&gt;&lt;/td&gt;&lt;/tr&gt;&lt;tr&gt;&lt;td&gt;最高值&lt;/td&gt;&lt;td&gt;23.19(23.19)&lt;/td&gt;&lt;td&gt;27.63&lt;/td&gt;&lt;td&gt;33.3&lt;/td&gt;&lt;td&gt;37.98&lt;/td&gt;&lt;/tr&gt;&lt;tr&gt;&lt;td&gt;最低值&lt;/td&gt;&lt;td&gt;19.29(19.29)&lt;/td&gt;&lt;td&gt;20.28&lt;/td&gt;&lt;td&gt;22.07&lt;/td&gt;&lt;td&gt;25.26&lt;/td&gt;&lt;/tr&gt;&lt;tr&gt;&lt;td&gt;平均值&lt;/td&gt;&lt;td&gt;21.72(21.38)&lt;/td&gt;&lt;td&gt;24.69&lt;/td&gt;&lt;td&gt;28.08&lt;/td&gt;&lt;td&gt;32.14&lt;/td&gt;&lt;/tr&gt;&lt;tr&gt;&lt;td&gt;中位數&lt;/td&gt;&lt;td&gt;21.83(21.39)&lt;/td&gt;&lt;td&gt;24.95&lt;/td&gt;&lt;td&gt;28.04&lt;/td&gt;&lt;td&gt;31.51&lt;/td&gt;&lt;/tr&gt;&lt;/tbody&gt;&lt;/table&gt;&lt;p&gt;&lt;em&gt;市場預估營收&lt;/em&gt;&lt;/p&gt;&lt;table&gt;&lt;tbody&gt;&lt;tr&gt;&lt;td&gt;&lt;em&gt;預估值&lt;/em&gt;&lt;/td&gt;&lt;td&gt;&lt;em&gt;2024年&lt;/em&gt;&lt;/td&gt;&lt;td&gt;&lt;em&gt;2025年&lt;/em&gt;&lt;/td&gt;&lt;td&gt;&lt;em&gt;2026年&lt;/em&gt;&lt;/td&gt;&lt;td&gt;&lt;em&gt;2027年&lt;/em&gt;&lt;/td&gt;&lt;/tr&gt;&lt;tr&gt;&lt;td&gt;最高值&lt;/td&gt;&lt;td&gt;1,648.60億&lt;/td&gt;&lt;td&gt;1,930.43億&lt;/td&gt;&lt;td&gt;2,242.32億&lt;/td&gt;&lt;td&gt;2,469.13億&lt;/td&gt;&lt;/tr&gt;&lt;tr&gt;&lt;td&gt;最低值&lt;/td&gt;&lt;td&gt;1,517.49億&lt;/td&gt;&lt;td&gt;1,654.06億&lt;/td&gt;&lt;td&gt;1,802.93億&lt;/td&gt;&lt;td&gt;2,147.72億&lt;/td&gt;&lt;/tr&gt;&lt;tr&gt;&lt;td&gt;平均值&lt;/td&gt;&lt;td&gt;1,620.16億&lt;/td&gt;&lt;td&gt;1,846.88億&lt;/td&gt;&lt;td&gt;2,072.98億&lt;/td&gt;&lt;td&gt;2,330.59億&lt;/td&gt;&lt;/tr&gt;&lt;tr&gt;&lt;td&gt;中位數&lt;/td&gt;&lt;td&gt;1,626.31億&lt;/td&gt;&lt;td&gt;1,850.49億&lt;/td&gt;&lt;td&gt;2,068.69億&lt;/td&gt;&lt;td&gt;2,281.13億&lt;/td&gt;&lt;/tr&gt;&lt;/tbody&gt;&lt;/table&gt;&lt;p&gt;&lt;em&gt;歷史獲利表現&lt;/em&gt;&lt;/p&gt;&lt;table&gt;&lt;tbody&gt;&lt;tr&gt;&lt;td&gt;項目&lt;/td&gt;&lt;td&gt;&lt;em&gt;2019年&lt;/em&gt;&lt;/td&gt;&lt;td&gt;&lt;em&gt;2020年&lt;/em&gt;&lt;/td&gt;&lt;td&gt;&lt;em&gt;2021年&lt;/em&gt;&lt;/td&gt;&lt;td&gt;&lt;em&gt;2022年&lt;/em&gt;&lt;/td&gt;&lt;td&gt;&lt;em&gt;2023年&lt;/em&gt;&lt;/td&gt;&lt;/tr&gt;&lt;tr&gt;&lt;td&gt;EPS&lt;/td&gt;&lt;td&gt;6.48&lt;/td&gt;&lt;td&gt;10.22&lt;/td&gt;&lt;td&gt;13.77&lt;/td&gt;&lt;td&gt;8.59&lt;/td&gt;&lt;td&gt;14.87&lt;/td&gt;&lt;/tr&gt;&lt;tr&gt;&lt;td&gt;營業收入&lt;/td&gt;&lt;td&gt;706.97億&lt;/td&gt;&lt;td&gt;859.65億&lt;/td&gt;&lt;td&gt;1,179.29億&lt;/td&gt;&lt;td&gt;1,166.09億&lt;/td&gt;&lt;td&gt;1,349.02億&lt;/td&gt;&lt;/tr&gt;&lt;/tbody&gt;&lt;/table&gt;&lt;p&gt;詳細資訊請看美股內頁：&lt;br&gt;Meta平台(META-US)&lt;/p&gt;&lt;p&gt;資料來源：Factset，數據僅供參考，不作為投資建議。&lt;/p&gt;",0,1,FactSet 最新調查：Meta平台(META-US)EPS預估上修，預估EPS、預估營收、目標價、歷史獲利表現、即時新聞資訊,1,[],,0,0,['USS:META:STOCK:ETF'],,0,"['美股', '市場預估', 'EPS', 'META']",0,1730362538,,,917,美股預估,,[],['USS:META:STOCK'],0,0,0,"[{'code': 'META', 'name': 'Ball元宇宙ETF', 'symbol': 'USS:META:STOCK'}]"
5759407,鉅亨速報 - Factset 最新調查：繽客控股BKNG-US的目標價調升至4400元，幅度約4.33%,&lt;p&gt;根據FactSet最新調查，共32位分析師，對繽客控股(BKNG-US)提出目標價估值：中位數由4217.5元上修至4400元，調升幅度4.33%。其中最高估值5500元，最低估值3590元。&lt;/p&gt;&lt;p&gt;綜合評級 - 共有38位分析師給予繽客控股評價：積極樂觀24位、保持中立14位、保守悲觀0位。&lt;/p&gt;&lt;p&gt;繽客控股今(31日)收盤價為4463.93元。近5日股價上漲4.33%，標普指數上漲0.8%股價漲幅表現優於大盤。&lt;/p&gt;&lt;p&gt;資料來源：Factset，數據僅供參考，不作為投資建議。&lt;/p&gt;,0,1,FactSet 最新調查：繽客控股BKNG-US目標價調升，最高估值、最低估值、中位數、綜合評級、近5日股價、標普、即時新聞資訊,1,[],,0,0,['USS:BKNG:STOCK:COMMON'],,0,"['美股', 'BKNG', '市場預估', '目標價']",0,1730362524,,,917,美股預估,,[],[],0,0,0,"[{'code': 'BKNG', 'name': 'Booking Holdings Inc', 'symbol': 'USS:BKNG:STOCK'}]"
5759114,A股三季報收官 近八成上市公司盈利 長盈精密為「增長王」,"&lt;p&gt;A 股 2024 年第三季財報收官，Wind 數據顯示，截至 10 月 30 日，共有 5347 家 A 股上市公司披露三季報，其中有 4114 家上市公司前三季度實現盈利，佔比近八成; 2466 家公司淨利潤較 2023 年前三季度實現增長，佔比近五成。前三季度，上市公司整體實現營業收入約 52 兆元人民幣，實現淨利潤 4.41 兆元，營收、淨利潤的中位數分別為 12.57 億元、6418.61 萬元，分別同比變動 1.71%、-5.29%。&lt;/p&gt;

&lt;p&gt;分行業看，申萬 31 個一級行業中，約九成行業整體盈利，15 個行業淨利潤增長。其中，農林牧漁、非銀金融、電子、社會服務等行業淨利潤增幅居前，同比增速達 507%、42%、37%、30%。&lt;/p&gt;

&lt;p&gt;各板塊業績呈現分化，主板淨利潤增速強於雙創和北交所。2024 年前三季度主板歸母淨利潤同比增速較中報較回升 2.94 個百分點，為未來整體增長奠定更加穩固的基礎。&lt;/p&gt;

&lt;p&gt;近八成上市公司前三季度實現盈利，近五成實現淨利潤正增長。消費品行業呈現明顯修復態勢，半導體等高技術製造業經營具有韌性，可選消費、日常消費、非銀金融三大行業前三季度歸母淨利潤增速創近 5 年同期新高。&lt;/p&gt;

&lt;h6&gt;個股表現&lt;/h6&gt;

&lt;p&gt;個股表現部分，剔除金融股後，中國石油暫列 A 股「盈利王」，長盈精密暫列 A 股「增長王」。&lt;/p&gt;

&lt;p&gt;淨利潤數值方面，前三季度歸屬於上市公司股東的淨利潤超過 1 億元的有 2201 家，超過 10 億元的有 476 家，超過 50 億元的有 101 家，超過 100 億元的有 64 家。&lt;/p&gt;

&lt;p&gt;剔除金融股後，中國石油、中國海油、中國移動、貴州茅台、中國神華、中國石化、中國建築、中遠海控、寧德時代、美的集團前三季度歸屬於上市公司股東的淨利潤居前，暫列 A 股十大「盈利王」。&lt;/p&gt;

&lt;p&gt;淨利潤增幅方面，1844 家上市公司歸屬於上市公司股東的淨利潤同比增幅超過 10%，1228 家上市公司同比增幅超過 30%，512 家上市公司同比增幅超過 100%。&lt;/p&gt;

&lt;p&gt;剔除扭虧公司後，長盈精密、長川科技、志特新材、元琛科技、隆利科技、匯頂科技、金安國紀、正丹股份、天地源、龍泉股份前三季度歸屬於上市公司股東的淨利潤增幅居前，暫列 A 股十大「增長王」。&lt;/p&gt;

&lt;p&gt;淨利潤增幅居首的長盈精密披露的 2024 年三季報顯示，公司前三季度共實現營業收入約 120.97 億元，同比增長 23.56%；實現歸屬於上市公司股東的淨利潤約 5.94 億元，同比增長 38159.1%。&lt;/p&gt;
",1,1,A 股 2024 年第三季財報收官，Wind 數據顯示，截至 10 月 30 日，共有 5347 家 A 股上市公司披露三季報，其中有 4114 家上市公司前三季度實現盈利，佔比近八成; 2466 家公司淨利潤較 2023 年前三季度實現增長，佔比近五成。,1,[],,0,0,['FX:CNYUSD:FOREX:COMMON'],,0,"['A股', '中國股市', '財報季', '獲利', '增長']",0,1730361003,"{'xs': {'src': 'https://cimg.cnyes.cool/prod/news/5759114/xs/67933bc966698dfabac9ca1f22d00f49.jpg', 'width': 100, 'height': 56}, 's': {'src': 'https://cimg.cnyes.cool/prod/news/5759114/s/67933bc966698dfabac9ca1f22d00f49.jpg', 'width': 180, 'height': 101}, 'm': {'src': 'https://cimg.cnyes.cool/prod/news/5759114/m/67933bc966698dfabac9ca1f22d00f49.jpg', 'width': 380, 'height': 214}, 'l': {'src': 'https://cimg.cnyes.cool/prod/news/5759114/l/67933bc966698dfabac9ca1f22d00f49.jpg', 'width': 640, 'height': 360}, 'xl': {'src': 'https://cimg.cnyes.cool/prod/news/5759114/xl/67933bc966698dfabac9ca1f22d00f49.jpg', 'width': 960, 'height': 539}, 'xxl': {'src': 'https://cimg.cnyes.cool/prod/news/5759114/xxl/67933bc966698dfabac9ca1f22d00f49.jpg', 'width': 1080, 'height': 607}}",,835,A股,,[],[],0,0,0,
5759112,〈陸股盤後〉三大指數齊步揚 滬指結束連二黑 成交量重返2兆人民幣,"&lt;p&gt;中國 A 股市場三大指數周四 (31 日) 齊步小漲作收，房地產、證券與光電類股領漲，上證指數(&lt;a data-symbol-template=&quot;GI:SSEC:INDEX:COMMON&quot; href=&quot;#&quot;&gt;SSEC&lt;/a&gt;) 結束連 2 日走跌頹勢，科創 50 指數漲逾 1%，成交量重返 2 兆人民幣大關。&lt;/p&gt;

&lt;p&gt;滬指周四收高 0.42% 至 3279.82 點，深證成指 (&lt;a data-symbol-template=&quot;GI:SZI:INDEX:COMMON&quot; href=&quot;#&quot;&gt;SZI&lt;/a&gt;) 漲 0.57% 至 10591.22 點，創業板指漲 0.6% 至 2164.46 點，科創 50 指數漲 1.11%，北證 50 指數跌 1.68%，滬深北三市合計成交 2 兆 2629 億人民幣。&lt;/p&gt;

&lt;p&gt;大盤方面，半導體、券商類股大幅走高，新相微、至純科技、通富微電、張江高科等晶片類股漲停，國民技術等股亦漲超 10%，哈投股份、第一創業、天風證券、渤海租賃等券商亦漲停。房地產族群亦大漲，華夏幸福等多股漲停。&lt;/p&gt;

&lt;p&gt;此外，多元金融、光刻機、互聯金融、太陽能、風電概念股也相當活躍，光電概念股全天大漲，晶澳科技、鈞達股份、雙良節能、清源股、協鑫整合等漲停。化債概念股表現活躍，蒙草生態、中恆集團、光大嘉寶、青島金王等漲停。低空經濟概念股維持強勢，東安動力、萬豐奧威、立航科技、王子新材等漲停。&lt;/p&gt;

&lt;p&gt;下跌類股方面，豬肉、飯店餐飲、家用電器、煤炭等類股則跌幅居前，洋河股下跌超 5%。整體而言，整個市場個股漲多跌少，逾 3500 檔收漲。&lt;/p&gt;

&lt;p&gt;根據 Choice 統計數據，今日滬深兩市可交易 A 股中，上漲個股有 3468 檔，下跌個股有 1509 檔，平盤個股 118 檔。不含當日上市新股後共有 209 檔個股漲停，14 檔個股跌停。以所屬產業來看，漲停個股主要集中在建築裝飾、電子、機械設備、電腦、電力設備、房地產、汽車、醫藥生物等產業。&lt;/p&gt;

&lt;p&gt;光大證券指出，歷史來看，短期市場迅速上行之後，市場通常會轉為震盪上行，在各類政策積極表態下，市場整體仍有上漲機會，但投資機會或將逐步從&beta;轉向&alpha;，未來一段時間投資結構的選擇可能將更為關鍵。&lt;/p&gt;

&lt;p&gt;個股配置上，光大證券建議關注政策相關產業 + 風險偏好提升主線。未來一段時間，政策陸續落地情況或將是市場交易的重要主線，建議關注可望受益於政策落地的泛地產基建相關資產如白酒、地產、建材，以及併購重組相關方向。此外，市場風險偏好回升也將有助於成長個股的估值修復，軍工、TMT、新能源的部分個股或將有反彈機會。&lt;/p&gt;
",1,1,,1,[],,0,0,"['GI:SSEC:INDEX:COMMON', 'GI:SZI:INDEX:COMMON', 'GI:CSI300:INDEX:COMMON', 'FX:CNYUSD:FOREX:COMMON']",,0,"['陸股盤後', '成交量', '中國房市', '救市', '樓市']",1,1730360943,"{'xs': {'src': 'https://cimg.cnyes.cool/prod/news/5759112/xs/8f2f961a40059ad470c0d40e11104554.jpg', 'width': 100, 'height': 56}, 's': {'src': 'https://cimg.cnyes.cool/prod/news/5759112/s/8f2f961a40059ad470c0d40e11104554.jpg', 'width': 180, 'height': 101}, 'm': {'src': 'https://cimg.cnyes.cool/prod/news/5759112/m/8f2f961a40059ad470c0d40e11104554.jpg', 'width': 380, 'height': 214}, 'l': {'src': 'https://cimg.cnyes.cool/prod/news/5759112/l/8f2f961a40059ad470c0d40e11104554.jpg', 'width': 640, 'height': 360}, 'xl': {'src': 'https://cimg.cnyes.cool/prod/news/5759112/xl/8f2f961a40059ad470c0d40e11104554.jpg', 'width': 960, 'height': 540}, 'xxl': {'src': 'https://cimg.cnyes.cool/prod/news/5759112/xxl/8f2f961a40059ad470c0d40e11104554.jpg', 'width': 1080, 'height': 608}}",,835,A股,,[],[],0,0,0,
5759315,〈日月光法說〉Q3純益近97億元寫7季高點 前三季賺逾半股本,"&lt;p&gt;全球封測龍頭日月光投控 (3711-TW)(ASX-US) 今 (31) 日召開法說會，並公布第三季財報，受惠產能稼動率提升、先進封裝業績增長以及匯率有利因素，單季毛利率提升至 16.5%，創下七季來新高，稅後純益 96.66 億元，季增 24%，年增 10%，每股稅後純益 2.24 元，雙雙改寫七季高點，累計前三季每股稅後純益 5.35 元。&lt;/p&gt;

&lt;p&gt;日月光投控第三季營收 1601.05 億元，季增 14%，年增 4%，毛利率 16.5%，季增 0.1 個百分點，年增 0.3 個百分點，營益率 7.2%，季增 0.8 個百分點，年減 0.2 個百分點，稅後純益 96.66 億元，季增 24%，年增 10%，每股稅後純益 2.24 元。&lt;/p&gt;

&lt;p&gt;日月光投控前三季營收 4331.46 億元，年增 2.8%，毛利率 16.23%，年增 0.57 個百分點，營益率 6.46%，年減 0.3 個百分點，稅後純益 231.04 億元，年增 3.45%，每股稅後純益 5.35 元。&lt;/p&gt;

&lt;p&gt;以封測業務來看，日月光投控封裝、測試業績第三季皆呈現成長，季增超過 10%，隨著產能稼動率提升，整體封測業務毛利率也提升至 23.1%，季增 1 個百分點，年增 0.9 個百分點，營業淨利達 92.25 億元。&lt;/p&gt;
",1,1,全球封測龍頭日月光投控 (3711-TW) 今 (31) 日召開法說會，並公布第三季財報，受惠產能稼動率提升，加上匯率有利因素，毛利率提升至 16.5%，創下七季來新高，稅後純益 96.66 億元，季增 24%，年增 10%，每股稅後純益,1,"['3711', 'US-ASX']",,0,0,"['TWS:3711:STOCK:COMMON', 'USS:ASX:STOCK:COMMON']",,0,"['日月光投控', '先進封裝', 'AI', '財報']",1,1730360311,"{'xs': {'src': 'https://cimg.cnyes.cool/prod/news/5759315/xs/3eb65d320549e6985f5fce32b3cd9421.jpg', 'width': 100, 'height': 56}, 's': {'src': 'https://cimg.cnyes.cool/prod/news/5759315/s/3eb65d320549e6985f5fce32b3cd9421.jpg', 'width': 180, 'height': 101}, 'm': {'src': 'https://cimg.cnyes.cool/prod/news/5759315/m/3eb65d320549e6985f5fce32b3cd9421.jpg', 'width': 380, 'height': 214}, 'l': {'src': 'https://cimg.cnyes.cool/prod/news/5759315/l/3eb65d320549e6985f5fce32b3cd9421.jpg', 'width': 640, 'height': 360}, 'xl': {'src': 'https://cimg.cnyes.cool/prod/news/5759315/xl/3eb65d320549e6985f5fce32b3cd9421.jpg', 'width': 960, 'height': 539}, 'xxl': {'src': 'https://cimg.cnyes.cool/prod/news/5759315/xxl/3eb65d320549e6985f5fce32b3cd9421.jpg', 'width': 1080, 'height': 607}}",,827,台股新聞,,[],[],0,0,0,"[{'code': '3711', 'name': '日月光投控', 'symbol': 'TWS:3711:STOCK'}, {'code': 'ASX', 'name': '日月光', 'symbol': 'USS:ASX:STOCK'}]"
5759307,日銀總裁：若經濟和通膨符合預測 將繼續升息,"&lt;p&gt;日本央行總裁和田植男周四 (31 日) 強調，日本經濟復甦和通膨軌跡持續存在不確定性。如果經濟和通膨預測實現，日本央行將繼續提高基準利率，不過官員們對此類行動的時機並沒有先入為主的想法。&lt;/p&gt;

&lt;p&gt;植田在記者會上表明，央行在任何政策調整中都會保持謹慎，同時補充說，日本經濟面臨複雜的風險，日本央行將繼續監控這些風險，以避免密切擾亂脆弱的經濟穩定。&lt;/p&gt;

&lt;p&gt;植田強調，圍繞日本經濟和物價的不確定性仍然很高，並保留了 12 月會議上升息的可能性。&lt;/p&gt;

&lt;p&gt;日元在今天日本央行發表利率決議後走強，植田的記者會後漲勢一度加大，兌美元一度逼近 152 關口，此後漲勢略有縮小，回到 152.3 附近。&lt;/p&gt;

&lt;p&gt;植田指出，日本經濟正在溫和復甦，但也出現了一些疲軟的走勢。必須充分關注金融、外匯市場對日本經濟和價格的影響。外匯對價格的影響比過去更大，因為公司更渴望薪資、價格上漲。&lt;/p&gt;

&lt;p&gt;在談到美國經濟時，植田表示，美國經濟的不確定性仍然很高。&lt;/p&gt;

&lt;p&gt;大和證券首席經濟學家末廣徹指出，日本央行的解釋是「整體而言，我們正在走向正常化」。他表示，由於海外經濟的不確定性，央行決定不升息，但如果日元繼續貶值，央行不否認 12 月升息的可能性。&lt;/p&gt;
",1,1,日本央行總裁和田植男周四 (31 日) 強調，日本經濟復甦和通膨軌跡持續存在不確定性。如果經濟和通膨預測實現，日本央行將繼續提高基準利率，不過官員們對此類行動的時機並沒有先入為主的想法。,1,[],,0,0,"['FX:JPYUSD:FOREX:COMMON', 'FX:USDJPY:FOREX:COMMON']",,0,"['日本央行', '日本經濟', '植田和男', '日元', '利率', '升息']",0,1730359534,"{'xs': {'src': 'https://cimg.cnyes.cool/prod/news/5759307/xs/18b96c7feb6188842da511ee760f2900.jpg', 'width': 100, 'height': 56}, 's': {'src': 'https://cimg.cnyes.cool/prod/news/5759307/s/18b96c7feb6188842da511ee760f2900.jpg', 'width': 180, 'height': 101}, 'm': {'src': 'https://cimg.cnyes.cool/prod/news/5759307/m/18b96c7feb6188842da511ee760f2900.jpg', 'width': 380, 'height': 214}, 'l': {'src': 'https://cimg.cnyes.cool/prod/news/5759307/l/18b96c7feb6188842da511ee760f2900.jpg', 'width': 640, 'height': 360}, 'xl': {'src': 'https://cimg.cnyes.cool/prod/news/5759307/xl/18b96c7feb6188842da511ee760f2900.jpg', 'width': 960, 'height': 540}, 'xxl': {'src': 'https://cimg.cnyes.cool/prod/news/5759307/xxl/18b96c7feb6188842da511ee760f2900.jpg', 'width': 1080, 'height': 608}}",,838,外匯,,[],[],0,0,0,
5759197,中國六大行：明起實施存量房貸利率調整新機制,"&lt;p&gt;中國六大行&mdash;工商銀行 (01398-HK)(601398-CN)、農業銀行 (01288-HK)(601288-CN)、中國銀行 (03988-HK)(601988-CN)、建設銀行 (00939-HK)(601939-CN)、交通銀行 (03328-HK)(601328-CN)、郵儲銀行 (01658-HK)(601658-CN) 六大商業銀行今 (31 日) 發佈公告，將從明天 (11 月 1 日) 起，陸續對商業性個人住房貸款利率實行新的定價機制。&lt;/p&gt;

&lt;p&gt;據中國《央視》報導，這也意味著中國人民銀行一個月前發佈的完善商業性個人住房貸款利率定價機制要求，即將正式落地。&lt;/p&gt;

&lt;p&gt;根據公告，對於以浮動利率，也就是貸款市場報價利率 (LPR) 加減點報價的存量個人房貸，當它的利率加點值高於全國新發放個人房貸利率平均加點值 30 個基點時，借款人可以向銀行申請調整房貸利率 LPR 加點值，調整後的加點為全國新發放個人房貸利率平均加點值加 30 個基點。全國新發放個人房貸利率平均加點值為人民銀行最新發佈的全國新發放個人房貸加權平均利率減去對應季度五年期以上 lpr 均值。如果所在地區有個人房貸利率政策下限，則最終加點值不能低於所在城市房貸利率加點政策下限。&lt;/p&gt;

&lt;p&gt;另外，對於此前不少貸款人認為房貸利率重定價週期統一為一年，不能及時反映市場供需變化，容易造成新老房貸利差過大等情況，六大銀行的公告明確取消了房貸利率重定價週期最短為一年的限制。貸款人可以隨時向銀行提出將重定價週期調整為三個月或六個月，當然還可以保持為一年。需要注意的是，在整個還款週期裡，房貸利率重定價週期只能調整一次。這也意味著，如果貸款人認為未來貸款利率將下行，那麼將房貸利率重定價週期調整為三個月，就可能更早地享受到貸款市場報價利率 (LPR) 下調帶來的優惠；如果貸款人認為未來貸款利率將上漲，那麼將房貸利率重定價週期保持為一年，自己的房貸利率跟隨貸款市場報價利率 (LPR) 上漲就可能會更晚一些。&lt;/p&gt;

&lt;p&gt;此前，中國人民銀行 9 月底發佈公告，為更好地體現市場供求變化，維護借貸雙方的合法權益，將從 11 月 1 日起，完善商業性個人住房貸款利率定價機制。完善的重點一個是浮動利率商業性個人住房貸款與全國新發放商業性個人住房貸款利率偏離達到一定幅度時，借款人可與銀行協商變更房貸利率在 LPR 基礎上的加點幅度。而另一個重點就是取消房貸利率重定價週期最短為一年的限制。&lt;/p&gt;
",1,1,中國六大行—工商銀行 (01389-HK)(601398-CN)、農業銀行 (01288-HK)(601288-CN)、中國銀行 (03988-HK)(601988-CN)、建設銀行 (00939-HK)(601939-CN)、,1,"['HK-01389', 'HK-01288', 'HK-03988', 'HK-00939', 'HK-03328', 'HK-01685', 'CN-601398', 'CN-601288', 'CN-601988', 'CN-601939', 'CN-601328', 'CN-601658']",,0,0,"['CNS:601658:STOCK:COMMON', 'CNS:601328:STOCK:COMMON', 'CNS:601288:STOCK:COMMON', 'CNS:601939:STOCK:COMMON', 'CNS:601988:STOCK:COMMON', 'CNS:601398:STOCK:COMMON', 'HKS:03328:STOCK:COMMON', 'HKS:01685:STOCK:COMMON', 'HKS:01398:STOCK:COMMON', 'HKS:00939:STOCK:COMMON', 'HKS:03988:STOCK:COMMON', 'HKS:01288:STOCK:COMMON', 'HKS:01658:STOCK:COMMON', 'HKS:01389:STOCK:COMMON']",,0,"['中國', '國有銀行', '存量房貸', '住房貸款', '新機制']",0,1730358137,"{'xs': {'src': 'https://cimg.cnyes.cool/prod/news/5759197/xs/562957dc733cdfc675c25cf75db1985e.jpg', 'width': 100, 'height': 56}, 's': {'src': 'https://cimg.cnyes.cool/prod/news/5759197/s/562957dc733cdfc675c25cf75db1985e.jpg', 'width': 180, 'height': 101}, 'm': {'src': 'https://cimg.cnyes.cool/prod/news/5759197/m/562957dc733cdfc675c25cf75db1985e.jpg', 'width': 380, 'height': 214}, 'l': {'src': 'https://cimg.cnyes.cool/prod/news/5759197/l/562957dc733cdfc675c25cf75db1985e.jpg', 'width': 640, 'height': 360}, 'xl': {'src': 'https://cimg.cnyes.cool/prod/news/5759197/xl/562957dc733cdfc675c25cf75db1985e.jpg', 'width': 960, 'height': 539}, 'xxl': {'src': 'https://cimg.cnyes.cool/prod/news/5759197/xxl/562957dc733cdfc675c25cf75db1985e.jpg', 'width': 1080, 'height': 607}}",,837,大陸政經,,[],[],0,0,0,"[{'code': '601658', 'name': '郵儲銀行', 'symbol': 'CNS:601658:STOCK'}, {'code': '601328', 'name': '交通銀行', 'symbol': 'CNS:601328:STOCK'}, {'code': '601288', 'name': '農業銀行', 'symbol': 'CNS:601288:STOCK'}, {'code': '601939', 'name': '建設銀行', 'symbol': 'CNS:601939:STOCK'}, {'code': '601988', 'name': '中國銀行', 'symbol': 'CNS:601988:STOCK'}, {'code': '601398', 'name': '工商銀行', 'symbol': 'CNS:601398:STOCK'}, {'code': '03328', 'name': '交通銀行', 'symbol': 'HKS:03328:STOCK'}, {'code': '01685', 'name': '博耳電力', 'symbol': 'HKS:01685:STOCK'}, {'code': '01398', 'name': '工商銀行', 'symbol': 'HKS:01398:STOCK'}, {'code': '00939', 'name': '建設銀行', 'symbol': 'HKS:00939:STOCK'}, {'code': '03988', 'name': '中國銀行', 'symbol': 'HKS:03988:STOCK'}, {'code': '01288', 'name': '農業銀行', 'symbol': 'HKS:01288:STOCK'}, {'code': '01658', 'name': '郵儲銀行', 'symbol': 'HKS:01658:STOCK'}, {'code': '01389', 'name': '美捷滙控股', 'symbol': 'HKS:01389:STOCK'}]"
5759179,英特爾執行長禍從口出 傳台積電取消3奈米晶圓代工六折優惠,"&lt;p&gt;美國晶片巨頭英特爾 (&lt;a data-symbol-template=&quot;USS:INTC:STOCK:COMMON&quot; href=&quot;#&quot;&gt;INTC-US&lt;/a&gt;) 正處於多事之秋，外媒最新報導指出，該公司交由台積電 (&lt;a data-symbol-template=&quot;TWS:2330:STOCK:COMMON&quot; href=&quot;#&quot;&gt;2330-TW&lt;/a&gt;)(&lt;a data-symbol-template=&quot;USS:TSM:STOCK:COMMON&quot; href=&quot;#&quot;&gt;TSM-US&lt;/a&gt;) 代工晶圓的 6 折折扣已遭取消，必須支付全額費用，導致英特爾利潤遭到壓縮。&lt;/p&gt;

&lt;p&gt;《路透社》周二 (29 日) 引述未具名消息人士報導，原本數年前台積電與英特爾之間的關係良好，當時英特爾將部分晶圓交給台積電代工，台積電向英特爾的 3 奈米晶圓代工價格提供 6 折優惠，但隨著英特爾執行長派季辛格出任後推出「IDM 2.0」戰略，開始大力發展晶圓代工業務，並屢次向美國政府提及不能依賴台灣半導體製造，導致台積電取消折扣優惠。&lt;/p&gt;

&lt;p&gt;2021 年 5 月，季辛格說：「你不會想把所有雞蛋全放在台灣晶圓廠這個籃子裡」。同年 12 月，季辛格也在鼓吹美國政府投資美國晶圓製造商時說：「台灣不是一個穩定之處。」&lt;/p&gt;

&lt;p&gt;消息人士透露，為回應季辛格「無禮」之舉，台積電私底下已經決定取消給英特爾的折扣，也就是不再對原價 2.3 萬美元的 3 奈米晶圓提供 6 折的折扣。台積電在公開場合對季辛格言論輕描淡寫，台積電創辦人張忠謀則稱季辛格「有點無禮」。&lt;/p&gt;

&lt;p&gt;此外，上月還有消息傳出，英特爾 Intel 18A 製程並未通過美國晶圓設計商博通測試。博通是在 8 月收到英特爾返回的 Intel 18A 製程晶圓，經工程師跟高層研究後認為該項製程還無法進入高度量產期。&lt;/p&gt;

&lt;p&gt;根據消息，運用 Intel 18A 製程打造的晶片中，只有不到兩成通過博通初步測試，低於台積電試產階段的製程良率。&lt;/p&gt;

&lt;p&gt;但英特爾隨後表示，仍將按計畫於明年推出 Intel 18A 製程，並透露 Intel 18A 的缺陷密度 (D0) 已達到小於 0.4(def/cm^2)。&nbsp;&lt;/p&gt;

&lt;p&gt;然而，最近一份由英特爾供應商製作的規劃文件暗示，Intel 18A 有延遲跡象，該供應商仍在等待另一份數位設計工具包 (digital design kit) 以便推進該計畫。&lt;/p&gt;

&lt;p&gt;知情人士表示，直到 2026 年以前，客戶幾乎不可能以 Intel 18A 製程大量生產晶片。&lt;/p&gt;
",1,1,,1,[],,0,0,"['GI:SOX:INDEX:COMMON', 'TWS:2330:STOCK:COMMON', 'USS:INTC:STOCK:COMMON', 'USS:TSM:STOCK:COMMON']",,0,"['晶圓代工', '季辛格', '台積電', '折扣優惠', '3奈米']",0,1730357887,"{'xs': {'src': 'https://cimg.cnyes.cool/prod/news/5759179/xs/0ffd154a3e17a6a93e2db3962c6649ce.jpg', 'width': 100, 'height': 56}, 's': {'src': 'https://cimg.cnyes.cool/prod/news/5759179/s/0ffd154a3e17a6a93e2db3962c6649ce.jpg', 'width': 180, 'height': 101}, 'm': {'src': 'https://cimg.cnyes.cool/prod/news/5759179/m/0ffd154a3e17a6a93e2db3962c6649ce.jpg', 'width': 380, 'height': 214}, 'l': {'src': 'https://cimg.cnyes.cool/prod/news/5759179/l/0ffd154a3e17a6a93e2db3962c6649ce.jpg', 'width': 640, 'height': 360}, 'xl': {'src': 'https://cimg.cnyes.cool/prod/news/5759179/xl/0ffd154a3e17a6a93e2db3962c6649ce.jpg', 'width': 960, 'height': 539}, 'xxl': {'src': 'https://cimg.cnyes.cool/prod/news/5759179/xxl/0ffd154a3e17a6a93e2db3962c6649ce.jpg', 'width': 1080, 'height': 607}}",,831,美股雷達,,[],[],0,0,0,"[{'code': '2330', 'name': '台積電', 'symbol': 'TWS:2330:STOCK'}, {'code': 'INTC', 'name': '英特爾', 'symbol': 'USS:INTC:STOCK'}, {'code': 'TSM', 'name': '台積電', 'symbol': 'USS:TSM:STOCK'}]"
5759176,落後5分演出大逆轉 道奇4勝1敗擊退洋基 贏得世界大賽,"&lt;p&gt;洛杉磯道奇隊在一度落後 5 分之下完成大逆轉，在世界大賽第五場以 7:6 擊敗紐約洋基隊，並以 4 勝 1 負拿下今年世界大賽冠軍，連續 4 場比賽擊出全壘打的 Freddie Freeman 被選為 MVP。&lt;/p&gt;

&lt;p&gt;這是道奇隊 5 季以來第 2 個冠軍，也是自 1988 年以來，首次在完整的賽季奪冠。&lt;/p&gt;

&lt;p&gt;洋基隊先發投手 Gerrit Cole 今天主投 6.2 局比賽中表現出色，但包括他本人在內，洋基隊一些糟糕的防守，導致第五局連丟 5 分，揮霍掉原本的領先。隨後雖然重新建立了 6:5 的領勢，但第八局再失 2 分，最終輸掉比賽。&lt;/p&gt;

&lt;p&gt;道奇隊牛棚投手努力守成，Blake Treinen 及 Walker Buehler 合力確保第七、八、九局未再失分，Treinen 贏得勝投，第 3 戰先發表現出色的 Buehler 上場終結比賽，拿下救援成功。&lt;/p&gt;

&lt;p&gt;道奇隊早在去年冬天就展現封王企圖，簽下日籍明星大谷翔平及山本由伸，還進一步補強投手 Tyler Glasnow 與老將外野手 Teoscar Hern&aacute;ndez，與未來的名人堂投手 Clayton Kershaw 重新簽約。&lt;/p&gt;

&lt;p&gt;儘管球季中仍受傷病困擾，但在常規賽中，他們以 98 場勝利領先大聯盟，於 12 年裡第 11 次贏得國家聯盟西部冠軍，大谷更以歷史性的 54 支全壘打和 59 次盜壘創下歷史紀錄。&lt;/p&gt;

&lt;p&gt;然而，他們在季後賽仍面臨艱難，Freeman 因右腳踝嚴重扭傷而受到限制。Mookie Betts 和大谷都經歷了季後賽早期的掙扎。在國聯分區系列賽中，他們一度來到淘汰邊緣，在艱難地連勝兩場後，才擊敗聖地牙哥教士隊，晉級國聯冠軍戰。此後，再以 4 勝 2 敗淘汰紐約大都會隊，才來到世界大賽。&lt;/p&gt;

&lt;p&gt;大谷在世界大賽的表現平平，特別是因滑壘造成左肩受傷之後，雖然帶傷上陣，但沒有太多貢獻。不過從全季來看，如果沒有大谷「50-50」的史詩級表現，道奇能否打進季後賽都很難說。大谷本賽季竭盡全力，他將因此獲得他的第一枚世界大賽戒指。&lt;/p&gt;

&lt;p&gt;大谷也在正式成為道奇隊球員時就表明心跡，他說：「在我腦海中真正突出的一件事是，當我與道奇隊老闆團隊會面時，他們在回顧過去 10 年時說，儘管他們每年都進入季後賽，贏得了世界大賽戒指，這被認為是失敗的，」 「當我聽到這個消息時，我知道他們都是為了勝利，這正是我的感受。」&lt;/p&gt;

&lt;p&gt;世界大賽共斬獲 12 分打點，贏得 MVP 的 Freeman 表示，他上場打擊時，他的許多隊友都在壘上，讓他有機會表現，他很高興能在正確的時間棒子變得發燙起來。&lt;/p&gt;
",1,1,洛杉磯道奇隊在一度落後 5 分之下完成大逆轉，在世界大賽第五場以 7:6 擊敗紐約洋基隊，並以 4 勝 1 負拿下今年世界大賽冠軍，連續 4 場比賽擊出全壘打的 Freddie Freeman 被選為 MVP。,1,[],,0,0,[],,0,"['世界大賽', '道奇', '洋基', '大谷翔平', '棒球', 'MLB']",0,1730357186,"{'xs': {'src': 'https://cimg.cnyes.cool/prod/news/5759176/xs/3c8a28a5d8badeb045428e0c8ca35811.jpg', 'width': 100, 'height': 56}, 's': {'src': 'https://cimg.cnyes.cool/prod/news/5759176/s/3c8a28a5d8badeb045428e0c8ca35811.jpg', 'width': 180, 'height': 101}, 'm': {'src': 'https://cimg.cnyes.cool/prod/news/5759176/m/3c8a28a5d8badeb045428e0c8ca35811.jpg', 'width': 380, 'height': 214}, 'l': {'src': 'https://cimg.cnyes.cool/prod/news/5759176/l/3c8a28a5d8badeb045428e0c8ca35811.jpg', 'width': 640, 'height': 360}, 'xl': {'src': 'https://cimg.cnyes.cool/prod/news/5759176/xl/3c8a28a5d8badeb045428e0c8ca35811.jpg', 'width': 960, 'height': 539}, 'xxl': {'src': 'https://cimg.cnyes.cool/prod/news/5759176/xxl/3c8a28a5d8badeb045428e0c8ca35811.jpg', 'width': 1080, 'height': 607}}",,831,美股雷達,,[],[],0,0,0,
5759088,〈日股盤後〉追隨美股跌勢 日經結束連三漲 但守穩3萬9大關,"&lt;p&gt;日股今 (31) 日自兩周高點回落，日經 225 指數(&lt;a data-symbol-template=&quot;GI:NKY:INDEX:COMMON&quot; href=&quot;#&quot;&gt;NKY&lt;/a&gt;) 追隨美股昨晚科技跌勢，早盤一度失守 3 萬 9 千點大關，終場下跌 0.45% 至 39102.36 點，東證 (TOPIX)(TPX) 亦收低 0.3% 至 2695.51 點，與日經 225 同樣結束連 3 日上漲走勢。&lt;/p&gt;

&lt;p&gt;個股方面，Uniqlo 母公司迅銷下跌 2.21% 至每股 4 萬 9520 日元，泰爾茂公司下跌 1.44% 至每股 2944.5 日元。截至今日下午 2 點 37 分，日元兌美元匯率升值 0.36% 至 152.87，扭轉昨日貶勢。&lt;/p&gt;

&lt;p&gt;日本央行 (BOJ) 在今日貨幣政策會議上決定，作為政策利率的「無擔保隔夜拆借利率」誘導目標維持在 0.25% 左右不變，日元則在 BOJ 宣布按兵不動後走強。&lt;/p&gt;

&lt;p&gt;在按兵不動的同時，BOJ 也在一份展望報告中指出，日本經濟活動和物價存在很大的不確定性，但預期未來兩年日本經濟將繼續成長，通膨將有所緩解。&lt;/p&gt;

&lt;p&gt;SMBC 信託銀行投資研究主管山口正宏說：「這禮拜公布的美國主要科技公司獲利結果在 AI 投資獲利上呈現不同的結果，顯現出意外的疲軟趨勢，導致日本股票面臨賣壓。」&lt;/p&gt;

&lt;p&gt;立花證券也指出，由於晶片股大跌以及市場對企業陸續公布的財報表現感到不安，導致美股周三下跌，加上市場預估日本央行 (BOJ) 今日將維持利率不變。這種氣氛導致日股下跌。&lt;/p&gt;
",1,1,,1,[],,0,0,"['GI:NKY:INDEX:COMMON', 'GI:DXY:INDEX:COMMON', 'FX:JPYUSD:FOREX:COMMON']",,0,"['日股盤後', '美股', '日本央行', '利率決策', 'BOJ']",1,1730356722,"{'xs': {'src': 'https://cimg.cnyes.cool/prod/news/5759088/xs/655094c62669b0280a917f84c18942f3.jpg', 'width': 100, 'height': 56}, 's': {'src': 'https://cimg.cnyes.cool/prod/news/5759088/s/655094c62669b0280a917f84c18942f3.jpg', 'width': 180, 'height': 101}, 'm': {'src': 'https://cimg.cnyes.cool/prod/news/5759088/m/655094c62669b0280a917f84c18942f3.jpg', 'width': 380, 'height': 214}, 'l': {'src': 'https://cimg.cnyes.cool/prod/news/5759088/l/655094c62669b0280a917f84c18942f3.jpg', 'width': 640, 'height': 360}, 'xl': {'src': 'https://cimg.cnyes.cool/prod/news/5759088/xl/655094c62669b0280a917f84c18942f3.jpg', 'width': 960, 'height': 539}, 'xxl': {'src': 'https://cimg.cnyes.cool/prod/news/5759088/xxl/655094c62669b0280a917f84c18942f3.jpg', 'width': 1080, 'height': 607}}",,832,歐亞股,,[],[],0,0,0,
5759231,鉅亨速報 - Factset 最新調查：Meta平台META-US的目標價調升至620元，幅度約3.33%,&lt;p&gt;根據FactSet最新調查，共59位分析師，對Meta平台(META-US)提出目標價估值：中位數由600元上修至620元，調升幅度3.33%。其中最高估值811元，最低估值475元。&lt;/p&gt;&lt;p&gt;綜合評級 - 共有71位分析師給予Meta平台評價：積極樂觀60位、保持中立9位、保守悲觀2位。&lt;/p&gt;&lt;p&gt;Meta平台今(31日)收盤價為591.8元。近5日股價上漲3.33%，標普指數上漲0.8%股價漲幅表現優於大盤。&lt;/p&gt;&lt;p&gt;資料來源：Factset，數據僅供參考，不作為投資建議。&lt;/p&gt;,0,1,FactSet 最新調查：Meta平台META-US目標價調升，最高估值、最低估值、中位數、綜合評級、近5日股價、標普、即時新聞資訊,1,[],,0,0,['USS:META:STOCK:ETF'],,0,"['美股', 'META', '市場預估', '目標價']",0,1730355333,,,917,美股預估,,[],['USS:META:STOCK'],0,0,0,"[{'code': 'META', 'name': 'Ball元宇宙ETF', 'symbol': 'USS:META:STOCK'}]"
5759050,GDP穩健和降息加持美股！瑞銀CIO看好明年標普500漲至6600點,"&lt;p&gt;昨 (30 日) 晚公佈的美國第三季度 GDP 年增 2.8%，繼第二季度增長 3% 之後，又呈現一個表現穩健的季度。雖該數據與市場預期基本一致，市場反應有限。瑞銀財富管理投資總監辦公室（CIO）認為，GDP 穩健增長和美聯儲降息的背景，有望為金融市場帶來支撐，持續看好美國基本面前景有利風險資產，並預計標普 500 指數或將在 2025 年底前上漲至 6600 點，將美國股票評為 &ldquo;具吸引力&rdquo;。&lt;/p&gt;

&lt;p&gt;瑞銀 (CIO) 認為，從細項來看，消費是拉動 GDP 的主要增長點，季環比折年率增長 3.7%。其中商品消費支出尤其強勁，環比折年率增長 6.0%，服務消費支出增長 2.6%。不過，實際商品消費帶來的增長貢獻並沒有這麼多，主要是因為三季度製造業產出偏弱。和上一季度相比，商品進口增加以及私人庫存下滑是三季度 GDP 環比折年率下降的主要原因。&lt;/p&gt;

&lt;p&gt;固定投資低迷，僅增長 1.3%，為 22 年第四季度以來的最低水準。住宅投資和非住宅投資均為負值，但設備投資保持強勁，增長達到 11.1%。國防開支增長 14.9%，對 GDP 增長率的貢獻率為 0.5 個百分點。&lt;/p&gt;

&lt;p&gt;PCE 平減指數放緩至 1.5%，而剔除食品和能源的核心 PCE 指數為 2.2%。瑞銀預計這足以讓美聯儲在即將舉行的 FOMC 會議上繼續降息。經濟的穩健增長和美聯儲降息的大背景有望為金融市場帶來支撐。&lt;/p&gt;

&lt;p&gt;距離美國總統大選僅剩一周，市場已進入最後衝刺階段，不過結果仍然難以預測。最新的民意調查顯示，在一些關鍵搖擺州，兩位候選人的支持率不相上下，儘管最近幾周預測市場上特朗普獲勝的幾率有所上升。&lt;/p&gt;

&lt;p&gt;鑒於潛在的重新計票和法律爭議，大選可能要待 12 月 11 日各州宣佈選舉人團投票結果後才知分曉。但大選一旦塵埃落定，瑞銀認為基本面應重新佔據主導地位，並決定市場走向。&lt;/p&gt;

&lt;p&gt;美國經濟擴張似乎可持續。週二發佈的職位空缺和勞動力流動調查（JOLTS）報告顯示，9 月份職位空缺降至 740 萬，低於市場預期和 8 月份的 790 萬，為 2021 年 1 月以來的最低水準。美國勞動力市場不再顯得過熱，但仍然相當具韌性。同時，昨晚公佈的第三季度美國 GDP 表現仍然穩健，核心 PCE 平減指數為 2.2%。總體而言，最近的數據表明美國經濟比之前想像的更強勁，而通脹廣泛回落的趨勢不變。&lt;/p&gt;

&lt;p&gt;美聯儲或將繼續推進政策寬鬆週期。聯邦公開市場委員會（FOMC）將在美國大選日後一天召開會議，並於 11 月 7 日公佈政策利率決議。隨著美國央行的政策立場繼續轉向中性，美聯儲官員近期的評論表明本次議息會議仍有可能降息 25 個基點。瑞銀預計今年後續或將降息 50 個基點，2025 年或將進一步下調政策利率 100 個基點。美聯儲在非衰退時期降息歷來對股票有利。&lt;/p&gt;

&lt;p&gt;科技企業三季度財報或繼續提示支援人工智能（AI）增長。谷歌母公司 Alphabet 在週二收盤後為大型科技公司的財報季拉開帷幕，其雲計算業務實現了 35% 的同比營收增長，營運利潤率達到 17% 的穩健水準。該公司還將其 2024 年的資本支出指引從之前預測的 480 億美元上調至 510 億美元。微軟、Meta、亞馬遜和蘋果將在接下來的兩天內跟進公佈季報。&lt;/p&gt;

&lt;p&gt;一些知名半導體公司的初步業績顯示，AI 需求健康且可持續，預計這將繼續推動未來幾年的增長。瑞銀相信，大型科技公司今年和明年的資本支出將有利於 AI 行業的發展。&lt;/p&gt;

&lt;p&gt;因此，瑞銀繼續認為基本面前景利好風險資產，並預計標普 500 指數或將在 2025 年底前上漲至 6600 點。瑞銀將美國股票評為 「具吸引力」。&lt;/p&gt;
",1,1,昨 (30 日) 晚公佈的美國第三季度 GDP 年增 2.8%，繼第二季度增長 3% 之後，又呈現一個表現穩健的季度。雖該數據與市場預期基本一致，市場反應有限。瑞銀財富管理投資總監辦公室認為，GDP 穩健增長和美聯儲降,1,[],,0,0,['GI:INX:INDEX:COMMON'],,0,"['美國大選', 'GDP', '小非農', '瑞銀', '標普500', 'S&P 500']",1,1730353324,"{'xs': {'src': 'https://cimg.cnyes.cool/prod/news/5759050/xs/fc1e323ad5e427fe3c0384c95489c15e.jpg', 'width': 100, 'height': 56}, 's': {'src': 'https://cimg.cnyes.cool/prod/news/5759050/s/fc1e323ad5e427fe3c0384c95489c15e.jpg', 'width': 180, 'height': 101}, 'm': {'src': 'https://cimg.cnyes.cool/prod/news/5759050/m/fc1e323ad5e427fe3c0384c95489c15e.jpg', 'width': 380, 'height': 214}, 'l': {'src': 'https://cimg.cnyes.cool/prod/news/5759050/l/fc1e323ad5e427fe3c0384c95489c15e.jpg', 'width': 640, 'height': 360}, 'xl': {'src': 'https://cimg.cnyes.cool/prod/news/5759050/xl/fc1e323ad5e427fe3c0384c95489c15e.jpg', 'width': 960, 'height': 540}, 'xxl': {'src': 'https://cimg.cnyes.cool/prod/news/5759050/xxl/fc1e323ad5e427fe3c0384c95489c15e.jpg', 'width': 1080, 'height': 607}}",,830,美股,,[],[],0,0,0,
5759049,翁朝棟卸任鋼鐵公會理事長 呼籲政府不能只重科技、輕傳產,"&lt;p&gt;鋼鐵公會昨 (30) 日召開會員大會，也是翁朝棟卸任理事長前最後一次主持，他不忘替鋼鐵業發聲，呼籲政府不能只「重科技、輕傳產」；至於碳費議題，翁朝棟直言最終的費率「不滿意但可接受」。&lt;/p&gt;

&lt;p&gt;翁朝棟表示，國內用鋼產業的年產值高達 7 兆元，就業人員約 110 萬人，但半導體業 30 萬人，製造業是國力象徵，台灣要多元發展，不管是經濟安全、國家安全或社會安全，才能有保障，政府不能偏重半導體，獎勵都給高科技產業，資源也要多支持製造業。&lt;/p&gt;

&lt;p&gt;碳費議題方面，翁朝棟指出，鋼鐵、水泥、石化等公會都有透過工總反映，呼籲政府正視問題，為了台灣經濟需均衡發展，不是只聽環團聲音，台灣應該要跟競爭對手日本、韓國、德國相比，而不是一直跟沒有製造業的新加坡比，希望循序漸進與國際接軌。&lt;/p&gt;

&lt;p&gt;翁朝棟強調，碳中和挑戰是不可迴避任責任，碳費只是手段，必須做好節能減碳，日本 10 年內投入 20 兆日元針對氫能冶金、CCUS 碳捕捉再利用技術發展，韓國投入 1500 億韓元、德國 26 億美元開發節能減碳。反觀台灣獎勵都給科技產業。&lt;/p&gt;

&lt;p&gt;針對鋼鐵業目前景氣，翁朝棟直言，政府要收碳費、電費又調漲，鋼鐵業真的很難經營，對此只能「無語問蒼天」。&lt;/p&gt;
",1,1,鋼鐵公會昨 (30) 日召開會員大會，也是翁朝棟卸任理事長前最後一次主持，他不忘替鋼鐵業發聲，呼籲政府不能只「重科技、輕傳產」；至於碳費議題，翁朝棟直言最終的費率「不滿意但可接受」。,1,[],,0,0,"['FX:JPYUSD:FOREX:COMMON', 'FX:KRWUSD:FOREX:COMMON']",,0,"['鋼鐵公會', '翁朝棟', '鋼鐵', '碳費']",1,1730353149,"{'xs': {'src': 'https://cimg.cnyes.cool/prod/news/5759049/xs/21558a771d39b532beb80a91a826a00b.jpg', 'width': 100, 'height': 56}, 's': {'src': 'https://cimg.cnyes.cool/prod/news/5759049/s/21558a771d39b532beb80a91a826a00b.jpg', 'width': 180, 'height': 101}, 'm': {'src': 'https://cimg.cnyes.cool/prod/news/5759049/m/21558a771d39b532beb80a91a826a00b.jpg', 'width': 380, 'height': 214}, 'l': {'src': 'https://cimg.cnyes.cool/prod/news/5759049/l/21558a771d39b532beb80a91a826a00b.jpg', 'width': 640, 'height': 360}, 'xl': {'src': 'https://cimg.cnyes.cool/prod/news/5759049/xl/21558a771d39b532beb80a91a826a00b.jpg', 'width': 960, 'height': 540}, 'xxl': {'src': 'https://cimg.cnyes.cool/prod/news/5759049/xl/21558a771d39b532beb80a91a826a00b.jpg', 'width': 960, 'height': 540}}",,827,台股新聞,,[],[],0,0,0,
5758670,比亞迪Q3告捷 首次銷售額超越特斯拉 唯利潤落後,"&lt;p&gt;在電動車市場的競爭中，特斯拉 (TSLA-US) 與中國電動車領導者比亞迪之間的戰鬥愈演愈烈。根據最新報導，比亞迪在第三季銷售額首次超過特斯拉，達到 282 億美元，而特斯拉的可比銷售額為 252 億美元。&lt;/p&gt;

&lt;p&gt;比亞迪作為中國最大的電動車製造商，其銷售量事實上超過特斯拉，但比亞迪的車輛單價較低。&lt;/p&gt;

&lt;p&gt;比亞迪產品線包括插電式混合動力車和全電動車，而特斯拉僅銷售全電動車。在第三季度，比亞迪交付約 110 萬輛車輛，其中約 44.3 萬輛為全電動車，68.6 萬輛為插電式混合動力車，而特斯拉交付約 46.3 萬輛全電動車。&lt;/p&gt;

&lt;p&gt;儘管數據顯示，比亞迪的銷售表現優於特斯拉，但在利潤方面，特斯拉仍然佔據優勢。&lt;/p&gt;

&lt;p&gt;比亞迪在第三季營業利潤約為 11 億美元，而特斯拉則達到約 28 億美元。然而，這兩者的數據難以直接比較，因為比亞迪和特斯拉在營運費用的計算上存在差異。&lt;/p&gt;

&lt;p&gt;在股市方面，特斯拉的股價周三下跌 0.8%，收於 257.55 美元，而標普 500 指數下跌 0.3%。相比之下，比亞迪 ADR 上漲 0.6%，收於 76.50 美元。儘管比亞迪在香港上市的股票在海外交易中下跌 0.7%，但截至周三，這些股票今年以來已上漲約 38%。&lt;/p&gt;

&lt;p&gt;比亞迪的整體業績符合華爾街的預期，顯示出其穩健的市場表現。而特斯拉周三股價下跌似乎與比亞迪的表現無關，因為市場對其第三季度財報的反應並不意外，而是獲利和技術面仍在影響股價。近期，特斯拉的股價因為超出預期的財報而上漲了約 22%。&lt;/p&gt;

&lt;p&gt;分析師指出，特斯拉的股價在財報公布後達到阻力位，這是技術分析師用來評估過去投資者買賣行為的指標。當前，投資者在特斯拉股價高於 260 美元時選擇獲利了結。儘管如此，特斯拉的股價在今年仍上漲約 4%。&lt;/p&gt;

&lt;p&gt;這一系列數據顯示，電動車市場的競爭正在加劇，特斯拉與比亞迪的差距正在縮小，未來的市場動向值得關注。&lt;/p&gt;
",1,1,在電動車市場的競爭中，特斯拉 (TSLA-US) 與中國電動車領導者比亞迪之間的戰鬥愈演愈烈。根據最新報導，比亞迪在第三季銷售額首次超過特斯拉，達到 282 億美元，而特斯拉的可比銷售額為 252 億美元。,1,['US-TSLA'],,0,0,"['GI:INX:INDEX:COMMON', 'USS:TSLA:STOCK:COMMON']",,0,"['比亞迪', '特斯拉', '美股', '電動車']",0,1730352741,"{'xs': {'src': 'https://cimg.cnyes.cool/prod/news/5758670/xs/465663b5be08d520f39f03203aa83ec5.jpg', 'width': 100, 'height': 56}, 's': {'src': 'https://cimg.cnyes.cool/prod/news/5758670/s/465663b5be08d520f39f03203aa83ec5.jpg', 'width': 180, 'height': 101}, 'm': {'src': 'https://cimg.cnyes.cool/prod/news/5758670/m/465663b5be08d520f39f03203aa83ec5.jpg', 'width': 380, 'height': 214}, 'l': {'src': 'https://cimg.cnyes.cool/prod/news/5758670/l/465663b5be08d520f39f03203aa83ec5.jpg', 'width': 640, 'height': 360}, 'xl': {'src': 'https://cimg.cnyes.cool/prod/news/5758670/xl/465663b5be08d520f39f03203aa83ec5.jpg', 'width': 960, 'height': 539}, 'xxl': {'src': 'https://cimg.cnyes.cool/prod/news/5758670/xxl/465663b5be08d520f39f03203aa83ec5.jpg', 'width': 1080, 'height': 607}}",,831,美股雷達,,"[{'name': '股票-美國大型', 'categoryAbbrId': 'C65'}]",[],0,0,0,"[{'code': 'TSLA', 'name': '特斯拉', 'symbol': 'USS:TSLA:STOCK'}]"
5759137,日本央行調高成長前景後 日元兌美元小幅走高,"&lt;p&gt;日本央行周四 (31 日) 一如預期維持利率不變，但上調了經濟成長預期，幫助日元兌美元匯率在一周內首次上漲。&lt;/p&gt;

&lt;p&gt;截至台北時間下午 13:08，美元兌日元匯率報 152.94，日元上漲 0.31%，這將 10 月份的跌幅縮小至 6.1%。&lt;/p&gt;

&lt;p&gt;日本央行以 9-0 通過利率決議。日本央行表示，鑑於實際利率處於非常低的水準，如果經濟和物價走勢符合其預測，日本央行將繼續提高政策利率。&lt;/p&gt;

&lt;p&gt;此外，央行調高 2025 財年 GDP 成長率預測，下調 2025 財年通膨成長預測。日本央行預計，2024 財年 GDP 成長預期為 0.6%，2025 財年 GDP 成長預期為 1.1%，2026 財年 GDP 成長預期為 1.0%。&lt;/p&gt;

&lt;p&gt;野村證券外匯策略主管 Yujiro Goto 表示，日元小幅上漲可歸因於部位平倉。&lt;/p&gt;

&lt;p&gt;他表示：「在日本政治不確定性加劇的背景下，市場預期日本央行將對未來升息採取更加謹慎的立場，但展望報告並未實現，導致倉位小幅調整。」&lt;/p&gt;

&lt;p&gt;日元觀察人士關注的焦點是日本央行總裁植田和男，是否會針對下次升息給出任何暗示。在日元繼續疲軟下，央行面臨盡早升息的壓力。&lt;/p&gt;

&lt;p&gt;澳洲聯邦銀行貨幣策略師 Carol Kong 表示，今天晚些時候的焦點集中在央行總裁身上，他可能會就日本央行下次升息時間提供更多見解，如果他提出更強有力的升息指引，這將令人意外，可能會提前定價並推高日元。&lt;/p&gt;

&lt;p&gt;日本執政聯盟失去多數席次後，日元周一跌至 7 月以來新低。這引發了日本當局的警告，日本財務大臣加藤勝信周二表示，日本大選後日元大幅貶值，政府將以高度緊迫感關注外匯走勢。&lt;/p&gt;
",1,1,日本央行周四 (31 日) 一如預期維持利率不變，但上調了經濟成長預期，幫助日元兌美元匯率在一周內首次上漲。,1,[],,0,0,"['FX:JPYUSD:FOREX:COMMON', 'FX:USDJPY:FOREX:COMMON']",,0,"['日本央行', '日元', '經濟前景', '利率決策', '日本']",0,1730352002,"{'xs': {'src': 'https://cimg.cnyes.cool/prod/news/5759137/xs/d7160ef1bc520193dc9e23a58b31849d.jpg', 'width': 100, 'height': 56}, 's': {'src': 'https://cimg.cnyes.cool/prod/news/5759137/s/d7160ef1bc520193dc9e23a58b31849d.jpg', 'width': 180, 'height': 101}, 'm': {'src': 'https://cimg.cnyes.cool/prod/news/5759137/m/d7160ef1bc520193dc9e23a58b31849d.jpg', 'width': 380, 'height': 214}, 'l': {'src': 'https://cimg.cnyes.cool/prod/news/5759137/l/d7160ef1bc520193dc9e23a58b31849d.jpg', 'width': 640, 'height': 360}, 'xl': {'src': 'https://cimg.cnyes.cool/prod/news/5759137/xl/d7160ef1bc520193dc9e23a58b31849d.jpg', 'width': 960, 'height': 540}, 'xxl': {'src': 'https://cimg.cnyes.cool/prod/news/5759137/xxl/d7160ef1bc520193dc9e23a58b31849d.jpg', 'width': 1080, 'height': 608}}",,838,外匯,,[],[],0,0,0,
5758866,最快本周六？黎巴嫩總理：有望未來幾小時或數天內跟以色列達停火協議,"&lt;p&gt;黎巴嫩看守總理 Nadschib Mikati 周三 (30 日) 表示，有望在未來幾小時或數日內宣佈與以色列達成停火協議，但與此同時，以色列仍持續空襲黎國東部地區，造成至少 31 人死亡。Mikati 周四將跟美國特使 Amos Hochstein 會面商議以色列與黎巴嫩真主黨的停火協議。&lt;/p&gt;

&lt;p&gt;Mikati 在與 Hochstein 會面前夕接受黎國媒體《Al Jadeed》訪問時說，原本認為在下周二 (11 月 5 日) 美國總統大選之前不可能達成停火協議，但跟 Hochstein 通話後感到樂觀，目前正盡最大努力，並對未來幾小時或幾天內達成停火協議持樂觀態度。&lt;/p&gt;

&lt;p&gt;白宮方面表示，美國特使 Brett McGurk 將於周四與 Hochstein 一起訪問以色列。一位美國官員表示，他們將在那裡討論一系列問題，「包括加薩、黎巴嫩、人質、伊朗和更廣泛的地區問題」。&lt;/p&gt;

&lt;p&gt;《以色列公共廣播公司》(Kan) 公佈了一份據稱是停火協議的草案，並指停火日期是在本周六 (11 月 2 日)，白宮國安發言人 Sean Savett 則稱「目前流傳著許多報導和草案，但它們並未反映目前的談判狀況。」&lt;/p&gt;

&lt;p&gt;真主黨新領導人 Sheikh Naim Qassem 周三稍早表示，若以色列希望停止戰爭，真主黨將同意在一定條件下停火，但以色列迄今尚未同意任何可以討論的提議。&lt;/p&gt;

&lt;p&gt;與此同時，以色列周三繼續擴大針對黎巴嫩境內真主黨的行動，對以羅馬神廟聞名的東部城市巴勒貝克及其附近村莊發動猛烈空襲。以軍在空襲之後向《路透社》表示，攻擊目標是貝卡谷地地區的真主黨燃料庫。&lt;/p&gt;

&lt;p&gt;黎國公共衛生部周三指出，以軍對巴勒貝克地區貝德納耶爾村的攻擊造成 8 人死亡，其中包括 5 名婦女，對巴勒貝克地區拜特薩利比鎮的襲擊造成 11 人死亡，包括 3 名婦女，對東部貝卡地區索赫莫爾鎮的攻擊造成 12 人死亡。&lt;/p&gt;

&lt;p&gt;《新華社》報導，黎巴嫩軍方消息人士表示，以軍戰機和無人機周三共對黎巴嫩南部實施 55 次空襲，對黎巴嫩東部實施 15 次空襲。&lt;/p&gt;

&lt;p&gt;黎國公共衛生部周三公佈的統計數據，自去年 10 月初以來，真主黨與以色列之間的衝突已在黎巴嫩造成 2822 人死亡。&lt;/p&gt;
",1,1,,1,[],,0,0,['EOD:BRENT:EOD:ENERGY'],,0,"['以色列', '停火協議', '真主黨', '美國大選']",0,1730351507,"{'xs': {'src': 'https://cimg.cnyes.cool/prod/news/5758866/xs/92f11eed8b3ba29ad545d58feef8b203.jpg', 'width': 100, 'height': 56}, 's': {'src': 'https://cimg.cnyes.cool/prod/news/5758866/s/92f11eed8b3ba29ad545d58feef8b203.jpg', 'width': 180, 'height': 101}, 'm': {'src': 'https://cimg.cnyes.cool/prod/news/5758866/m/92f11eed8b3ba29ad545d58feef8b203.jpg', 'width': 380, 'height': 214}, 'l': {'src': 'https://cimg.cnyes.cool/prod/news/5758866/l/92f11eed8b3ba29ad545d58feef8b203.jpg', 'width': 640, 'height': 360}, 'xl': {'src': 'https://cimg.cnyes.cool/prod/news/5758866/xl/92f11eed8b3ba29ad545d58feef8b203.jpg', 'width': 960, 'height': 540}, 'xxl': {'src': 'https://cimg.cnyes.cool/prod/news/5758866/xxl/92f11eed8b3ba29ad545d58feef8b203.jpg', 'width': 1080, 'height': 608}}",,833,國際政經,,[],[],0,0,0,
5758680,川普拿關稅威脅「歐洲小可愛們」 歐盟兩大招等著：別敬酒不吃吃罰酒,"&lt;p&gt;美國共和黨總統候選人川普周二在賓州的集會上再次強調了對歐盟的關稅威脅。他表示，如果他在 11 月 5 日的大選中獲勝，歐盟將因未能購買足夠的美國出口產品而「付出巨大代價」。&lt;/p&gt;

&lt;p&gt;川普在集會上指出：「歐盟聽起來很好，很可愛，但他們不拿走我們的汽車和農產品，而是在美國銷售了數百萬輛汽車。他們將不得不為此承擔後果。」&lt;/p&gt;

&lt;p&gt;川普先前已明確表示，一旦當選，他將對來自所有國家的進口產品徵收 10% 至 20% 的關稅，並對部分來自中國的產品徵收高達 60% 的關稅。歐盟官員估計這可能導致歐盟每年的出口額減少約 1500 億歐元。&lt;/p&gt;

&lt;p&gt;然而，經濟學家警告稱，這項政策可能會對全球供應鏈造成衝擊，很可能引發報復性反制措施，並提高美國民眾的生活成本。&lt;/p&gt;

&lt;p&gt;與此同時，川普的競選對手&mdash;&mdash;民主黨人賀錦麗在華盛頓的一場大型集會上對其關稅計劃提出了強烈批評。她對數萬名集會者表示，川普正在尋求不受限制的權力，並稱「這個人的情緒反覆無常，沉迷於復仇，滿腔怨恨，渴望無限權力」。&lt;/p&gt;

&lt;p&gt;由於川普的關稅威脅，歐洲股市已經受到顯著影響。今年，歐洲股市的表現明顯落後美股，分析師指出，川普的政策是造成這一差距的主要因素之一。分析師擔憂，歐洲出口商可能會受到衝擊，同時預期美股企業將因川普的減稅政策而受益。&lt;/p&gt;

&lt;p&gt;根據巴克萊的數據，自今年 9 月底以來，受美國關稅影響的 28 只知名歐洲股票已累計下跌 7%。這些股票包括全球最大的洋酒公司帝亞吉歐、奢侈品巨頭路威酩軒集團和​​汽車製造商大眾等。巴克萊指出，其中有幾家公司超過 30% 的收入來自美國市場。&lt;/p&gt;

&lt;p&gt;摩根大通資產管理公司的全球市場策略師休 ‧ 金伯表示，目前歐洲股市的交易價格比美國市場低 40%，這一現像在一定程度上反映了貿易衝突再度升級的潛在威脅。他表示：「這種負面情緒現在似乎很好地反映在了價格上。」&lt;/p&gt;

&lt;p&gt;美國是歐盟最大的商品出口目的地，佔歐盟出口總額的 19.7%；僅次於中國，美國也是歐盟第二大貨物進口來源國，佔歐盟進口總額的 13.7%。根據歐盟委員會的數據，2023 年歐盟向美國出口了 5,023 億歐元的商品。&lt;/p&gt;

&lt;figure&gt;&lt;img alt=&quot;2023年歐盟成員國對美國的貨物出口的前十名&quot; data-height=&quot;478&quot; data-mime=&quot;image/webp&quot; data-ratio=&quot;1.3535564853556485&quot; data-src-m=&quot;https://cimg.cnyes.cool/prod/news/5758680/m/5aba098a1a4ae8fc471ab0b932c220cc.jpg&quot; data-width=&quot;647&quot; src=&quot;https://cimg.cnyes.cool/prod/news/5758680/l/5aba098a1a4ae8fc471ab0b932c220cc.jpg&quot;&gt;
&lt;figcaption&gt;2023 年歐盟成員國對美國的貨物出口的前十名&lt;/figcaption&gt;
&lt;/figure&gt;

&lt;p&gt;歐洲新聞網（Euronews）30 日分析指出，川普提議對歐盟進口商品徵收 10% 的關稅，這可能會損害歐洲的出口驅動型產業，如汽車與機械（2076 億歐元）、化學品（1374 億歐元）和其他製成品（1037 億歐元）等；德國（1577 億歐元）、義大利（673 億歐元）以及愛爾蘭（516 億歐元）等成員國將會是受影響最嚴重的歐盟國家。同時，歐盟的潛在報復措施可能加劇緊張局勢升級，進一步破壞美歐貿易關係。&lt;/p&gt;

&lt;h6&gt;歐盟胡蘿蔔加大棒應對 貿易協議 + 報復性關稅&lt;/h6&gt;

&lt;p&gt;英媒《金融時報》早前曾披露稱，歐盟正在製定「胡蘿蔔加大棒」的應對策略。&lt;/p&gt;

&lt;p&gt;這項策略具體來說分為兩步驟：如果川普勝選，歐盟的第一步是立即派出談判人員與其接觸，尋求盡快達成貿易協議，增加進口特定美國商品，避免川普對歐盟產品加徵關稅；如果第一步落​​空，而川普選擇施加懲罰性關稅，那麼歐盟也將進行有針對性的報復。&lt;/p&gt;

&lt;p&gt;據報導，歐盟正在擬定一份從美國進口商品的清單，清單內商品可能被徵收 50% 甚至更高的關稅。他們計劃對川普的「核心選民」下手，例如對美國的波本威士忌、哈雷摩托車、動力船舶等施加沉重關稅。&lt;/p&gt;
",1,1,美國共和黨總統候選人川普周二在賓州的集會上再次強調了對歐盟的關稅威脅。他表示，如果他在 11 月 5 日的大選中獲勝，歐盟將因未能購買足夠的美國出口產品而「付出巨大代價」。,1,[],,0,0,['FX:EURUSD:FOREX:COMMON'],,0,"['歐盟', '川普', '賀錦麗', '關稅', '美國大選']",0,1730350873,"{'xs': {'src': 'https://cimg.cnyes.cool/prod/news/5758680/xs/6e8fd4e69e35135c9029cdad6fd2c4ed.jpg', 'width': 100, 'height': 56}, 's': {'src': 'https://cimg.cnyes.cool/prod/news/5758680/s/6e8fd4e69e35135c9029cdad6fd2c4ed.jpg', 'width': 180, 'height': 101}, 'm': {'src': 'https://cimg.cnyes.cool/prod/news/5758680/m/6e8fd4e69e35135c9029cdad6fd2c4ed.jpg', 'width': 380, 'height': 214}, 'l': {'src': 'https://cimg.cnyes.cool/prod/news/5758680/l/6e8fd4e69e35135c9029cdad6fd2c4ed.jpg', 'width': 640, 'height': 360}, 'xl': {'src': 'https://cimg.cnyes.cool/prod/news/5758680/xl/6e8fd4e69e35135c9029cdad6fd2c4ed.jpg', 'width': 960, 'height': 539}, 'xxl': {'src': 'https://cimg.cnyes.cool/prod/news/5758680/xxl/6e8fd4e69e35135c9029cdad6fd2c4ed.jpg', 'width': 1080, 'height': 607}}",,833,國際政經,,"[{'name': '股票-歐洲大型', 'categoryAbbrId': 'C61'}, {'name': '股票-美國大型', 'categoryAbbrId': 'C65'}]",[],0,0,0,
5758664,Wedbush分析師：蘋果市值明年破4兆美元 輝達緊跟,"&lt;p&gt;《Yahoo Finance》周二 (29 日) 報導，根據 Wedbush Securities 分析師 Dan Ives 的預測，蘋果 (Apple)(AAPL-US) 有望在 2025 年成為首間市值達到 4 兆美元的公司，其次是人工智慧 (AI) 領域最受矚目企業輝達(Nvidia)(NVDA-US)。&lt;/p&gt;

&lt;p&gt;Ives 指出，蘋果擁有超過 20 億龐大的 iOS 裝置用戶，並且可能有 3 億支 iPhone 將啟動升級換機潮。&lt;/p&gt;

&lt;p&gt;他強調，蘋果的服務業務估值達 2 兆美元，並在其生態系統中推動消費型人工智慧的發展，預計將帶來更大的增長。&lt;/p&gt;

&lt;p&gt;Wedbush 維持蘋果股票跑贏大盤 (Outperform) 的評級，並將目標價定在 300 美元。受到 AI 相關改進的推動，該公司預計蘋果在 2025 年可能賣出逾 2.4 億支 iPhone，創下 iPhone 銷量的新高紀錄。&lt;/p&gt;

&lt;p&gt;該公司觀察到，光是在中國，就有約 1 億支 iPhone 可能在 2025 年準備升級。蘋果即將推出的 iOS 18.2 版本也標誌著其 AI 驅動裝置的新篇章。&lt;/p&gt;

&lt;p&gt;這並非 Ives 首次對蘋果做出 4 兆美元市值的預測。他曾在 2023 年 12 月預測蘋果將在 2024 年底突破此門檻，並認為蘋果於 2024 年 6 月宣布的 AI 相關消息是實現此目標的重要推動力。&lt;/p&gt;

&lt;p&gt;此外，Wedbush 認為輝達將在 2025 年加入蘋果，成為另一間市值達 4 兆美元的公司。今年 10 月初及 6 月期間，這間 AI 晶片製造商曾一度超越蘋果，躍居全球最有價值企業榜首，但隨後雙雙被微軟 (Microsoft)(MSFT-US) 超越。&lt;/p&gt;
",1,1,據 Wedbush Securities 分析師 Dan Ives 的預測，蘋果有望在 2025 年成為首間市值達到 4 兆美元的公司，其次是人工智慧 (AI) 領域最受矚目企業輝達。,1,"['US-AAPL', 'US-NVDA', 'US-MSFT']",,0,0,"['USS:AAPL:STOCK:COMMON', 'USS:NVDA:STOCK:COMMON', 'USS:MSFT:STOCK:COMMON']",,0,"['蘋果', '市值', '輝達', 'iPhone']",1,1730350804,"{'xs': {'src': 'https://cimg.cnyes.cool/prod/news/5758664/xs/773ad94f5fae94b2f0f461520f7d75ee.jpg', 'width': 100, 'height': 56}, 's': {'src': 'https://cimg.cnyes.cool/prod/news/5758664/s/773ad94f5fae94b2f0f461520f7d75ee.jpg', 'width': 180, 'height': 101}, 'm': {'src': 'https://cimg.cnyes.cool/prod/news/5758664/m/773ad94f5fae94b2f0f461520f7d75ee.jpg', 'width': 380, 'height': 214}, 'l': {'src': 'https://cimg.cnyes.cool/prod/news/5758664/l/773ad94f5fae94b2f0f461520f7d75ee.jpg', 'width': 640, 'height': 360}, 'xl': {'src': 'https://cimg.cnyes.cool/prod/news/5758664/xl/773ad94f5fae94b2f0f461520f7d75ee.jpg', 'width': 960, 'height': 539}, 'xxl': {'src': 'https://cimg.cnyes.cool/prod/news/5758664/xxl/773ad94f5fae94b2f0f461520f7d75ee.jpg', 'width': 1080, 'height': 607}}",,831,美股雷達,,[],[],0,0,0,"[{'code': 'AAPL', 'name': '蘋果', 'symbol': 'USS:AAPL:STOCK'}, {'code': 'NVDA', 'name': '輝達', 'symbol': 'USS:NVDA:STOCK'}, {'code': 'MSFT', 'name': '微軟', 'symbol': 'USS:MSFT:STOCK'}]"
5759089,兩年多首見！韓Q3乘用車出口額衰退4.7% 現代汽車財報早現全球市況複雜端倪,"&lt;p&gt;最新數據顯示，今年第三季南韓乘用車出口額年減 4.7% 至 140 億美元，為 2022 年第一季以來首度出現負成長，主要因為中型燃油車和電動車銷售低迷不振，而這一數據恰好也能解釋該國巨擘現代汽車第三季營收創高利潤卻下滑的情形。&lt;/p&gt;

&lt;p&gt;根據南韓海關今 (31) 日公布的數據，在新能源汽車方面，電動車和插電式混動車出口額大幅減少，油電混合汽車出口額則年增 71.3% 至 30.1 億美元，創歷年同期新高紀錄。與此同時，南韓第三季乘用車進口額年增 12.6% 至 30 億美元，新能源汽車進口額佔 69.3%，佔比創歷史新高。&lt;/p&gt;

&lt;p&gt;上周四 (24 日)，現代汽車公布的第三季財報表現複雜，雖實現歷史最高營收 42.93 兆韓元，年增 4.7%，但季減 4.6% 且營業利潤年減 6.5% 至 3.6 兆韓元，顯示隨著供給變多，全球汽車行業賺錢難度變大了。&lt;/p&gt;

&lt;p&gt;專家表示，現代汽車反映了全球汽車行業當前所面臨的複雜局面，各個車廠的操盤難度正在變大。&lt;/p&gt;

&lt;p&gt;根據現代汽車財報，該公司全球批發銷量在第三季達到 101.2 萬輛，年減 3.2%，主要因為全球經濟放緩對工業需求形成壓制，各個市場的表現並不均衡，北美市場的強勁增長與歐洲的銷量下滑形成了鮮明對比。&lt;/p&gt;

&lt;p&gt;現代汽車在第三季取得的營收成長歸功三大因素，高附加價值車款如 Genesis 系列與混合動力車的暢銷，大大推動整體收入，且匯率的有利波動也助推營收成長。此外，SUV 市場的持續擴展也是一大推動力。&lt;/p&gt;

&lt;p&gt;但由於成本上升，使得現代汽車未能在第三季保持利潤成長，銷售及管理費用上升至 11.5%，與去年同期相比增加 0.2 個百分點，尤其是勞動成本增加對獲利率形成壓力。&lt;/p&gt;

&lt;p&gt;此外，北美市場的 Grand Santa Fe 車款主動保修延長措施，也導致現代汽車提撥約 3200 億韓元資金，帶來直接影響，但若排除資金提撥，營業利潤將達 3.9 兆韓元，與市場預期基本一致。&lt;/p&gt;

&lt;p&gt;現代汽車第三季電動車銷量有所下降，但混合動力電動車銷量成長 40% 以上，現代汽車正重新評估自身在全球電動車市場的定位。&lt;/p&gt;
",1,1,,1,[],,0,0,"['FX:KRWUSD:FOREX:COMMON', 'FX:USDKRW:FOREX:COMMON']",,0,"['乘用車', '南韓', '現代汽車', '財報', '衰退']",0,1730348885,"{'xs': {'src': 'https://cimg.cnyes.cool/prod/news/5759089/xs/036c7ac23bbe483cf85c1edf3e0b3cb6.jpg', 'width': 100, 'height': 56}, 's': {'src': 'https://cimg.cnyes.cool/prod/news/5759089/s/036c7ac23bbe483cf85c1edf3e0b3cb6.jpg', 'width': 180, 'height': 101}, 'm': {'src': 'https://cimg.cnyes.cool/prod/news/5759089/m/036c7ac23bbe483cf85c1edf3e0b3cb6.jpg', 'width': 380, 'height': 214}, 'l': {'src': 'https://cimg.cnyes.cool/prod/news/5759089/l/036c7ac23bbe483cf85c1edf3e0b3cb6.jpg', 'width': 640, 'height': 360}, 'xl': {'src': 'https://cimg.cnyes.cool/prod/news/5759089/xl/036c7ac23bbe483cf85c1edf3e0b3cb6.jpg', 'width': 960, 'height': 539}, 'xxl': {'src': 'https://cimg.cnyes.cool/prod/news/5759089/xxl/036c7ac23bbe483cf85c1edf3e0b3cb6.jpg', 'width': 1080, 'height': 607}}",,832,歐亞股,,[],[],0,0,0,
5758967,歐美網通庫存估年底見底 台網通廠明年迎WiFi 7、10G PON雙主流換機潮,"&lt;p&gt;在經歷一年多的庫存去化後，網通產業即將迎來新一波成長契機，法人指出，隨著全球家戶寬頻網路在 2025 年邁向 WiFi 7 和 10G PON 新世代，國際電信業者已開始啟動設備升級採購，台廠可望受惠。&lt;/p&gt;

&lt;p&gt;根據市場調查，包括美國 Verizon、AT&amp;T、T-Mobile 與 Comcast 等主要電信商近期均表示，將加強固網寬頻與 FWA 業務布局。歐洲大廠瑞典愛立信與芬蘭諾基亞也指出，印度電信設備需求已趨於正常化。&lt;/p&gt;

&lt;p&gt;德國電信率先釋出大單，規劃 2025 至 2027 年大規模投資光纖網路，預計 2027 年前光纖網路可供裝家戶每年淨增 250 萬戶，總戶數將達 1,750 萬戶，智易 (3596-TW) 和達發已搶下德國電信 WiFi 7 的 10G PON 大單，其他包括中磊 (5388-TW)、啟碁 (6285TW-)、合勤控 (3704-TW) 也積極布局。&lt;/p&gt;

&lt;p&gt;法人預期，在 AI 應用逐漸擴大帶動網路需求提升下，網通產業明年將逐步回升。其中，歐洲客戶開始以急單、短單方式回補庫存，包括 WiFi 7、10G PON 等新產品替換需求，，印度寬頻基礎建設也持續推進，5G FWA 出貨可望進一步放大。&lt;/p&gt;

&lt;p&gt;10G PON 上傳及下載傳輸速度可達 10Gbps，WiFi 7 傳輸速度更可望達 40Gbps，是 WiFi 6E 的四倍。因應 AI 等創新應用，傳輸需求從 1Gbps 邁向 10Gbps，2025 年將成為超高速元年。&lt;/p&gt;

&lt;p&gt;中磊表示，企業及網通客戶設備調整將持續至 2024 年底，隨後在 10G PON、DOCSIS 4.0 及 WiFi 7 驅動下，2025 年可望重回成長軌道；合勤控已在 10G PON 累積百萬台出貨實績，WiFi 7 高階產品也已在今年下半年交貨。&lt;/p&gt;

&lt;p&gt;此外，AI 應用逐漸擴大也帶動網路需求提升，從上游晶片、電信設備到資料中心交換器都將受惠。在中企於美國發展受限的情況下，台廠更可望因去中化趨勢搶占美國基建商機。&lt;/p&gt;
",1,1,在經歷一年多的庫存去化後，網通產業即將迎來新一波成長契機，法人指出，隨著全球家戶寬頻網路在 2025 年邁向 WiFi 7 和 10G PON 新世代，國際電信業者已開始啟動設備升級採購，台廠可望受惠。,1,[],,0,0,"['TWS:3596:STOCK:COMMON', 'TWS:5388:STOCK:COMMON', 'TWS:3704:STOCK:COMMON']",,0,"['網通', '中磊', '智易', '啟碁', '合勤控']",1,1730348402,"{'xs': {'src': 'https://cimg.cnyes.cool/prod/news/5758967/xs/13b3f95eda3df959d78a5bba57f8a712.jpg', 'width': 100, 'height': 56}, 's': {'src': 'https://cimg.cnyes.cool/prod/news/5758967/s/13b3f95eda3df959d78a5bba57f8a712.jpg', 'width': 180, 'height': 101}, 'm': {'src': 'https://cimg.cnyes.cool/prod/news/5758967/m/13b3f95eda3df959d78a5bba57f8a712.jpg', 'width': 380, 'height': 214}, 'l': {'src': 'https://cimg.cnyes.cool/prod/news/5758967/l/13b3f95eda3df959d78a5bba57f8a712.jpg', 'width': 640, 'height': 360}, 'xl': {'src': 'https://cimg.cnyes.cool/prod/news/5758967/xl/13b3f95eda3df959d78a5bba57f8a712.jpg', 'width': 960, 'height': 540}, 'xxl': {'src': 'https://cimg.cnyes.cool/prod/news/5758967/xxl/13b3f95eda3df959d78a5bba57f8a712.jpg', 'width': 1080, 'height': 608}}",,827,台股新聞,,[],[],0,0,0,"[{'code': '3596', 'name': '智易', 'symbol': 'TWS:3596:STOCK'}, {'code': '5388', 'name': '中磊', 'symbol': 'TWS:5388:STOCK'}, {'code': '3704', 'name': '合勤控', 'symbol': 'TWS:3704:STOCK'}]"
5758329,資本、獲利令人滿意 中華信評：富壽、富邦金評等展望「穩定」,"&lt;p&gt;中華信評發布報告，確認富邦人壽與富邦金控 (2881-TW) 長期評等的評等展望為「穩定」。中華信評表示，儘管易受資本市場波動的影響，富邦人壽未來 2 年的資本與獲利水準將維持在令人滿意的水準，富壽的投資槓桿與外匯風險高於亞太區同業，但此為台灣壽險業的普遍現象。&lt;/p&gt;

&lt;p&gt;中華信評確認富邦人壽的長期發行體信用評等與財務實力評等均為「twAA+」，並確認該公司無擔保次順位公司債券的長期債務發行信用評等為「twAA」。與此同時，中華信評確認富邦金 (2881-TW) 的長期發行體信用評等為「twAA」，短期發行體信用評等為「twA-1+」。&lt;/p&gt;

&lt;p&gt;中華信評指出，由於股票市場估值增加，富邦人壽的總調整後資本於 2023 年與 2024 年上半年期間有明顯增加。&lt;/p&gt;

&lt;p&gt;中華信評指出，富邦人壽於 2023 年與 2024 年上半年致力於控管避險成本，加上美元持續走強，外匯風險因而升高，2024 年第三季新台幣兌美元升值期間，富壽提高避險比率。中華信評認為，富邦人壽應可維持有效的風險管理機制，以防止資本與獲利出現大幅減降，同時動態的方式管理其外匯風險部位。&lt;/p&gt;

&lt;p&gt;富邦人壽與富邦金控獲得「穩定」的評等展望，中華信評認為，未來一至二年富邦人壽將持續帶動該金控集團的集團信用結構，同時其他主要子公司將維持穩定的信用結構。&lt;/p&gt;

&lt;p&gt;中華信評認為，富壽有所提升的資本強度將有助於其管理市場波動對資本與獲利所造成的負面影響。此外，預期該公司將在其資本與獲利能力未受到削弱的情況下滿足額外的成長所需相關資本需求。&lt;/p&gt;

&lt;p&gt;資本需求可能用於吸收其投資標的之市場價格波動、挹助海外子公司資本、以及追求進一步自身成長。此外，中華信評認為，富壽應可在不影響其資本強度的情況下，藉由主動調整其避險策略管理其外匯風險。&lt;/p&gt;

&lt;p&gt;中華信評將台北富邦銀行合併後的資本與獲利能力評估結果由「強健」調整至「允當」等級，可能因為該行積極的風險性資產累積，特別是在風險較高的市場 (如中國) 或是股票投資部位增加。若北富銀的獲利不足以支持成長，則該行的資本與獲利能力亦可有能惡化之虞。&lt;/p&gt;
",1,1,中華信評發布報告，確認富邦人壽與富邦金控 (2881-TW) 長期評等的評等展望為「穩定」。中華信評表示，儘管易受資本市場波動的影響，富邦人壽未來 2 年的資本與獲利水準將維持在令人滿意的水準,1,['2881'],,0,0,"['TWS:2881:STOCK:COMMON', 'FX:USDTWD:FOREX:COMMON']",,0,"['富邦金', '富邦人壽', '中華信評']",1,1730347802,"{'xs': {'src': 'https://cimg.cnyes.cool/prod/news/5758329/xs/2a88a29c4ce8fde1f192833e654d781c.jpg', 'width': 100, 'height': 56}, 's': {'src': 'https://cimg.cnyes.cool/prod/news/5758329/s/2a88a29c4ce8fde1f192833e654d781c.jpg', 'width': 180, 'height': 101}, 'm': {'src': 'https://cimg.cnyes.cool/prod/news/5758329/m/2a88a29c4ce8fde1f192833e654d781c.jpg', 'width': 380, 'height': 214}, 'l': {'src': 'https://cimg.cnyes.cool/prod/news/5758329/l/2a88a29c4ce8fde1f192833e654d781c.jpg', 'width': 640, 'height': 360}, 'xl': {'src': 'https://cimg.cnyes.cool/prod/news/5758329/l/2a88a29c4ce8fde1f192833e654d781c.jpg', 'width': 640, 'height': 360}, 'xxl': {'src': 'https://cimg.cnyes.cool/prod/news/5758329/l/2a88a29c4ce8fde1f192833e654d781c.jpg', 'width': 640, 'height': 360}}",,827,台股新聞,,[],[],0,0,0,"[{'code': '2881', 'name': '富邦金', 'symbol': 'TWS:2881:STOCK'}]"
5758870,獎勵措施多、基礎設施增 美國電動車銷量超越歐盟,"&lt;p&gt;New AutoMotive 全球電動車追蹤器 (GEVT) 數據顯示，美國車廠在 2024 年第三季創下了 34.4 萬輛電動車的銷售紀錄。該里程碑反映了全球電動車市場的轉變，因為美國加快了電氣化，電動車銷量超過了歐盟。&lt;/p&gt;

&lt;p&gt;美國車市在某種程度上回到了自然秩序，愈來愈多消費者開始接受電動車，最近銷售數據反映了大幅成長。這表明電動車不再只是利基產品，而是成為主流。&lt;/p&gt;

&lt;p&gt;而歐盟雄心勃勃的排放標準愈來愈受爭議。雖然因有力的獎勵措施、支持性政策和更高的燃料成本，歐洲歷來在電動車購買方面處於領先，但最近的一些變化，例如補貼減少與中國的貿易緊張，影響了歐洲車廠的供應鏈和成本結構，使其難以與更便宜的中國進口車競爭。&lt;/p&gt;

&lt;p&gt;據 Tavares 等公司，比亞迪、蔚來、上汽、長城和奇瑞等中國製造商正在製造更先進的電動車，成本比歐洲汽車製造商低 30%，售價接近燃油車。&lt;/p&gt;

&lt;p&gt;中國成熟電動車品牌的崛起，推動歐洲製造商重新評估其策略。這正是包括福斯、Stellantis 和 Mercedes-Benz 在內的歐洲大型車廠在電動車生產和獲利能力方面面臨挫折，導致計劃中的電動車推廣延遲甚至停止的原因。&lt;/p&gt;

&lt;p&gt;對消費者來說，更高的電動車價格和基礎設施問題產生了猶豫。雖然歐洲的充電網絡很大，但分布不均勻，農村和較不富裕地區持續存在基礎設施差距。&lt;/p&gt;

&lt;p&gt;&lt;em&gt;&lt;strong&gt;美國電動車迎來轉折&lt;/strong&gt;&lt;/em&gt;&lt;/p&gt;

&lt;p&gt;儘管圍繞電動車有各種政治噪音，也有負面新聞，但美國製造商在銷售其電動車方面正迎來轉折。據 Cox Automotive，2024 年第三季美國估計售出 344,086 輛電動車，比第二季增加了 5%。第三季銷售額達到 8.9%，創下最高水平，高於 2023 年第三季的 7.8%。&lt;/p&gt;

&lt;p&gt;在第三季，美國電動車的獎勵和折扣有所提高，這有助於推動銷售。如果汽車是租賃而非購買，任何車型都有資格獲得 7,500 美元的稅收抵免，這促進了電動車租賃。在第三季度，獎勵措施平均超過平均交易價格的 12%，遠高於產業平均約 7%。&lt;/p&gt;

&lt;p&gt;Cox Automotive 產業洞察總監 Stephanie Valdez Streaty 表示，「雖然年比增長放緩，但美國的電動車銷量持續上升。成長部分受到獎勵和折扣的推動；但隨著更實惠的電動車進入市場和基礎設施的改善，我們可以期待未來幾年更多消費者購買電動車。」&lt;/p&gt;

&lt;p&gt;美國正處於電動車採用的轉折點，尤其是像通用汽車這樣的傳統製造商取得了顯著進展。特斯拉、通用、現代汽車的電動車成為美國電動車市的亮點。&lt;/p&gt;

&lt;p&gt;美國銷量之所以能超過歐洲，其更大的車市規模也扮演重要角色。與歐盟相比，2023 年美國銷量要多出 300 多萬輛，更大的規模可以推動電動車的銷量更高，即使電動車的總銷量占比較小。&lt;/p&gt;

&lt;p&gt;此外，美國消費者情緒的轉變可能受到多種因素的影響，包括增加車型可用性、改善充電基礎設施及旨在降低電動車擁有成本的政府獎勵措施。美國在電池生產、充電基礎設施和政策方面進行了大量投資，這似乎使其有能力保持在電動車銷售方面的領先地位。&lt;/p&gt;

&lt;p&gt;不過，市場研究公司 Rho Motion 數據經理 Charles Lester 表示，由於美國將於 11 月 5 日舉行大選，雙方對電動車態度不一，電動車的未來走勢也會有變數。&lt;/p&gt;

&lt;p&gt;歐洲方面，儘管多年來一直對電動車持友善態度，但最近也遇到一些問題，電動車的未來發展前景似乎更加複雜。雖然預計銷量將繼續上升，但經濟和政治壓力，以及來自中國電動車的競爭，正在為該行業大型汽車公司帶來挑戰，從而影響電動車的普及速度。&lt;/p&gt;

&lt;p&gt;據 ACEA 的數據，今年第三季，歐盟電動車的註冊量為 335,034 輛，比去年同期低 5.8%。&lt;/p&gt;

&lt;p&gt;其實，歐洲大部地區的銷量仍在成長。 9 月多個歐洲國家的電動車銷量實現了 30% 以上的年增長，包括比利時、丹麥、義大利和葡萄牙等國。其中，匈牙利、馬爾他、荷蘭和西班牙的增幅更高，較去年同期上漲 50%。德國在今年稍早取消電動車補貼後，銷量年增幅相對較小，僅 8.7%。&lt;/p&gt;

&lt;p&gt;此外，歐盟監管環境也增加了電動車發展的不確定性。歐盟 2035 年禁止銷售燃油車的政策正面臨一些歐洲最大經濟體的抵制，這些經濟體主張採取較溫和的排放標準。如果這些努力獲得支持，歐洲可能會看到電動車成長放緩或更不均衡。&lt;/p&gt;
",1,1,美國車廠在 2024 年第三季創下了 34.4 萬輛電動車的銷售紀錄。該里程碑反映了全球電動車市場的轉變，因為美國加快了電氣化，電動車銷量超過了歐盟。,1,[],,0,0,[],,0,"['電動車', '歐盟', '美國']",0,1730347204,"{'xs': {'src': 'https://cimg.cnyes.cool/prod/news/5758870/xs/249eed9e89a85bfab7cda8ff741cb475.jpg', 'width': 100, 'height': 56}, 's': {'src': 'https://cimg.cnyes.cool/prod/news/5758870/s/249eed9e89a85bfab7cda8ff741cb475.jpg', 'width': 180, 'height': 101}, 'm': {'src': 'https://cimg.cnyes.cool/prod/news/5758870/m/249eed9e89a85bfab7cda8ff741cb475.jpg', 'width': 380, 'height': 214}, 'l': {'src': 'https://cimg.cnyes.cool/prod/news/5758870/l/249eed9e89a85bfab7cda8ff741cb475.jpg', 'width': 640, 'height': 360}, 'xl': {'src': 'https://cimg.cnyes.cool/prod/news/5758870/xl/249eed9e89a85bfab7cda8ff741cb475.jpg', 'width': 960, 'height': 540}, 'xxl': {'src': 'https://cimg.cnyes.cool/prod/news/5758870/xxl/249eed9e89a85bfab7cda8ff741cb475.jpg', 'width': 1080, 'height': 608}}",,831,美股雷達,,[],[],0,0,0,
